"表166-M(103年度)各類所得金額各縣市鄉鎮村里統計表-縣市別：南 投 縣,單位：金額(千元)",1,2,3,4,5,6,7,8,9,10,11,12,13,14,15,16,17,18
鄉鎮市區,村里,納稅單位,合　　計,營利所得,執行業務所得,薪資所得,利息所得,租賃及權利金,財產交易所得,機會中獎所得,股利所得,退職所得,其他所得,稿費所得,申報大於歸戶,薪資淨所得,按薪資淨所得計算之綜合所得,稿費收入
南投市,龍泉里,295,214959,6820,9356,145744,19367,4333,526,243,26731,0,1110,0,729,117476,186692,91
,康壽里,482,421644,8457,15842,285436,35887,4376,919,301,66318,966,1570,0,1571,232418,368626,434
,三民里,268,228415,1764,7410,184418,13875,2137,265,268,15385,530,1772,0,592,152786,196784,147
,仁和里,179,217691,2134,5126,93011,12250,3712,73,85,14534,7587,77923,0,1256,75307,199988,63
,南投里,219,154654,4291,9255,99223,13206,9935,65,149,16642,0,1472,0,415,79263,134693,213
,彰仁里,136,90553,5815,2410,41161,15091,6127,262,41,18420,0,393,0,833,31400,80791,83
,崇文里,304,239450,12754,14377,157372,20726,9417,391,194,21413,0,1181,0,1625,128156,210234,41
,漳興里,846,649516,8710,8459,513095,43072,9036,907,347,60368,215,3873,0,1435,412147,549197,83
,漳和里,2358,1869973,38816,24863,1475294,89031,16879,1323,1345,197134,1506,17835,0,5947,1179099,1574025,650
,軍功里,1390,985038,33728,10686,812661,39747,6956,839,1044,68900,587,8371,299,1220,641229,814401,926
,東山里,103,62738,998,556,54504,2411,900,181,45,2306,0,837,0,0,41572,49806,12
,平和里,1961,1493318,23706,22888,1186930,109446,15275,1407,865,108804,147,12827,218,10804,959619,1266890,1265
,振興里,580,370137,11822,5351,302345,19372,2768,346,323,23252,0,2775,0,1781,234510,302083,129
,千秋里,282,187022,5968,2850,155800,10421,1668,201,204,7725,0,1465,0,719,119960,151182,21
,三興里,1752,1409114,42027,22435,1153884,76804,12153,819,1503,82082,595,8642,126,8042,935936,1191052,1167
,三和里,1048,879529,21401,35535,624278,89106,16015,937,802,79680,1124,5781,52,4819,513987,769239,1268
,嘉興里,571,368499,6596,4241,306055,13816,2263,149,227,29488,1830,3700,0,134,237795,300567,102
,嘉和里,1418,1070925,23871,10334,879802,50527,6683,1475,659,88486,301,6739,0,2047,702505,894047,413
,鳳鳴里,142,90966,2469,1695,71531,4084,1482,0,102,8869,0,352,0,382,54255,73690,33
,鳳山里,279,194377,5513,2258,134868,4758,989,53,606,39090,0,610,0,5632,100933,160741,368
,平山里,1661,1196092,30603,9928,966533,51359,9378,1440,2354,106882,365,15258,0,1991,753706,983367,430
,新興里,1600,1044348,28267,18509,860245,36781,8733,943,948,81153,250,5975,0,2544,654324,838746,395
,永豐里,871,818626,15362,5769,455070,22105,3288,1024,758,309938,200,3737,0,1375,345479,710187,36
,福興里,843,622972,14339,6128,447408,22801,3017,1813,616,121814,89,3207,0,1740,345009,520573,82
,營北里,2265,2363286,36568,37442,1786532,207110,36794,5800,1971,227583,3234,14469,88,5696,1513895,2090679,2985
,營南里,767,629088,8762,8165,511669,31535,5544,1146,530,58224,95,2805,0,611,414899,532317,111
,內新里,412,316479,9258,3981,261915,12410,2126,212,174,24289,0,1680,0,435,209159,263723,54
,內興里,2155,2026953,33094,32283,1615038,132410,11476,3898,1332,173959,519,13706,70,9167,1340702,1752617,2119
,光華里,327,259752,2127,748,152447,56284,2542,89,28,44510,5,793,0,179,126049,233354,17
,光榮里,396,287061,2273,3699,169652,73648,2967,522,107,31100,354,2239,0,502,139490,256900,186
,光明里,406,317662,1928,4420,211512,68009,3838,288,125,24474,0,2343,0,726,176227,282378,347
,光輝里,169,142637,2231,1102,107152,12166,4581,203,105,14425,86,396,0,190,87896,123668,4
,福山里,497,294284,10252,3545,242004,9170,2806,204,547,21364,0,3955,0,437,182943,235223,101
,永興里,156,101983,3030,1953,83244,3145,935,124,136,8811,0,414,0,190,64916,83944,0
,其　他,0,0,0,0,0,0,0,0,0,0,0,0,0,0,0,0,0
,合　計,27138,21619740,465755,353599,16547834,1421930,231131,28842,19086,2224151,20586,230203,854,75769,13305048,18382406,14376
埔里鎮,東門里,681,467625,23711,19251,327095,34120,18038,3586,306,37464,12,2642,74,1327,261870,402400,690
,西門里,765,535967,16955,19176,388663,41941,19765,1088,341,36846,440,6017,1172,3563,311053,458307,2024
,南門里,243,177759,9454,13029,97297,17366,17095,502,141,21549,0,1302,0,23,78645,159106,70
"表166-M(103年度)各類所得金額各縣市鄉鎮村里統計表-縣市別：南 投 縣,單位：金額(千元)",,,,,,,,,,,,,,,,,,
鄉鎮市區,村里,納稅單位,合　　計,營利所得,執行業務所得,薪資所得,利息所得,租賃及權利金,財產交易所得,機會中獎所得,股利所得,退職所得,其他所得,稿費所得,申報大於歸戶,薪資淨所得,按薪資淨所得計算之綜合所得,稿費收入
,北門里,600,410701,10569,6452,328679,30481,8073,916,257,18179,0,4389,0,2707,265146,347168,209
,薰化里,299,209673,10295,9397,140447,15034,8869,1440,158,18044,1031,3941,0,1017,112893,182119,175
,清新里,788,532269,18052,14504,436773,22808,7053,1893,382,23269,45,5841,0,1650,348637,444133,88
,同聲里,500,330083,7981,3961,264094,16641,5597,457,332,25828,16,2144,0,3031,213441,279429,299
,大城里,1419,1014146,23326,13036,820013,51393,17571,1822,1074,73928,17,9051,42,2872,658653,852786,970
,籃城里,177,126341,5107,2265,106296,3943,1128,6,33,3443,0,3164,0,958,87130,107176,21
,枇杷里,1728,1228238,45402,19800,1005140,45275,13121,4909,1608,79113,2234,8752,0,2883,806940,1030038,517
,杷城里,617,448665,15676,7327,352914,23853,5852,340,314,29353,1503,7208,0,4327,283836,379587,396
,水頭里,768,661285,27213,6496,483735,18419,6781,2168,341,110345,0,4327,62,1399,396482,573980,667
,麒麟里,163,112883,959,2003,83848,3499,3691,215,179,17297,133,1059,0,1,66022,95057,18
,珠格里,188,126968,2073,4365,102292,3466,345,19,66,12625,0,1185,0,533,80421,105097,19
,溪南里,208,131738,4756,2345,107477,5539,3782,280,54,6686,0,551,0,268,84953,109215,128
,桃米里,203,145187,3195,5271,111367,6234,2877,78,44,15006,0,668,0,449,89396,123217,531
,南村里,260,176920,10828,1355,139985,5758,3220,73,162,14641,93,764,0,41,110653,147587,218
,愛蘭里,318,265099,7589,4197,225843,14526,1541,244,193,8914,0,1978,0,73,186585,225841,332
,鐵山里,354,246863,8425,2835,201177,12498,1672,1221,218,12784,117,3778,0,2139,157175,202861,27
,房里里,211,131884,3784,3810,109478,4536,529,257,144,6923,0,672,0,1751,84885,107291,7
,向善里,96,90027,4426,980,41642,2708,426,167,27,39340,0,294,0,19,31531,79917,63
,一新里,186,125189,2431,2411,70669,7313,2014,58,25,39399,0,117,0,752,54002,108522,88
,廣成里,183,116258,4628,1663,83365,9709,3157,371,24,11896,0,1184,169,93,65772,98665,458
,史港里,94,72442,4956,1121,51887,3787,1226,34,16,9113,58,245,0,0,41591,62146,13
,福興里,200,133124,7269,3312,82817,7031,2308,559,67,28774,0,846,0,142,65340,115647,87
,牛眠里,480,283775,12653,3837,233526,10883,1613,1107,226,16383,0,1288,218,2040,181627,231876,789
,大湳里,342,252833,6668,1018,215570,11393,3155,761,180,11826,0,1034,0,1228,174717,211980,64
,蜈蚣里,468,301214,13455,5504,239611,14216,5011,596,298,17013,17,5232,169,94,188727,250330,542
,成功里,52,38301,129,1881,27365,1397,1419,0,187,5759,0,164,0,0,21748,32684,0
,合成里,202,117444,4256,1030,94041,3952,1809,139,264,9447,0,2486,0,19,74266,97668,13
,北安里,899,652014,24229,13354,506901,45031,8477,964,518,31831,1525,14236,179,4772,408204,553318,1184
,泰安里,565,394081,17878,5733,316416,27210,4329,809,394,16581,351,2664,0,1718,253520,331185,324
,北梅里,758,546481,17128,7411,439408,24821,12905,814,243,39308,280,2338,50,1775,355461,462508,694
,其　他,0,0,0,0,0,0,0,0,0,0,0,0,0,0,0,0,0
,合　計,15015,10603475,375452,210127,8235832,546779,194447,27891,8815,848904,7873,101562,2133,43661,6601325,8968842,11725
草屯鎮,玉峰里,720,519091,11462,10306,405888,32210,7204,1008,503,44618,323,3276,0,2294,326837,440041,137
,炎峰里,729,609255,13777,14995,416108,56423,21635,829,340,72733,1561,5937,4,4912,338477,531623,825
,和平里,417,324156,16097,9195,187347,26122,38659,1416,125,33179,0,6578,28,5411,151601,288410,400
,敦和里,1978,1513985,38292,26528,1133265,81885,21731,1754,1358,193409,678,9921,144,5022,902855,1284231,1366
,山腳里,2520,2322809,72091,32216,1692143,143019,32624,2104,1352,315457,433,16799,683,13889,1382077,2013150,3070
,富寮里,1839,1442837,44684,23139,1165439,63102,16048,2634,1690,106825,808,13395,353,4720,935080,1212479,1809
,御史里,1711,1253306,36640,22299,1000454,58419,12402,2473,1402,108398,373,8576,47,1822,794140,1046992,828
"表166-M(103年度)各類所得金額各縣市鄉鎮村里統計表-縣市別：南 投 縣,單位：金額(千元)",,,,,,,,,,,,,,,,,,
鄉鎮市區,村里,納稅單位,合　　計,營利所得,執行業務所得,薪資所得,利息所得,租賃及權利金,財產交易所得,機會中獎所得,股利所得,退職所得,其他所得,稿費所得,申報大於歸戶,薪資淨所得,按薪資淨所得計算之綜合所得,稿費收入
,新豐里,1149,781088,23160,6325,622625,30172,9786,1229,763,71272,432,13732,0,1591,485237,643700,216
,明正里,1134,842813,25283,22231,634801,50438,27480,3755,870,62150,140,10280,202,5184,508514,716525,1132
,中正里,208,185613,8969,8411,101784,14124,8588,427,77,40624,0,1503,0,1107,82774,166604,43
,碧峰里,1302,932227,26309,12604,772156,33426,6065,929,1174,63109,636,11231,94,4494,605128,765199,728
,上林里,1008,758078,20820,9943,575982,43723,11848,729,517,82451,434,7704,0,3927,458536,640632,612
,新庄里,996,737701,31703,9939,575663,34166,5613,660,518,65294,803,12385,0,957,456672,618711,445
,北投里,774,617343,11467,5497,426187,17012,2906,203,337,150070,0,3411,0,252,327632,518788,371
,石川里,425,319769,18087,2614,228538,11568,6665,409,459,48564,0,2618,0,246,177780,269011,185
,加老里,729,519079,24094,3523,381254,17909,6146,682,306,79300,0,3756,0,2108,295399,433224,118
,中原里,548,369657,9978,6891,310708,15758,2825,209,458,18961,7,2980,0,880,245293,304241,123
,北勢里,478,285767,9846,2816,245810,9393,1364,342,249,14835,13,892,0,208,189362,229318,165
,南埔里,1101,805981,21752,15111,624904,35137,9495,886,1714,88900,477,6251,0,1354,491686,672763,529
,土城里,396,234487,9163,4018,190268,6727,3153,155,254,16114,0,4198,0,437,144865,189084,61
,坪頂里,197,135006,3559,1855,103506,5244,3104,317,200,16173,0,1037,0,11,80579,112078,0
,雙冬里,417,252460,10864,1007,206348,7583,6087,481,160,16245,289,2590,0,806,158761,204873,189
,復興里,812,637835,15600,4843,461822,26147,5473,309,313,118397,54,4385,0,490,362001,538014,161
,平林里,237,163638,4751,921,123345,7014,3623,244,93,22044,0,594,0,1009,96609,136951,129
,碧洲里,723,532921,10663,7538,437080,22403,6511,904,724,41290,0,4512,123,1172,344366,440522,589
,中山里,774,630919,14298,19725,434221,52281,17271,537,396,84375,9,2992,0,4813,351374,548071,195
,新厝里,1008,812465,18063,18253,599341,72632,18125,931,451,71204,81,7565,32,5787,486600,699723,515
,其　他,0,0,0,0,0,0,0,0,0,0,0,0,0,0,0,0,0
,合　計,24330,18540287,551472,302746,14056989,974036,312429,26554,16806,2045991,7552,169097,1709,74906,11180237,15664960,14940
竹山鎮,竹山里,553,413700,14653,23756,296720,29329,7964,715,605,32308,0,5714,0,1937,241972,358952,431
,中正里,169,123456,4704,6182,83585,9685,3400,269,57,14255,70,1127,0,121,67623,107510,207
,中山里,1080,752823,22931,16572,586412,53480,8256,740,450,51625,170,8403,126,3657,469243,635604,839
,雲林里,972,731589,15698,18944,559434,52996,8514,1763,324,63582,1658,4261,6,4408,449379,621551,611
,硘󼍕里,372,248144,5644,3849,206022,11998,2309,504,277,15777,0,1699,0,63,162380,204502,306
,桂林里,844,591045,10640,9549,499197,27117,2626,651,1222,33718,942,3709,471,1201,402732,494546,1186
,下坪里,260,199017,4992,5200,164977,11092,2049,0,97,7078,12,2715,0,804,133331,167370,10
,中和里,214,131968,1512,1444,114272,4763,881,53,87,8022,0,789,0,144,88871,106567,3
,中崎里,305,182287,4230,1708,155552,8823,977,137,109,9799,0,934,0,19,119703,146439,143
,德興里,170,109460,4205,3223,81437,4257,2144,306,56,10686,0,3060,0,86,63242,91265,4
,延和里,1296,967496,26625,22116,772948,56445,11087,1026,484,64311,599,8202,192,3462,624278,819108,869
,延正里,316,210755,5499,1952,159894,10922,2253,195,266,25388,0,4124,0,264,125085,175947,242
,延平里,656,429310,17793,6868,334492,19590,4992,1161,214,32547,115,2108,0,9431,259562,354379,136
,延山里,163,123409,2148,1003,104530,8018,1701,45,168,4732,80,551,323,111,85154,104055,776
,山崇里,401,309271,18073,7005,228467,11196,4529,103,141,36506,0,1060,0,2190,180958,261762,491
,社寮里,253,181628,5008,1463,152421,8103,1385,31,188,11065,0,1044,0,920,122684,151892,15
,中央里,254,157209,4737,2855,131439,6429,1165,156,221,9224,0,890,0,94,102008,127786,55
"表166-M(103年度)各類所得金額各縣市鄉鎮村里統計表-縣市別：南 投 縣,單位：金額(千元)",,,,,,,,,,,,,,,,,,
鄉鎮市區,村里,納稅單位,合　　計,營利所得,執行業務所得,薪資所得,利息所得,租賃及權利金,財產交易所得,機會中獎所得,股利所得,退職所得,其他所得,稿費所得,申報大於歸戶,薪資淨所得,按薪資淨所得計算之綜合所得,稿費收入
,富州里,135,80994,749,1609,70005,2618,1341,200,93,3893,0,422,0,63,54480,65469,2
,大鞍里,39,20922,1037,1083,13846,521,473,73,5,3754,0,121,0,11,10175,17252,7
,田子里,80,50127,908,378,43176,2381,130,0,283,2568,0,175,0,128,34265,41216,0
,福興里,77,48950,377,678,42902,2631,25,0,13,1697,0,545,0,84,33437,39485,0
,鯉魚里,129,69583,4775,1861,50569,2442,1243,228,29,7911,0,432,0,94,37396,56411,5
,坪頂里,62,40927,2355,61,32693,2170,17,0,39,3473,0,118,0,0,26147,34380,3
,瑞竹里,99,57153,1284,348,43496,5046,1131,0,31,5383,53,210,0,171,33789,47447,8
,桶頭里,118,64451,5176,395,46691,1738,570,677,85,8324,0,526,0,269,35047,52807,3
,秀林里,116,69785,2597,891,55139,5293,1017,381,11,3277,0,953,9,217,43244,57881,193
,延祥里,881,551587,16188,8538,459915,24118,4572,370,356,27618,625,2841,138,6307,359495,451041,639
,竹圍里,590,412414,6814,8110,326011,31402,3546,229,190,28806,359,4000,0,2948,258184,344586,67
,其　他,0,0,0,0,0,0,0,0,0,0,0,0,0,0,0,0,0
,合　計,10604,7329461,211352,157640,5816240,414606,80297,10012,6099,527326,4684,60733,1266,39207,4623864,6137211,7250
集集鎮,集集里,274,206696,7108,2440,166371,9483,1901,176,460,17726,6,937,0,87,134281,174605,170
,和平里,230,168182,4048,4448,129710,9055,2532,209,80,16473,0,1489,0,139,102497,140970,22
,林尾里,113,100940,5688,923,77924,6466,2441,0,41,6454,0,990,0,13,64055,87071,0
,田寮里,318,232426,4489,520,206049,6120,1228,95,67,12840,78,758,0,182,164409,190786,132
,隘寮里,113,72708,1046,675,59232,4559,544,21,33,6249,127,207,0,14,45750,59226,0
,玉映里,120,79944,1533,1382,65103,5414,3631,44,89,2618,0,128,0,3,51637,66478,18
,吳厝里,220,136462,3825,2133,107413,9727,3107,82,54,6717,0,821,0,2583,84076,113125,114
,八張里,340,234206,4421,1196,188125,9557,1913,1129,354,26656,0,696,0,158,148583,194663,220
,永昌里,218,190151,4802,675,152159,7068,1376,854,85,20738,0,1452,0,942,125715,163707,115
,富山里,108,61531,1888,738,49227,1857,816,48,61,6559,0,279,0,57,37575,49878,1
,廣明里,195,143902,2361,550,119991,5886,256,483,84,12331,0,628,0,1332,96067,119978,132
,其　他,0,0,0,0,0,0,0,0,0,0,0,0,0,0,0,0,0
,合　計,2249,1627147,41209,15680,1321304,75191,19746,3143,1407,135362,211,8385,0,5509,1054644,1360488,922
名間鄉,南雅村,282,180846,3603,6767,148591,9417,4023,301,93,7174,0,735,0,143,117474,149730,82
,中正村,906,614811,11626,9592,514673,28418,11128,925,533,32857,1,3539,101,1418,406059,506198,721
,中山村,558,371817,10515,7131,279836,15723,4852,699,276,47052,55,3058,0,2621,217466,309448,32
,濁水村,363,243744,5213,1506,206571,11738,1385,156,282,12969,0,2699,0,1223,162802,199986,69
,炭寮村,206,147433,3141,2275,103236,6492,206,107,90,30475,0,879,0,532,80577,124773,206
,新民村,209,120789,4771,955,104018,3892,1261,207,74,4555,0,680,0,376,79783,96934,13
,新街村,1189,758636,14162,11211,644074,28765,4130,484,897,46998,67,6015,0,1832,495704,613149,345
,東湖村,438,285023,7832,3566,239549,12439,4275,1478,471,11776,0,2524,0,1112,183665,229139,22
,仁和村,186,101882,1800,1657,88234,4763,1875,186,16,2697,0,482,0,173,64686,78334,22
,萬丹村,224,142494,4317,2637,108656,6365,1384,85,191,17935,17,488,204,215,81151,114990,472
,田仔村,301,203225,7965,6845,157950,9248,1494,292,138,11981,0,7109,0,204,120633,166697,25
,新光村,423,300420,3533,2677,254045,9982,1437,321,1918,23691,0,2802,0,14,202215,248590,78
,大庄村,387,267170,6934,4594,219057,16984,1179,52,430,15276,478,1280,0,905,171574,219687,171
"表166-M(103年度)各類所得金額各縣市鄉鎮村里統計表-縣市別：南 投 縣,單位：金額(千元)",,,,,,,,,,,,,,,,,,
鄉鎮市區,村里,納稅單位,合　　計,營利所得,執行業務所得,薪資所得,利息所得,租賃及權利金,財產交易所得,機會中獎所得,股利所得,退職所得,其他所得,稿費所得,申報大於歸戶,薪資淨所得,按薪資淨所得計算之綜合所得,稿費收入
,󿾴下村,160,113015,435,985,96685,4268,530,1,141,8960,0,940,0,69,76576,92906,17
,大坑村,160,105666,3587,403,85414,4287,925,1,58,10423,0,563,0,7,66325,86578,48
,竹圍村,176,110722,3095,1650,95131,4645,484,25,100,4727,0,506,0,360,74494,90085,7
,赤水村,216,146663,2417,1606,121286,5246,646,419,214,13689,0,1136,0,4,95623,120999,47
,三崙村,304,223399,7122,4022,165197,9795,3031,65,103,20780,6009,7037,0,237,130941,189142,34
,松山村,354,229721,12786,6401,173191,9456,4476,113,189,21342,0,1714,0,54,136767,193297,52
,松柏村,215,134886,2554,1420,111337,4949,2192,108,80,11254,0,990,0,2,87809,111358,5
,埔中村,195,115951,7915,869,93567,3480,227,0,146,8933,0,815,0,0,70575,92959,246
,崁腳村,209,134312,2476,1524,109399,11076,1182,0,189,7320,309,715,0,122,85817,110730,73
,新厝村,181,116089,2308,782,97766,5873,686,55,53,7674,0,889,0,3,77852,96175,17
,其　他,0,0,0,0,0,0,0,0,0,0,0,0,0,0,0,0,0
,合　計,7842,5168714,130106,81074,4217464,227299,53006,6082,6682,380538,6935,47594,305,11627,3286570,4241883,2806
鹿谷鄉,鹿谷村,403,295347,6115,6232,219252,22076,4529,467,246,34414,0,1230,0,786,175819,251914,331
,初鄉村,311,209335,3685,4732,164784,9780,2217,117,265,20137,712,1075,0,1832,131130,175682,22
,彰雅村,267,203114,2815,1683,153556,12781,3666,148,119,25088,0,448,0,2810,124349,173907,38
,廣興村,445,334573,9363,6884,274313,14091,3106,136,200,23896,222,1941,0,419,221659,281918,167
,內湖村,191,117009,6749,1427,85672,4365,1462,252,98,14814,0,1412,0,758,65822,97158,12
,竹林村,246,180976,4468,1204,154976,6448,818,187,137,10599,26,1224,0,887,124759,150759,17
,竹豐村,145,90914,943,1966,76283,4014,336,32,42,5932,0,1047,0,320,58809,73441,164
,和雅村,102,66840,1723,1178,54527,2790,890,113,21,5169,0,269,0,160,42087,54434,111
,鳳凰村,297,222975,5881,4734,166779,8677,4590,761,149,29478,0,827,124,976,131287,187483,390
,永隆村,331,244523,2597,2403,215027,10696,1940,364,121,9876,0,1090,0,408,172575,202485,137
,秀峰村,158,115562,2114,1849,87904,5939,419,142,27,16314,162,690,0,2,68178,95836,34
,清水村,137,82126,3125,1228,67349,4462,606,163,171,4447,0,515,0,61,51256,66033,27
,瑞田村,114,95167,1537,1248,73782,2488,3306,801,31,11475,0,467,0,32,59606,80991,115
,其　他,0,0,0,0,0,0,0,0,0,0,0,0,0,0,0,0,0
,合　計,3147,2258462,51114,36767,1794203,108609,27886,3684,1627,211639,1122,12235,124,9452,1427335,1892042,1565
中寮鄉,廣興村,162,98818,4719,1794,78977,4627,1829,219,108,4863,23,1178,0,483,60526,80368,12
,崁頂村,88,56520,407,1046,50271,1688,1066,183,20,1288,0,527,0,22,39489,45737,22
,和興村,106,69671,1039,1937,50846,3513,4148,27,70,7616,0,395,0,80,38311,57135,0
,八仙村,168,102240,2208,221,82502,4041,706,185,66,11532,16,517,0,246,62704,82780,110
,福盛村,114,70279,960,1936,55179,3520,1188,0,55,6123,0,1318,0,0,42460,57560,0
,永平村,443,287374,19445,9710,221894,14068,2010,404,555,15984,19,2435,0,849,170179,235659,219
,復興村,67,39665,996,25,31429,1377,370,0,2,5355,0,111,0,0,24564,32799,180
,中寮村,156,100052,663,1939,85558,4374,112,131,114,6479,0,683,0,0,66500,80995,7
,廣福村,102,68997,1457,228,55612,3448,506,193,55,5429,1650,379,0,41,43027,56412,2
,永福村,309,220575,4341,1310,182321,10117,1515,279,212,19081,0,1066,95,239,143618,181861,492
,義和村,237,126946,3488,859,108707,3604,81,0,65,3793,0,4546,0,1804,79845,98518,10
,清水村,140,86011,6096,5409,66296,4057,511,182,29,3215,0,218,0,0,50533,70249,11
"表166-M(103年度)各類所得金額各縣市鄉鎮村里統計表-縣市別：南 投 縣,單位：金額(千元)",,,,,,,,,,,,,,,,,,
鄉鎮市區,村里,納稅單位,合　　計,營利所得,執行業務所得,薪資所得,利息所得,租賃及權利金,財產交易所得,機會中獎所得,股利所得,退職所得,其他所得,稿費所得,申報大於歸戶,薪資淨所得,按薪資淨所得計算之綜合所得,稿費收入
,龍安村,146,96678,2409,4599,72593,4159,84,36,5,12281,0,474,0,38,54791,78876,4
,龍岩村,160,94155,3464,537,80735,2228,1070,43,55,5199,0,642,141,41,61177,74944,389
,永和村,111,64029,1986,271,52239,2587,600,11,11,5779,169,223,0,153,40155,51945,5
,內城村,93,63025,4647,821,41862,2185,1125,35,45,12065,0,239,0,0,31481,52644,4
,爽文村,104,54883,2306,102,45978,1833,137,0,15,3301,0,1211,0,0,33625,42530,1
,永芳村,89,43618,811,107,37949,1814,12,0,11,1906,20,364,0,624,27805,33473,0
,其　他,0,0,0,0,0,0,0,0,0,0,0,0,0,0,0,0,0
,合　計,2795,1743536,61442,32851,1400947,73239,17069,1928,1492,131290,1896,16524,236,4622,1070789,1414487,1468
魚池鄉,東池村,324,206682,3596,1373,165580,11187,2355,339,73,19614,152,1908,0,506,129262,170364,16
,魚池村,468,327715,12099,12404,258105,12804,5450,2034,187,17768,47,2683,336,3798,204014,273498,896
,中明村,175,102587,5647,2150,78782,4034,2157,625,24,8366,0,772,0,32,58503,82308,34
,新城村,249,180376,2754,2170,135954,6041,1207,192,103,28559,0,1021,0,2375,104646,149069,32
,大林村,194,105080,5706,1414,84867,4730,665,0,61,6762,0,471,0,403,64278,84491,13
,大雁村,124,94469,1217,974,72952,4454,2662,1024,29,10868,0,262,0,25,57545,79062,91
,五城村,152,88624,2723,874,76780,2705,1195,11,28,4105,0,203,0,0,58232,70076,134
,東光村,167,104988,4068,2216,78471,3880,1321,149,63,10729,0,3503,0,589,59804,86321,6
,共和村,146,117228,2695,1324,85770,2409,1017,233,60,22403,129,756,0,432,69574,101032,28
,水社村,183,128741,14850,6321,83152,7444,4634,85,20,11579,0,451,0,205,65190,110778,209
,頭社村,162,106778,4172,1222,90658,3733,236,154,7,5402,0,699,8,487,70250,86369,207
,武登村,106,95378,2938,1186,55951,1559,280,95,10,32130,0,1229,0,1,44220,83648,169
,日月村,141,142924,37111,761,53695,4309,2067,76,84,42696,0,1479,0,647,41530,130759,238
,其　他,0,0,0,0,0,0,0,0,0,0,0,0,0,0,0,0,0
,合　計,2591,1801571,99576,34389,1320715,69289,25245,5016,748,220982,328,15438,345,9500,1027046,1507775,2073
國姓鄉,國姓村,311,226220,8425,2985,156198,14037,3299,193,151,37780,0,1608,0,1544,121567,191589,5
,石門村,340,221927,13989,5054,169647,7813,1871,435,304,20482,0,1817,22,495,132928,185209,411
,大旗村,89,56337,929,425,49102,1537,835,15,87,2809,0,592,0,5,38214,45448,20
,北港村,306,201446,6472,3344,153227,7493,4162,1570,130,22091,4,2395,0,560,118574,166793,58
,長流村,245,136628,9783,433,107568,4196,2297,0,42,9547,0,1042,0,1721,80510,109570,68
,福龜村,335,196895,7596,3010,154268,15023,3491,714,157,9087,0,1632,0,1919,116747,159375,36
,乾溝村,153,93706,1826,887,81556,2342,817,92,81,5139,452,483,0,31,63348,75498,2
,柑林村,194,100662,1936,1097,87024,2759,861,95,121,6415,75,270,0,10,66600,80238,7
,南港村,270,156530,6011,2582,124088,4937,2146,233,96,12920,0,1554,0,1963,92682,125081,2
,北山村,214,124314,4002,2285,104855,2769,992,197,160,7889,0,1163,0,2,82386,101838,4
,大石村,110,66554,4608,1926,51653,1891,230,49,41,5625,0,501,30,0,39411,54310,223
,長福村,111,51793,1483,394,41472,1475,1010,204,9,5537,0,208,0,0,30750,41071,0
,長豐村,92,55059,3109,960,43417,606,326,18,27,6349,0,248,0,0,32633,44275,61
,其　他,0,0,0,0,0,0,0,0,0,0,0,0,0,0,0,0,0
,合　計,2770,1688072,70169,25381,1324074,66879,22338,3813,1405,151669,531,13512,52,8250,1016349,1380295,897
水里鄉,水里村,178,96360,2963,1145,80834,3577,1018,106,179,5972,0,193,0,372,61807,77334,92
"表166-M(103年度)各類所得金額各縣市鄉鎮村里統計表-縣市別：南 投 縣,單位：金額(千元)",,,,,,,,,,,,,,,,,,
鄉鎮市區,村里,納稅單位,合　　計,營利所得,執行業務所得,薪資所得,利息所得,租賃及權利金,財產交易所得,機會中獎所得,股利所得,退職所得,其他所得,稿費所得,申報大於歸戶,薪資淨所得,按薪資淨所得計算之綜合所得,稿費收入
,農富村,139,77709,3006,3849,56276,4055,2372,5,251,6441,0,548,0,906,44701,66135,199
,新城村,358,218155,12616,3375,164864,8415,1187,161,97,25449,0,1584,0,407,126258,179549,267
,中央村,140,76558,2891,4174,51172,7108,2108,43,19,8143,0,523,0,378,40208,65595,117
,城中村,190,126998,2780,4164,93173,6686,546,86,72,18431,0,879,0,180,74073,107898,148
,北埔村,260,176777,6765,3202,139299,8490,4965,154,100,12196,0,816,0,790,111275,148753,162
,鉅工村,281,233254,5631,2995,194531,13340,1060,167,425,10574,0,4237,0,295,162652,201375,45
,永豐村,342,196310,6865,4701,160844,6633,2525,21,184,12330,0,2124,0,83,123564,159355,14
,頂崁村,262,161124,12161,955,127855,6918,1585,1559,342,8564,0,597,13,576,100324,133593,322
,車埕村,93,54960,1717,605,43993,1935,2745,0,21,2559,0,1140,0,245,33600,44567,1
,新興村,110,59716,2191,364,48996,1621,490,233,72,5565,0,183,0,0,36708,47428,0
,新山村,36,33040,273,2908,19861,408,0,0,7,9448,0,127,0,7,15620,28798,64
,郡坑村,50,24681,908,1184,18311,1003,123,44,6,3039,0,56,0,8,13023,19392,0
,上安村,187,100188,5482,1328,76772,2613,1039,32,156,12194,0,411,0,162,59288,82705,11
,民和村,130,77812,2517,512,63878,2070,781,0,53,7411,0,431,0,159,48544,62479,0
,永興村,53,26391,130,6,24102,714,27,0,14,1337,0,60,0,0,18747,21036,0
,玉峰村,154,85893,3633,993,69961,3590,379,295,64,5931,0,750,0,296,54007,69938,3
,興隆村,47,24200,472,25,19225,460,1001,0,6,2950,0,61,0,0,13630,18605,0
,南光村,424,292344,19884,5270,224980,17109,3994,114,254,15430,1143,3429,16,722,179614,246979,296
,其　他,1,645,7,0,633,0,0,0,0,6,0,0,0,0,519,531,0
,合　計,3435,2143115,92892,41755,1679558,96746,27946,3020,2322,173972,1143,18148,29,5586,1318163,1782045,1742
信義鄉,明德村,287,199943,4438,5573,166605,7140,1905,425,173,12082,0,955,0,648,132277,165615,162
,地利村,153,87178,606,4277,74436,2326,9,0,33,4627,0,242,0,623,56168,68911,139
,人和村,157,98327,3967,950,87881,1891,432,0,22,2419,0,308,0,457,68573,79018,13
,愛國村,91,64921,898,205,58866,2322,709,0,35,1423,0,450,0,12,47302,53357,7
,自強村,129,81828,1761,443,65612,2719,788,0,63,6380,0,4002,0,61,51427,67643,69
,羅娜村,194,121950,5645,365,111625,2302,402,140,129,836,0,428,0,78,87340,97664,49
,望美村,267,166246,3007,312,157560,1266,73,87,111,3277,0,517,0,35,121894,130579,29
,同富村,182,129589,8500,5033,101286,5835,2082,273,164,5022,0,717,0,677,81918,110221,3
,神木村,77,48622,1638,81,32380,1025,1611,40,7,11598,0,77,0,165,24717,40959,0
,東埔村,155,97562,4894,979,86937,968,472,0,51,2889,0,371,0,1,67594,78219,41
,潭南村,66,29869,198,1160,27180,466,606,0,0,56,0,203,0,0,20065,22755,0
,雙龍村,78,39798,193,2088,36652,387,0,0,0,24,0,453,0,0,26655,29802,1
,新鄉村,84,52012,1297,191,49786,441,0,9,11,176,0,99,0,2,39419,41645,1
,豐丘村,91,53591,115,234,46678,1953,120,0,18,3986,0,487,0,0,36238,43152,4
,其　他,0,0,0,0,0,0,0,0,0,0,0,0,0,0,0,0,0
,合　計,2011,1271435,37155,21892,1103483,31041,9208,973,817,54795,0,9311,0,2760,861588,1029540,517
仁愛鄉,大同村,340,246900,30479,12738,157394,10528,13918,1912,191,17192,156,697,27,1666,122823,212317,309
,春陽村,142,82796,1442,317,77836,807,1091,127,79,919,0,178,0,0,59455,64415,0
,合作村,60,34481,93,1854,31862,477,50,0,33,0,0,96,0,15,23286,25905,14
"表166-M(103年度)各類所得金額各縣市鄉鎮村里統計表-縣市別：南 投 縣,單位：金額(千元)",,,,,,,,,,,,,,,,,,
鄉鎮市區,村里,納稅單位,合　　計,營利所得,執行業務所得,薪資所得,利息所得,租賃及權利金,財產交易所得,機會中獎所得,股利所得,退職所得,其他所得,稿費所得,申報大於歸戶,薪資淨所得,按薪資淨所得計算之綜合所得,稿費收入
,發祥村,95,56710,73,1519,53261,279,74,0,16,1223,0,265,0,0,41230,44679,4
,力行村,60,48982,77,116,45788,1665,30,436,26,22,0,817,0,5,37787,40981,1
,法治村,76,46253,1775,158,41574,899,205,0,34,1495,0,112,0,0,32326,37004,7
,親愛村,204,144523,3033,627,136468,2098,920,111,68,509,14,613,0,61,108621,116676,56
,中正村,129,77073,292,1298,74053,1000,119,24,22,157,0,91,0,17,56725,59745,26
,互助村,193,150459,573,546,142948,4602,323,13,59,466,0,420,0,508,116132,123642,10
,新生村,101,65160,972,1450,59043,2017,512,234,14,614,0,302,0,1,45068,51185,0
,萬豐村,71,48026,2027,1080,42330,497,0,0,5,2040,0,47,0,0,33130,38826,15
,精英村,106,61951,6534,368,47415,1384,1393,126,2,2705,0,980,78,966,36143,50679,310
,南豐村,207,129811,857,513,112219,2541,1889,112,92,10095,0,1127,54,312,87322,104914,275
,榮興村,13,8314,227,3,6182,385,134,0,1,1349,0,34,0,0,5030,7161,0
,翠華村,32,17824,754,158,16487,168,31,0,0,193,0,34,0,0,12780,14117,16
,都達村,58,36662,2362,97,33546,296,120,13,15,77,0,137,0,0,25518,28635,3
,其　他,0,0,0,0,0,0,0,0,0,0,0,0,0,0,0,0,0
,合　計,1887,1255925,51573,22842,1078407,29644,20809,3108,658,39054,171,5948,160,3551,843377,1020883,1048
其　他,其　他,23,23506,73,400,17289,1377,769,107,1,2872,0,35,0,583,15171,21387,0
,合　計,23,23506,73,400,17289,1377,769,107,1,2872,0,35,0,583,15171,21387,0
