"表166-Q(103年度)各類所得金額各縣市鄉鎮村里統計表-縣市別：嘉 義 縣,單位：金額(千元)",1,2,3,4,5,6,7,8,9,10,11,12,13,14,15,16,17,18
鄉鎮市區,村里,納稅單位,合　　計,營利所得,執行業務所得,薪資所得,利息所得,租賃及權利金,財產交易所得,機會中獎所得,股利所得,退職所得,其他所得,稿費所得,申報大於歸戶,薪資淨所得,按薪資淨所得計算之綜合所得,稿費收入
朴子市,安福里,503,390729,5886,11888,311725,31934,2809,254,493,22956,174,2046,0,564,253679,332683,172
,平和里,662,578117,10717,41616,393406,59890,8084,306,534,57562,966,4005,0,1032,321486,506221,290
,內厝里,253,188912,4462,3246,153763,12714,875,112,170,11883,0,1631,0,56,125135,160284,6
,開元里,124,88187,1128,2431,62988,9771,2303,0,97,7675,939,756,64,34,51296,76494,279
,順天里,158,122506,3356,3717,90942,13101,1348,331,140,7439,237,1781,0,116,74547,106112,101
,中正里,195,142093,6782,4269,95004,7940,4415,117,77,17120,233,3279,0,2857,77626,124716,18
,博厚里,183,147332,4112,2044,113753,12330,460,150,53,13470,0,892,0,66,92958,126536,16
,文化里,517,407371,4990,11110,293908,40870,12061,877,278,38660,13,3236,0,1369,240497,353960,183
,永和里,594,400082,8216,7999,329144,25033,3231,307,199,21553,0,2687,0,1713,262381,333319,86
,竹圍里,1263,1026691,25647,28847,788394,69647,12577,589,1591,87995,275,10075,0,1054,647433,885731,318
,新寮里,135,79241,2254,978,64453,2258,365,0,195,7844,0,759,0,134,49763,64551,13
,双溪里,114,77605,4240,2137,52762,4359,896,2,8,12721,0,333,0,148,41480,66322,53
,溪口里,146,94031,6012,703,75439,3169,1393,109,111,4919,0,430,0,1746,58765,77357,8
,德興里,231,161163,2713,272,140700,5298,591,27,51,9939,0,1391,0,180,111221,131684,65
,仁和里,643,939093,4739,12367,744788,22101,10178,2748,123,135903,0,5168,303,674,660115,854413,1589
,大鄉里,785,591513,21259,14107,485914,26446,5679,404,421,31967,274,4957,0,86,390740,496340,454
,大葛里,727,689964,11169,9287,579219,23517,7761,3658,403,48959,34,5057,42,857,483981,594684,535
,佳禾里,134,78517,1425,73,68988,1693,723,93,80,5166,0,276,0,0,53031,62560,19
,竹村里,230,148575,7944,418,111052,7150,966,292,46,17783,116,2648,0,161,84931,122455,17
,崁前里,149,84561,1843,2550,63770,4243,1603,86,43,8210,0,2059,0,155,48754,69545,3
,崁後里,123,74614,2939,577,59546,2650,676,171,59,7325,132,539,0,0,46001,61070,3
,順安里,42,20276,1079,89,16407,720,449,109,513,847,0,64,0,0,12048,15918,11
,德家里,132,75656,3427,2151,62055,2966,94,244,54,3537,0,861,0,268,47132,60733,4
,新庄里,142,87548,4361,1284,68116,3788,265,0,169,8391,0,1165,0,10,51196,70629,20
,松華里,202,140824,3943,575,96015,11805,3733,106,105,23603,0,920,0,19,75058,119867,6
,梅華里,166,109471,9492,864,80792,8078,1166,269,53,7699,0,1058,0,1,62627,91307,10
,南竹里,87,59841,805,56,49346,2445,226,59,20,6506,0,378,0,0,39841,50335,0
,其　他,0,0,0,0,0,0,0,0,0,0,0,0,0,0,0,0,0
,合　計,8640,7004514,164942,165655,5452388,415914,84926,11418,6085,627631,3393,58451,410,13301,4463721,6015822,4279
布袋鎮,岱江里,102,62001,2404,947,52770,2901,30,34,25,2037,0,851,0,0,41694,50925,2
,九龍里,78,51083,700,1404,44116,2143,705,0,26,1499,0,490,0,0,35949,42916,16
,岑海里,389,277884,6008,847,248152,8032,798,324,258,10698,0,2759,0,8,200558,230291,50
,興中里,243,155303,4922,2680,123568,10170,1871,92,148,10469,40,1112,0,232,98421,130156,45
,光復里,364,269350,2623,3009,222926,15489,1904,878,146,18222,216,3597,0,341,182150,228574,198
,見龍里,189,122794,3003,284,109758,3226,812,51,65,4507,37,1053,0,0,86781,99818,20
,新厝里,179,125530,2792,10,106727,6484,293,0,176,6885,0,2165,0,0,85766,104569,2
,龍江里,173,124297,1373,427,102704,6457,3155,1173,61,8495,0,452,0,0,82130,103723,133
,東港里,454,326143,4544,2572,273498,13347,1570,151,278,27124,0,2905,0,155,219792,272437,164
,永安里,249,160198,4153,2155,131607,6071,561,24,116,14577,0,924,0,9,103908,132499,12
"表166-Q(103年度)各類所得金額各縣市鄉鎮村里統計表-縣市別：嘉 義 縣,單位：金額(千元)",,,,,,,,,,,,,,,,,,
鄉鎮市區,村里,納稅單位,合　　計,營利所得,執行業務所得,薪資所得,利息所得,租賃及權利金,財產交易所得,機會中獎所得,股利所得,退職所得,其他所得,稿費所得,申報大於歸戶,薪資淨所得,按薪資淨所得計算之綜合所得,稿費收入
,江山里,53,40027,802,6,33630,3450,264,0,16,1733,0,125,0,1,27712,34109,22
,考試里,54,39596,1897,722,28018,2011,35,0,9,6770,0,132,0,0,21669,33247,0
,菜舖里,82,53486,744,319,46240,3117,421,0,17,2146,0,478,0,6,36908,44155,3
,振寮里,147,103971,1727,2632,86010,4168,1002,47,94,7638,0,650,0,3,67873,85834,99
,西安里,193,129938,2110,1526,103054,9834,3075,750,99,6138,1856,1445,0,50,81046,107930,144
,東安里,221,142287,3066,3205,114576,5313,3221,243,84,11555,0,982,0,42,89944,117655,1
,中安里,261,180347,2516,4474,145453,10567,949,83,146,14455,0,1497,0,206,117899,152797,34
,樹林里,87,49932,600,130,37962,3141,647,17,18,6382,0,1033,0,2,28791,40760,132
,貴舍里,102,66947,535,139,59780,3973,203,0,90,1705,32,489,0,0,46624,53790,3
,復興里,462,319647,6394,3539,240579,18406,3587,1128,1323,41683,0,2789,0,217,188395,267463,88
,新民里,218,158330,3132,1091,127058,8339,1360,0,347,15954,82,856,0,111,102276,133548,0
,好美里,195,113022,3696,1631,92283,4443,509,0,99,9025,0,1336,0,0,71300,92039,60
,新岑里,219,134296,2432,4143,114931,4706,813,174,149,5378,0,1446,0,124,90641,110006,3
,其　他,0,0,0,0,0,0,0,0,0,0,0,0,0,0,0,0,0
,合　計,4714,3206409,62174,37891,2645401,155789,27787,5168,3789,235072,2263,29566,0,1508,2108227,2669238,1230
大林鎮,東林里,156,121393,2715,4271,86033,12181,1466,85,108,13901,0,448,0,185,70671,106032,40
,西林里,557,432861,9337,12816,294134,44573,7774,2018,362,56801,72,4590,0,382,237324,376613,129
,吉林里,265,192745,3404,4508,154895,14912,2004,203,66,11059,80,1233,0,382,125418,163768,110
,平林里,1554,1298884,28040,25566,1064854,62121,12192,1215,1582,88616,2314,10837,612,934,870285,1104609,2428
,明華里,232,176574,9236,3159,132627,7369,1832,187,43,16035,0,6031,0,55,104404,148351,109
,明和里,405,310845,8318,3954,263546,9397,2685,45,171,19564,0,3154,0,11,212232,259530,319
,排路里,120,91471,2449,677,73084,3983,382,93,82,10326,41,271,0,83,59044,77432,100
,西結里,131,87469,722,1583,71014,3510,826,0,32,9127,0,523,0,133,56490,72945,5
,湖北里,134,85520,1530,922,76251,2919,201,23,64,3361,0,246,0,3,61030,70299,7
,大糖里,49,28448,79,90,22495,3641,312,0,8,1650,0,174,0,0,17899,23852,0
,大美里,307,199625,6679,2706,170011,8842,1566,159,168,7763,0,1597,0,132,133250,162864,27
,過溪里,269,191261,3923,1465,155568,10101,3193,1505,82,14036,0,1373,0,16,124319,160013,33
,中坑里,215,151642,3406,2388,116616,7114,592,230,130,18984,7,1963,0,210,91982,127007,135
,上林里,141,93095,3830,571,74196,2708,931,77,22,9798,0,610,0,352,56940,75840,8
,中林里,334,259405,7025,1131,210337,10672,2411,101,181,24693,116,2280,0,458,169138,218206,341
,三和里,452,297871,6440,4525,246632,10951,2089,1536,265,19774,0,4556,0,1104,192537,243776,158
,溝背里,189,132281,9366,429,102438,6303,1153,49,75,9648,75,2713,0,33,80170,110013,121
,義和里,128,90319,4152,1499,75891,2826,265,56,97,3702,37,692,0,1104,60320,74749,1
,內林里,131,97526,2366,464,71044,5602,773,0,87,16935,0,254,0,0,56665,83146,54
,三角里,140,103298,1993,4466,83455,3560,380,10,68,8518,0,848,0,0,65173,85016,39
,三村里,176,129544,4044,1462,96835,4942,1239,154,136,15982,309,4005,0,437,76799,109507,3
,其　他,2,2629,47,0,2241,5,0,0,0,336,0,0,0,0,2025,2413,0
,合　計,6087,4574708,119100,78654,3644198,238233,44266,7745,3833,380609,3051,48394,612,6012,2924115,3855982,4168
民雄鄉,東榮村,652,569557,11815,18127,410986,40218,13620,3302,248,61286,1092,7119,1,1743,338421,496991,1013
"表166-Q(103年度)各類所得金額各縣市鄉鎮村里統計表-縣市別：嘉 義 縣,單位：金額(千元)",,,,,,,,,,,,,,,,,,
鄉鎮市區,村里,納稅單位,合　　計,營利所得,執行業務所得,薪資所得,利息所得,租賃及權利金,財產交易所得,機會中獎所得,股利所得,退職所得,其他所得,稿費所得,申報大於歸戶,薪資淨所得,按薪資淨所得計算之綜合所得,稿費收入
,中樂村,468,390397,12392,13553,256073,43486,8950,1142,300,52215,56,2018,55,157,208541,342866,541
,西安村,933,809601,26654,24146,599604,50032,13942,1320,634,84312,58,7507,933,459,493440,703193,2801
,寮頂村,536,391445,11285,5641,314102,16871,2550,242,287,36400,368,3286,0,414,250720,328064,325
,福權村,402,316166,15887,748,252644,12798,1110,321,458,28033,502,2893,0,773,201070,264592,127
,東湖村,405,272491,8199,2865,226269,10583,2153,1384,579,17800,17,2294,0,348,176619,222841,23
,豐收村,532,418901,9366,5370,338811,17225,9771,928,273,32575,800,2707,135,942,272678,352764,1309
,頂崙村,348,256077,5616,3182,220690,12003,2343,88,156,10611,36,1018,0,333,177014,212400,588
,鎮北村,244,185714,2764,503,168013,3987,299,171,104,8870,0,1001,0,4,137094,154795,303
,三興村,343,450889,2589,4538,375728,20683,4726,1003,285,37728,250,2374,924,59,330113,405161,5510
,東興村,91,74009,5435,4739,56880,3288,164,54,46,2459,0,933,0,11,46308,63437,2
,菁埔村,375,254353,4257,2972,208089,11616,5961,136,200,15510,0,5211,0,402,161752,208016,37
,中和村,232,173614,4733,360,147825,8167,804,166,88,8418,103,2949,0,0,119106,144895,15
,西昌村,179,119399,1996,694,97769,3499,2042,19,98,12533,0,717,0,31,76179,97809,41
,平和村,189,141080,5580,1744,115674,4669,1087,38,166,8023,0,3170,0,929,90644,116050,4
,中央村,305,216020,6559,2062,170854,9269,1148,588,669,22680,127,1533,0,532,134860,180026,138
,興中村,470,324940,16936,2980,249027,16478,4122,163,314,31812,0,3109,0,0,194871,270784,155
,興南村,713,469120,13769,6284,370009,18291,4193,583,353,51517,0,3676,0,445,287021,386132,99
,文隆村,620,532106,14582,10562,389897,22935,10234,169,330,77555,110,5317,0,415,312109,454318,455
,山中村,860,611329,12409,12257,519819,22420,4534,3078,440,28610,0,7427,0,333,410727,502237,236
,福興村,493,321164,15655,2328,258025,10003,4625,295,282,25259,645,4003,42,0,198634,261773,323
,松山村,349,227602,10485,1104,192260,7079,1692,266,144,13083,141,1081,6,261,150260,185602,308
,雙福村,692,580622,8095,5603,487723,20757,2950,243,405,48898,51,5791,34,73,391450,484349,872
,北斗村,1310,942945,32738,10653,777052,24706,5144,3417,1123,79706,0,8303,0,103,608540,774433,447
,秀林村,585,405604,13046,4408,319923,10630,2863,525,446,50077,4,3528,0,154,249349,335471,53
,大崎村,570,384761,12708,2695,320111,14888,5264,814,295,23783,251,3899,0,52,255168,319817,91
,金興村,702,438772,7136,6246,372919,13966,1666,797,510,32173,255,2936,0,168,288251,354105,228
,福樂村,1764,1373497,29904,22730,1122940,50488,9580,1586,1661,119421,318,13506,56,1306,896194,1146748,918
,其　他,0,0,0,0,0,0,0,0,0,0,0,0,0,0,0,0,0
,合　計,15362,11652175,322593,179096,9339716,501034,127539,22838,10892,1021345,5185,109307,2186,10445,7457133,9769669,16965
溪口鄉,溪東村,290,211506,4341,2845,163636,17263,2469,180,157,18056,0,2326,0,232,131184,179053,46
,溪西村,119,79800,3802,237,54609,8999,617,330,35,9764,0,1408,0,0,42812,68003,0
,溪北村,107,70870,2099,328,61294,2662,519,95,46,1847,0,1979,0,0,49235,58810,12
,柴林村,156,117107,371,1017,92591,4495,729,345,111,16515,47,886,0,0,73062,98071,3
,林腳村,148,95363,3241,996,79557,2912,1779,0,113,5833,47,720,0,167,62093,77899,13
,美南村,221,158699,3805,1679,133429,6194,638,147,320,11364,0,1123,0,0,106505,131775,17
,美北村,180,113517,3814,2336,92821,3575,1097,476,17,7568,31,1539,0,243,71434,92131,2
,本厝村,186,122279,5032,2025,98078,4796,1719,17,229,9368,0,1016,0,0,76793,100994,13
,游東村,172,111151,5357,1601,90442,4304,322,0,109,8311,0,579,0,128,69997,90706,74
,游西村,130,96829,2146,250,76901,3061,410,41,111,13585,12,312,0,0,60458,80387,71
"表166-Q(103年度)各類所得金額各縣市鄉鎮村里統計表-縣市別：嘉 義 縣,單位：金額(千元)",,,,,,,,,,,,,,,,,,
鄉鎮市區,村里,納稅單位,合　　計,營利所得,執行業務所得,薪資所得,利息所得,租賃及權利金,財產交易所得,機會中獎所得,股利所得,退職所得,其他所得,稿費所得,申報大於歸戶,薪資淨所得,按薪資淨所得計算之綜合所得,稿費收入
,柳溝村,268,165892,5416,632,139393,6355,3103,395,123,8191,0,1954,0,330,105748,132247,0
,疊溪村,219,143586,8432,2132,119028,5043,1062,395,192,5130,0,2172,0,0,94106,118665,13
,妙崙村,134,89566,704,88,68744,4407,348,0,95,13485,0,1570,0,125,53006,73829,8
,坪頂村,190,134406,4238,1987,110259,6905,1593,519,116,7001,26,1762,0,0,87487,111634,9
,其　他,0,0,0,0,0,0,0,0,0,0,0,0,0,0,0,0,0
,合　計,2520,1710573,52798,18154,1380782,80970,16406,2939,1774,136018,162,19345,0,1225,1083919,1414203,280
新港鄉,宮前村,563,486977,10318,8046,370903,33498,6815,1323,322,50247,2,5045,29,429,305796,421870,529
,宮後村,375,311542,9958,8056,232321,19753,2541,753,569,31233,0,6151,0,206,190966,270187,139
,大興村,380,280470,8531,9407,209520,19529,2683,490,227,25896,75,4027,0,84,168244,239193,58
,福德村,373,298487,7135,3180,234561,15253,1450,303,290,31323,6,4056,135,796,189551,253477,450
,古民村,233,157829,3695,2226,133756,7156,142,421,125,8438,702,1169,0,0,107099,131172,41
,中庄村,270,181402,5841,3395,146904,9935,581,84,108,11979,0,2575,0,0,117527,152025,17
,大潭村,297,198337,8410,501,164271,6464,1277,373,210,15261,0,1328,0,242,128799,162865,20
,西庄村,158,123416,3123,2558,99811,5241,953,10,72,9967,0,1359,0,322,80575,104181,31
,月眉村,367,274774,12612,1537,222087,12557,1514,595,198,19890,1013,2328,417,27,177650,230212,1056
,月潭村,343,233736,7414,3475,196658,10106,1631,188,211,11617,0,2339,0,96,154775,191852,5
,溪北村,256,177073,6149,2719,149957,4788,1089,66,93,8858,0,1977,0,1377,119312,146428,142
,菜公村,190,146803,3535,679,106374,5242,920,187,43,14696,0,15054,0,71,84191,124620,5
,中洋村,256,171671,3539,1080,149086,6533,1398,46,33,7257,8,2535,0,156,117837,140422,38
,三間村,363,306833,10297,1297,255087,9157,2163,1080,257,24299,23,3140,0,32,208110,259855,0
,安和村,178,108235,2088,4456,89514,3617,241,103,56,6978,0,1138,0,43,70346,89068,62
,潭大村,249,172820,2955,2444,138598,8237,3121,40,117,15215,0,1649,0,442,107950,142172,187
,南港村,234,177381,7151,963,133885,5707,1387,278,46,24782,0,3176,0,6,105359,148855,10
,板頭村,100,70175,4152,278,53752,2586,1838,206,18,7030,0,300,0,16,41873,58296,49
,共和村,161,103385,2632,1307,83832,4552,1370,153,47,7484,23,1984,0,0,66894,86447,53
,埤子村,88,56620,1393,1834,47460,1103,318,19,12,2714,0,1767,0,0,37620,46780,3
,南崙村,130,95673,2461,221,85700,2358,216,141,51,2128,0,967,683,746,69488,79461,1167
,北崙村,74,43520,1497,38,35758,3448,157,181,11,2225,0,206,0,0,27154,34916,3
,海瀛村,78,49813,2579,610,41374,2053,14,267,12,2201,0,705,0,0,32354,40794,0
,其　他,0,0,0,0,0,0,0,0,0,0,0,0,0,0,0,0,0
,合　計,5716,4226971,127467,60309,3381168,198873,33820,7306,3128,341717,1852,64976,1263,5093,2709471,3555148,4062
六腳鄉,蒜東村,173,117795,1258,4972,95642,5046,807,322,34,7871,611,1180,0,53,75618,97772,190
,蒜南村,188,134437,10267,1346,103369,7125,1029,0,47,10052,0,1202,0,0,82531,113598,148
,蒜頭村,314,218815,7288,3044,163349,17791,1314,254,358,23848,134,1289,0,146,130795,186261,125
,工廠村,60,52327,276,15,42848,2582,28,36,13,5201,686,628,0,15,35841,45321,4
,灣南村,225,164591,4516,1680,133582,6561,1114,264,168,15275,0,1081,0,351,107706,138715,11
,灣北村,211,141829,4249,3061,116010,6892,863,364,110,8909,0,1144,172,56,91127,116946,430
,雙涵村,142,100504,2165,325,86776,5760,1867,0,89,2403,0,1119,0,0,69423,83151,25
,塗師村,118,73024,3405,533,53223,4186,264,0,23,10039,22,1329,0,0,39286,59087,0
"表166-Q(103年度)各類所得金額各縣市鄉鎮村里統計表-縣市別：嘉 義 縣,單位：金額(千元)",,,,,,,,,,,,,,,,,,
鄉鎮市區,村里,納稅單位,合　　計,營利所得,執行業務所得,薪資所得,利息所得,租賃及權利金,財產交易所得,機會中獎所得,股利所得,退職所得,其他所得,稿費所得,申報大於歸戶,薪資淨所得,按薪資淨所得計算之綜合所得,稿費收入
,三義村,114,73556,4662,113,57926,2218,827,39,49,7519,0,203,0,0,45225,60855,15
,港美村,160,101553,5741,1168,77520,5617,1190,0,31,9766,0,521,0,0,60356,84389,75
,豐美村,207,137280,7282,563,105533,5356,961,73,113,16303,0,961,0,134,81472,113218,90
,六斗村,190,126181,3212,318,104046,8250,877,335,37,6931,0,2063,0,112,82698,104834,2
,崙陽村,237,169016,2858,1616,141955,8049,553,0,118,10617,385,2015,90,760,113811,140872,336
,蘇厝村,330,218694,9296,485,175416,12580,2075,74,224,16205,5,1546,0,788,140121,183398,69
,竹本村,102,55115,2058,864,41593,4808,278,271,20,4882,0,321,0,20,31900,45422,99
,永賢村,70,46183,1204,210,39088,2926,1147,20,25,1253,0,306,0,4,31543,38638,0
,魚寮村,101,64382,389,69,55369,3269,140,59,36,4720,0,309,0,22,44501,53515,0
,潭墘村,162,113957,5057,2042,91956,4984,530,68,104,8258,0,944,0,14,71853,94247,2
,正義村,251,163624,6225,323,137186,8642,857,20,137,8594,166,1471,0,0,108497,134935,42
,溪厝村,118,69319,607,923,53747,3294,3491,60,62,6033,0,450,0,652,40912,56484,3
,六南村,104,71629,1788,351,56238,6326,1369,110,57,5139,13,228,0,10,44417,59808,6
,六腳村,164,107973,1666,319,90022,8844,839,79,46,5491,0,668,0,0,72434,90385,11
,崩山村,99,67834,726,414,52853,3831,462,0,116,9097,0,336,0,0,41243,56224,36
,古林村,97,84489,3103,94,53712,2441,397,184,58,23567,0,826,0,107,42152,72928,0
,更寮村,100,90463,2456,354,57046,5643,911,0,32,23677,0,347,0,0,45395,78812,34
,其　他,0,0,0,0,0,0,0,0,0,0,0,0,0,0,0,0,0
,合　計,4037,2764572,91753,25202,2186005,153019,24191,2632,2107,251648,2023,22486,262,3243,1730855,2309815,1754
東石鄉,東石村,258,156924,3608,858,138958,6086,321,334,189,5594,0,914,0,63,110411,128377,45
,猿樹村,150,99872,1973,1321,86930,3110,158,84,49,5452,0,759,0,36,70700,83643,18
,󻕯港村,204,122214,5959,2434,99899,5168,2011,771,100,4840,18,692,0,321,77497,99811,6
,型厝村,215,131636,2038,397,107276,4368,1749,4340,166,8542,0,1815,0,944,84020,108380,9
,三家村,212,133892,2818,2431,114906,4972,545,241,283,6654,16,837,0,190,91395,110382,0
,永屯村,124,72688,9378,575,46662,1720,512,0,86,12586,0,561,346,261,34402,60427,677
,海埔村,52,30858,1307,457,22808,1043,974,45,11,4002,0,212,0,0,17702,25753,0
,龍港村,127,88498,1276,1193,77599,2900,780,60,545,3222,0,880,0,42,63393,74292,34
,副瀨村,145,106181,2577,4352,84236,4991,3167,137,51,4994,0,1654,0,23,67785,89731,5
,下揖村,96,49496,3785,699,36823,2157,123,110,75,5611,0,114,0,0,27313,39986,100
,頂揖村,52,36066,3722,4,22864,1133,980,0,7,7087,147,118,0,5,17326,30529,1
,溪下村,134,84857,9637,476,67532,2777,342,243,64,3386,0,330,0,69,51056,68381,18
,港口村,43,22459,1145,10,19513,514,7,27,22,1148,0,74,0,0,15315,18261,0
,鰲鼓村,221,137863,4050,3704,109326,4829,352,37,93,14543,0,777,0,153,84911,113449,25
,港墘村,206,199326,2522,1788,127417,7236,3102,0,132,56251,0,779,0,100,102079,173988,77
,蔦松村,169,111498,6743,1660,84433,8439,660,13,45,8755,0,644,0,106,64218,91283,26
,圍潭村,84,57734,3262,1460,44925,3456,1092,535,11,1902,0,541,0,550,35161,47971,0
,洲仔村,137,85588,6138,238,67500,3986,500,224,55,6490,0,340,0,117,53139,71226,74
,東崙村,135,91108,3653,958,71528,4471,1844,72,125,7958,0,493,6,0,56260,75840,189
,西崙村,218,147180,2657,196,115869,7735,1610,526,87,16787,0,1713,0,0,90240,121551,5
"表166-Q(103年度)各類所得金額各縣市鄉鎮村里統計表-縣市別：嘉 義 縣,單位：金額(千元)",,,,,,,,,,,,,,,,,,
鄉鎮市區,村里,納稅單位,合　　計,營利所得,執行業務所得,薪資所得,利息所得,租賃及權利金,財產交易所得,機會中獎所得,股利所得,退職所得,其他所得,稿費所得,申報大於歸戶,薪資淨所得,按薪資淨所得計算之綜合所得,稿費收入
,󻕯仔村,152,88511,4469,2060,67009,4688,410,139,111,9080,0,542,0,2,50307,71808,3
,網寮村,175,106694,4923,823,86852,3754,1488,152,81,7968,0,654,0,0,66923,86766,43
,掌潭村,120,74656,1447,1060,66772,1753,378,54,50,1804,0,1294,0,43,52408,60291,19
,其　他,0,0,0,0,0,0,0,0,0,0,0,0,0,0,0,0,0
,合　計,3429,2235798,89088,29155,1767635,91285,23105,8144,2437,204655,181,16736,353,3026,1383961,1852124,1375
義竹鄉,岸腳村,147,97746,813,983,82931,5684,316,29,216,4971,17,1559,227,0,65628,80442,513
,義竹村,379,287240,9690,4729,219397,22041,1764,93,203,25533,76,3702,0,10,174910,242752,59
,六桂村,284,193937,3078,5388,148277,14224,1562,351,147,18554,540,1491,0,324,116141,161800,9
,仁里村,218,162817,5709,2503,126548,15500,448,158,137,8790,568,2362,0,95,101693,137962,19
,傳芳村,155,96046,2016,2673,76856,4688,944,60,37,8028,36,578,0,129,59313,78503,2
,頭竹村,260,205973,5774,5760,161649,11210,1309,610,97,17713,0,1827,0,25,129443,173768,19
,五厝村,94,66830,1230,256,56340,894,186,0,205,7185,0,512,0,21,44555,55045,0
,中平村,69,50835,130,774,44280,3625,200,29,12,1574,0,211,0,0,35482,42037,0
,埤前村,146,106676,2194,1704,87518,5457,560,6,91,5884,0,3262,0,0,69664,88822,6
,平溪村,84,58598,1838,368,46618,2882,579,0,754,4990,0,522,0,48,36351,48331,24
,後鎮村,96,53946,477,1823,47173,1917,221,10,23,1946,0,217,0,139,35826,42599,2
,北華村,122,68967,1684,203,55387,4424,593,225,105,5793,20,533,0,0,42526,56106,4
,新店村,270,191266,4599,3166,155751,10786,2619,78,144,11965,109,1643,0,407,124220,159736,2
,東過村,160,97391,2674,389,85061,3363,287,87,55,4764,0,691,0,20,65651,77981,42
,西過村,158,87657,1834,787,65986,3624,709,294,44,12440,151,452,0,1335,50889,72560,4
,官和村,134,85252,1410,144,67500,2479,115,253,45,12499,0,807,0,0,52486,70238,34
,官順村,83,48269,1174,40,42928,1201,0,54,31,2575,0,233,0,34,33195,38536,1
,新富村,113,74270,3317,2442,60247,2959,1274,19,45,3708,0,254,0,4,47026,61048,1
,東光村,156,107864,6051,891,86310,4749,725,196,79,7877,0,940,0,46,67368,88922,44
,東榮村,67,46974,1056,621,35749,2962,149,0,25,6028,0,372,0,13,28315,39540,5
,龍蛟村,104,65404,2875,1012,48186,2542,1103,0,24,9021,0,642,0,0,36557,53775,0
,溪洲村,110,64824,3349,251,48208,6104,1106,506,58,4952,0,291,0,0,36088,52704,0
,其　他,0,0,0,0,0,0,0,0,0,0,0,0,0,0,0,0,0
,合　計,3409,2318783,62972,36907,1848901,133312,16768,3058,2579,186789,1519,23101,227,2650,1453326,1923208,789
鹿草鄉,後寮村,91,67876,2163,237,51147,3602,368,85,105,9778,0,391,0,0,40473,57201,1
,鹿東村,123,88705,3426,34,70999,3892,1455,0,24,7682,0,1133,0,61,55679,73386,157
,鹿草村,295,190040,5631,4804,146930,11894,2270,177,175,16756,121,1128,0,153,115366,158475,44
,西井村,320,230165,11642,4668,182302,12048,4018,71,202,12731,0,2391,0,92,145486,193804,30
,豐稠村,130,89928,2172,1397,77248,3246,919,110,55,4009,0,772,0,0,61341,74021,9
,重寮村,191,126272,3515,1924,104806,4502,897,1914,182,7764,0,768,0,0,83165,104630,320
,施家村,99,66047,696,626,55424,3174,222,81,29,5586,0,209,0,0,42496,53118,3
,下潭村,125,87757,2491,274,71041,3368,401,631,38,8977,0,415,0,122,56165,72881,15
,光潭村,194,133922,5370,1375,112068,6090,1304,527,141,5616,0,1129,0,302,89318,111172,32
,碧潭村,137,91826,2887,523,76585,5535,312,112,388,3750,0,1531,0,203,61169,76410,145
"表166-Q(103年度)各類所得金額各縣市鄉鎮村里統計表-縣市別：嘉 義 縣,單位：金額(千元)",,,,,,,,,,,,,,,,,,
鄉鎮市區,村里,納稅單位,合　　計,營利所得,執行業務所得,薪資所得,利息所得,租賃及權利金,財產交易所得,機會中獎所得,股利所得,退職所得,其他所得,稿費所得,申報大於歸戶,薪資淨所得,按薪資淨所得計算之綜合所得,稿費收入
,松竹村,196,132123,1963,1302,101036,9295,441,115,67,17050,0,670,0,185,78892,109979,128
,竹山村,177,113970,2245,1662,92863,3218,983,70,233,12009,0,688,0,0,71918,93025,38
,後堀村,312,214032,5374,2741,182907,10156,388,0,157,10197,0,2108,0,5,143703,174829,51
,三角村,346,232091,4231,2644,198136,6965,4834,38,236,12237,0,2718,0,53,154937,188892,69
,下麻村,121,77428,1907,91,62422,2780,844,0,27,6961,490,1297,0,610,47793,62799,12
,其　他,0,0,0,0,0,0,0,0,0,0,0,0,0,0,0,0,0
,合　計,2857,1942183,55713,24303,1585914,89763,19654,3930,2060,141102,610,17348,0,1786,1247899,1604624,1053
太保市,太保里,608,524757,24115,7321,420014,17430,4369,663,434,44199,7,3634,0,2570,341005,445749,124
,後庄里,108,73549,4325,1295,54162,4426,265,99,56,8250,466,205,0,0,41346,60733,0
,前潭里,305,228912,5746,2645,167307,7614,1568,84,293,42220,20,1377,0,39,130704,192310,71
,後潭里,375,274555,8580,5173,222332,9724,3518,252,172,23364,95,1314,0,32,176608,228831,238
,春珠里,215,163152,7619,1491,122148,6356,928,262,207,21627,0,2492,0,21,95216,136219,5
,崙頂里,204,155389,4062,834,134200,8143,904,376,79,5620,153,1018,0,0,110325,131513,150
,安仁里,745,764259,15984,18132,622343,36844,6190,4504,481,53479,183,5847,0,272,518962,660879,319
,東勢里,468,514826,5709,9537,442892,16294,2271,2921,238,27954,63,4767,0,2180,379512,451446,559
,新埤里,267,200151,6177,1795,159184,8938,3639,2687,211,16236,60,1215,0,8,126584,167551,32
,舊埤里,544,389049,9408,2982,342951,8299,2033,195,317,17218,0,3587,174,1885,272071,318152,671
,田尾里,148,130085,7836,627,101788,4154,1521,351,80,12874,0,855,0,0,82731,111028,101
,港尾里,113,75680,8993,384,58206,4190,210,32,60,3244,0,357,0,3,45180,62654,1
,過溝里,848,689288,14733,5343,576582,23213,4126,1875,576,56839,197,5560,0,243,465358,578064,58
,麻寮里,1123,891731,24136,11921,759662,25252,7890,1796,725,51060,395,7955,0,939,611815,743884,149
,南新里,408,312766,8709,2208,213811,11770,11892,243,166,58481,0,5097,0,389,166591,265546,126
,北新里,700,518118,17164,1443,435889,16365,5404,632,329,34976,0,5908,0,8,347680,429909,102
,埤鄉里,143,105796,2407,1851,81958,3399,293,0,92,15087,0,709,0,0,64317,88308,8
,梅埔里,215,156243,14427,2879,116814,4669,729,1190,100,14517,0,794,96,29,90786,130119,318
,其　他,0,0,0,0,0,0,0,0,0,0,0,0,0,0,0,0,0
,合　計,7537,6168306,190130,77859,5032240,217082,57751,18164,4616,507245,1639,52692,269,8618,4066791,5202896,3032
水上鄉,水頭村,678,517083,15584,7947,422321,27253,9143,1991,568,26271,48,5722,0,235,339505,434267,140
,水上村,952,692479,11407,7018,575152,34645,6228,1172,557,40891,1944,13285,144,37,458519,575814,935
,大堀村,360,237907,11137,462,190387,8641,1897,15,281,18737,28,6222,0,101,147435,194955,33
,大崙村,471,308219,19098,2002,253303,12051,1748,796,262,16609,19,1911,0,420,196685,251602,40
,塗溝村,187,128104,9503,319,102387,5334,454,0,807,8506,0,793,0,0,79407,105124,16
,粗溪村,377,263001,12055,5865,202708,13934,3569,1004,161,21062,66,2316,0,261,160583,220875,19
,下寮村,501,367701,5873,5255,293575,12103,2332,398,176,42519,589,4821,0,60,230915,305041,42
,回歸村,133,112462,7504,409,71463,3411,2896,97,100,23536,0,2963,0,82,56959,97957,0
,三和村,473,379169,12100,4327,331384,9886,1918,183,179,13090,74,5638,0,390,272173,319958,4
,龍德村,523,399425,8673,5393,331026,16753,1490,1165,474,30287,557,3511,0,96,269025,337424,273
,溪洲村,240,160916,4444,2597,136430,8700,221,64,152,6849,0,1410,0,48,107528,132013,39
,三鎮村,143,109444,1957,4605,92762,2966,604,42,98,5462,0,858,73,17,76193,92828,477
"表166-Q(103年度)各類所得金額各縣市鄉鎮村里統計表-縣市別：嘉 義 縣,單位：金額(千元)",,,,,,,,,,,,,,,,,,
鄉鎮市區,村里,納稅單位,合　　計,營利所得,執行業務所得,薪資所得,利息所得,租賃及權利金,財產交易所得,機會中獎所得,股利所得,退職所得,其他所得,稿費所得,申報大於歸戶,薪資淨所得,按薪資淨所得計算之綜合所得,稿費收入
,靖和村,118,90152,1273,253,74812,4816,1712,47,70,6530,0,639,0,0,60559,75899,8
,南和村,327,235577,1858,1194,193668,6311,1837,80,182,24129,0,6285,0,34,152312,194222,109
,柳林村,466,290954,6358,2308,247233,12296,3368,1572,272,15153,169,2135,0,91,193040,236761,52
,柳鄉村,489,333521,14097,3966,264216,11306,4205,345,123,32928,0,2017,0,318,203968,273273,15
,內溪村,251,190450,7325,1903,134479,5049,1687,245,153,34122,0,2105,0,3382,105526,161497,9
,寬士村,998,701977,23811,5159,589607,24355,5427,882,557,42411,378,8746,36,607,466905,579275,567
,國姓村,211,130907,2972,2886,111632,3504,561,379,51,7922,0,995,5,0,86370,105645,188
,三界村,173,113074,5404,1463,92832,2600,1682,419,128,7750,124,655,16,1,72557,92799,205
,南鄉村,147,101503,3019,1224,74183,2357,1028,169,179,18605,0,685,0,55,56695,84016,1
,忠和村,397,231368,7851,5988,186639,8689,3267,1071,109,14307,29,2920,121,377,141146,185875,393
,義興村,186,111593,2304,202,92697,3436,2076,260,92,10085,0,352,0,89,71802,90698,11
,民生村,705,441707,10720,2517,378733,18897,1945,4433,287,16985,0,5403,0,1787,298633,361665,183
,中庄村,374,293684,14952,2922,208301,7896,2267,164,369,55105,0,1637,0,72,163629,249013,67
,柳新村,383,223995,4765,2336,198950,7823,795,256,180,7113,186,1497,0,94,151837,176883,26
,其　他,0,0,0,0,0,0,0,0,0,0,0,0,0,0,0,0,0
,合　計,10263,7166370,226041,80521,5850877,275010,64357,17250,6567,546968,4209,85519,395,8656,4619906,5935378,3850
中埔鄉,中埔村,360,239882,7389,7748,192721,9293,1552,3419,295,14445,12,2841,0,167,153212,200570,110
,𥂁館村,170,111803,8251,451,89311,6431,1698,48,49,4209,18,1336,0,0,69865,92571,10
,龍門村,128,81094,782,1328,68351,2581,302,369,31,6646,157,548,0,0,53163,65907,0
,裕民村,156,100120,3940,448,81057,3450,1595,127,102,8281,0,1085,0,35,62544,81607,0
,金蘭村,262,181411,6470,521,132973,5677,2015,200,281,27072,0,6202,0,0,103335,151772,36
,富收村,600,398472,17721,4940,333431,11867,3834,305,403,21490,0,3465,78,937,264350,329341,346
,和睦村,770,558039,19930,8635,435593,26407,7019,509,711,52857,1428,4713,0,237,346389,468835,100
,隆興村,348,272958,13578,6624,167108,13787,5724,143,72,60443,0,5384,0,95,130886,236736,143
,義仁村,257,174822,6446,1309,141987,5395,1166,61,207,16134,16,2004,0,97,113043,145877,12
,社口村,364,222220,8308,2607,171382,10481,3003,536,134,24056,0,1395,0,317,131468,182305,7
,灣潭村,141,88620,1343,814,77418,2428,905,93,85,4678,0,855,0,0,60510,72118,18
,石硦村,184,114184,6075,759,95766,2728,1806,0,142,6133,0,774,0,0,75093,93510,22
,頂埔村,131,96123,988,182,77994,2972,336,453,101,12358,0,740,0,0,61207,79336,52
,同仁村,361,219848,14460,4507,171999,10304,1648,178,149,14960,0,1441,108,94,132632,181023,524
,深坑村,125,95115,886,783,69737,5240,1327,319,43,15488,53,1188,0,50,55628,81211,0
,瑞豐村,102,48874,170,281,44081,1320,251,0,69,2475,0,224,0,2,33548,38340,2
,沄水村,142,87097,1781,944,70029,2556,4068,168,110,6489,0,953,0,0,54376,71678,63
,三層村,114,68160,7252,39,54136,1821,547,755,79,1140,0,2391,0,0,42064,56088,3
,東興村,39,23709,708,301,18378,1244,14,0,62,2853,0,148,0,0,14316,19647,172
,中崙村,31,22997,67,0,16674,903,438,41,19,4675,0,168,0,11,13085,19407,3
,和美村,1927,1392618,36606,17428,1153404,65888,10818,3975,1235,82952,1448,17151,260,1453,926989,1167589,920
,和興村,1317,885476,30131,8020,733223,34265,7249,755,911,63002,121,7175,0,624,576388,728640,96
,其　他,2,1374,0,0,1328,44,0,0,0,0,0,2,0,0,1020,1065,2
"表166-Q(103年度)各類所得金額各縣市鄉鎮村里統計表-縣市別：嘉 義 縣,單位：金額(千元)",,,,,,,,,,,,,,,,,,
鄉鎮市區,村里,納稅單位,合　　計,營利所得,執行業務所得,薪資所得,利息所得,租賃及權利金,財產交易所得,機會中獎所得,股利所得,退職所得,其他所得,稿費所得,申報大於歸戶,薪資淨所得,按薪資淨所得計算之綜合所得,稿費收入
,合　計,8031,5485014,193283,68668,4398083,227082,57316,12455,5291,452835,3254,62182,445,4120,3475109,4565174,2640
竹崎鄉,竹崎村,577,378472,11037,7761,295199,23069,5592,44,248,31478,519,3275,0,249,232685,315959,307
,和平村,417,275859,12251,3123,214598,12577,2436,167,396,27343,8,2867,0,91,167593,229265,131
,坑頭村,118,70704,1441,732,61639,2489,55,59,32,3696,0,554,0,8,47828,56893,10
,沙坑村,140,83804,8903,570,57386,3294,751,37,54,11927,0,878,0,6,44813,71231,20
,獅埜村,225,239062,4322,3971,107546,3932,677,144,190,116743,0,1173,0,364,83006,214523,9
,鹿滿村,292,192004,6685,759,154676,8976,1532,227,124,16425,0,2601,0,1,121190,158518,4
,紫雲村,248,151579,7893,511,120886,7563,730,611,54,11749,0,1355,0,225,94646,125339,0
,灣橋村,1220,833052,17417,12764,693833,36959,7261,2022,725,50783,131,10499,7,650,548918,688343,534
,義仁村,178,115411,1519,2607,96128,6118,458,365,58,7645,0,515,0,0,75118,95532,9
,義和村,126,93280,675,84,78140,3890,263,2140,53,7167,0,868,0,0,60920,76365,116
,內埔村,305,186846,3901,2974,153945,11459,2249,513,308,9012,15,2403,0,69,121827,155435,22
,昇平村,275,185395,10154,2812,144961,8277,867,451,56,16784,127,801,103,0,111960,153068,564
,桃源村,148,155627,4815,313,66860,4741,1449,277,75,76209,4,567,0,315,51413,140307,5
,白杞村,112,67698,465,1220,57228,2579,280,103,53,5261,80,424,0,5,44796,55266,35
,龍山村,304,206626,3805,1358,180029,4927,4121,201,76,9899,7,2111,0,92,143621,170780,3
,義隆村,94,61305,991,796,49592,2156,131,135,31,5703,0,1769,0,0,38952,50665,26
,文峰村,116,78221,1783,172,59249,2353,2512,47,47,4588,0,7471,0,0,46439,65411,9
,塘興村,127,84934,2556,603,59987,3700,1424,90,56,15566,0,719,0,233,46646,71592,5
,復金村,356,210009,5597,2027,175735,6676,568,922,87,16074,15,2265,0,44,136948,171222,4
,緞繻村,127,79267,1636,2011,67235,2802,183,0,69,4522,84,718,0,6,53317,65597,26
,仁壽村,29,49825,698,289,15584,548,4898,909,15,26078,0,87,0,721,12740,46982,79
,金獅村,57,30792,306,2165,24380,1691,238,245,69,1155,0,542,0,1,18976,25388,0
,中和村,100,61856,4349,96,47849,2331,2056,125,15,4109,0,925,0,0,37544,51550,12
,光華村,57,29550,169,42,24691,1099,154,12,13,3190,0,111,0,69,18915,23774,0
,其　他,0,0,0,0,0,0,0,0,0,0,0,0,0,0,0,0,0
,合　計,5748,3921178,113367,49761,3007356,164206,40885,9845,2905,483104,990,45499,110,3150,2360811,3279005,1933
梅山鄉,梅東村,444,313823,4607,7952,250363,25206,2056,121,314,19213,1358,2449,47,137,201268,265103,463
,梅南村,194,137521,5392,8199,100023,9240,1901,343,200,9691,0,2464,0,67,80919,118417,74
,梅北村,944,683316,19452,13691,552212,37241,6339,1628,842,41578,23,7214,0,3095,438990,570093,135
,過山村,92,65774,2135,941,52725,3369,1551,170,23,3173,0,1687,0,0,41994,55044,7
,圳南村,34,17267,6,26,14331,77,7,0,9,2702,0,110,0,0,10552,13488,6
,圳北村,78,44604,1492,1085,35643,3013,595,104,16,2512,0,144,0,0,27139,36101,5
,大南村,269,182277,11376,1034,148386,6225,1930,292,102,11357,0,1393,0,182,117001,151182,2
,安靖村,124,69365,4304,1480,58662,1843,254,160,42,1672,0,948,0,0,45186,55888,8
,双溪村,97,58404,2985,611,47662,2222,361,78,95,3978,0,349,0,64,36408,47150,64
,半天村,66,41467,1135,168,34133,1262,274,0,13,3133,0,1184,0,167,26650,33984,19
,太平村,83,66745,6380,164,51532,3261,795,22,62,4111,0,418,0,0,41097,56311,11
,龍眼村,54,35792,175,664,28835,1258,123,0,14,4536,0,187,0,0,22970,29928,0
"表166-Q(103年度)各類所得金額各縣市鄉鎮村里統計表-縣市別：嘉 義 縣,單位：金額(千元)",,,,,,,,,,,,,,,,,,
鄉鎮市區,村里,納稅單位,合　　計,營利所得,執行業務所得,薪資所得,利息所得,租賃及權利金,財產交易所得,機會中獎所得,股利所得,退職所得,其他所得,稿費所得,申報大於歸戶,薪資淨所得,按薪資淨所得計算之綜合所得,稿費收入
,太興村,52,29740,280,455,24171,2444,12,0,130,1582,0,666,0,0,18527,24096,43
,瑞里村,61,37192,1889,1036,30745,1722,454,147,13,1041,0,146,0,0,24803,31250,8
,瑞峰村,67,35723,190,1889,29499,1851,1,145,17,1925,0,100,0,106,22872,29096,34
,太和村,64,41998,155,79,37877,1475,165,0,225,1329,0,691,0,2,30861,34983,54
,永興村,91,60117,986,948,43894,4266,453,300,42,8160,0,918,0,150,34652,50875,32
,碧湖村,29,18982,0,1,13025,1271,723,0,0,3911,0,51,0,0,10238,16194,0
,其　他,0,0,0,0,0,0,0,0,0,0,0,0,0,0,0,0,0
,合　計,2843,1940107,62938,40425,1553719,107245,17995,3509,2158,125603,1381,21117,47,3969,1232130,1619182,963
番路鄉,內甕村,68,53308,32,1691,43377,2969,537,298,11,3947,0,447,0,0,36472,46403,82
,江西村,264,205512,5266,7246,156924,12399,1958,160,137,17360,0,4049,0,12,128018,176606,284
,新福村,194,118694,1996,609,101129,5272,2263,436,85,5886,50,969,0,0,77941,96008,8
,下坑村,389,290779,11019,7562,219255,17430,3384,182,547,25947,282,5046,0,124,174142,246862,117
,番路村,166,105006,5819,749,85338,5412,236,97,129,6835,0,352,0,40,67045,86713,46
,民和村,139,174503,2687,1448,65123,4245,1604,577,169,97374,0,1138,0,136,50571,159951,6
,觸口村,180,108869,2376,338,97901,3066,1240,49,67,2531,88,1022,0,190,76501,87468,42
,大湖村,75,46784,738,546,37907,2678,220,102,26,4073,0,460,0,36,29814,38692,4
,公田村,133,189421,6591,991,62745,3539,9972,62,48,104159,0,979,0,335,49557,176232,211
,公興村,66,35914,895,54,28094,2177,501,15,81,3728,18,349,0,0,22046,29866,0
,草山村,41,22827,405,10,20587,641,16,66,10,1020,0,71,0,0,15808,18048,5
,其　他,0,0,0,0,0,0,0,0,0,0,0,0,0,0,0,0,0
,合　計,1715,1351618,37825,21245,918382,59828,21931,2044,1310,272860,437,14882,0,873,727914,1162849,805
大埔鄉,大埔村,289,189422,6313,817,159428,5332,1978,360,79,12106,0,2556,373,80,124120,154097,733
,茄苳村,148,92256,6138,1678,76266,2027,496,73,57,4513,0,1008,0,0,59135,75125,3
,永樂村,74,44070,1185,145,33119,759,488,0,89,8076,0,209,0,0,24407,35358,0
,和平村,86,63622,892,521,41426,2369,205,67,21,17662,0,460,0,0,31590,53786,0
,西興村,113,83875,7076,1917,62390,3430,2064,64,147,3944,0,2637,0,204,49134,70618,176
,其　他,0,0,0,0,0,0,0,0,0,0,0,0,0,0,0,0,0
,合　計,710,473244,21603,5078,372630,13918,5231,564,393,46301,0,6869,373,285,288386,388984,912
阿里山鄉,中山村,83,66739,7017,19,49416,2345,2307,0,58,4797,388,392,0,0,39097,56420,1
,中正村,53,44034,13430,11,20133,2251,2611,22,8,4725,0,581,0,263,16112,40013,0
,香林村,49,36335,143,171,31616,2254,95,0,11,1932,0,112,0,0,25411,30130,59
,十字村,40,25864,113,34,23758,513,0,0,13,1393,0,40,0,0,18645,20751,0
,達邦村,90,67316,584,687,60010,3714,124,0,17,1274,0,621,0,285,49284,56590,44
,樂野村,94,67755,3595,2193,49913,4617,3537,50,98,3168,0,216,42,327,39052,56894,240
,來吉村,56,46474,306,44,45223,306,72,112,20,192,0,199,0,0,37739,38990,17
,里佳村,29,20739,504,7,19282,582,0,0,8,291,0,64,0,0,15513,16969,1
,山美村,50,28007,43,13,26441,188,41,0,85,1102,0,94,0,0,19864,21429,10
,新美村,30,13819,200,1,13141,94,82,0,26,248,0,27,0,0,9534,10212,5
,豐山村,31,20532,1681,71,17007,209,132,22,16,1297,0,95,0,0,13682,17207,0
"表166-Q(103年度)各類所得金額各縣市鄉鎮村里統計表-縣市別：嘉 義 縣,單位：金額(千元)",,,,,,,,,,,,,,,,,,
鄉鎮市區,村里,納稅單位,合　　計,營利所得,執行業務所得,薪資所得,利息所得,租賃及權利金,財產交易所得,機會中獎所得,股利所得,退職所得,其他所得,稿費所得,申報大於歸戶,薪資淨所得,按薪資淨所得計算之綜合所得,稿費收入
,茶山村,16,9001,29,17,8585,195,8,0,5,60,0,102,0,0,6572,6988,9
,其　他,0,0,0,0,0,0,0,0,0,0,0,0,0,0,0,0,0
,合　計,621,446614,27646,3269,364524,17267,9009,207,365,20478,388,2545,42,875,290504,372593,386
其　他,其　他,22,22295,95,1221,18580,1235,659,0,3,206,0,295,0,0,15338,19052,155
,合　計,22,22295,95,1221,18580,1235,659,0,3,206,0,295,0,0,15338,19052,155
