"表166-T(103年度)各類所得金額各縣市鄉鎮村里統計表-縣市別：屏 東 縣,單位：金額(千元)",1,2,3,4,5,6,7,8,9,10,11,12,13,14,15,16,17,18
鄉鎮市區,村里,納稅單位,合　　計,營利所得,執行業務所得,薪資所得,利息所得,租賃及權利金,財產交易所得,機會中獎所得,股利所得,退職所得,其他所得,稿費所得,申報大於歸戶,薪資淨所得,按薪資淨所得計算之綜合所得,稿費收入
屏東市,勝豐里,97,60428,879,1137,46323,5215,1982,12,78,3645,72,1045,0,41,36750,50855,50
,金泉里,159,111816,3454,1728,75176,6934,8558,799,119,11891,893,1751,0,513,61368,98009,71
,慶春里,86,110702,30922,1721,46275,3450,3265,39,23,19447,5223,187,0,151,38114,102541,36
,平和里,219,167454,6165,6602,96906,11612,19091,148,190,25212,0,909,0,619,79511,150059,70
,楠樹里,137,89012,4736,4837,62621,6768,2022,118,272,7004,0,456,0,177,49685,76076,106
,扶風里,173,138655,3305,6907,100957,7718,2570,142,187,9732,25,6860,28,226,81905,119583,267
,橋南里,401,332465,4433,10714,248326,16227,9312,1023,259,38358,168,3049,0,595,203332,287471,197
,橋北里,242,181632,3993,8107,140162,10220,3315,443,242,12714,489,1586,0,363,115161,156632,257
,長春里,612,534790,11749,10709,430739,43550,6994,1211,310,25262,402,3423,0,442,358912,462964,1049
,豐田里,1327,1177879,18598,30320,923950,89182,15350,1503,760,81259,1922,13599,188,1248,767486,1021339,1546
,安樂里,145,129244,4924,18891,71286,9160,7092,62,361,16117,0,676,0,675,59109,117067,204
,歸心里,231,152664,4284,5379,126190,5033,1528,0,153,9049,0,918,0,131,99747,126221,93
,湖西里,343,240661,7379,1367,204600,9651,2768,98,142,11444,135,2153,0,923,162317,198379,33
,瑞光里,2167,1847869,33803,32345,1549637,111216,14634,1900,1516,85501,2580,11920,128,2690,1287228,1585460,2690
,湖南里,254,173028,5153,2499,139577,7727,1590,121,119,12034,427,3684,0,97,110582,144033,6
,長安里,388,244138,5620,2792,210306,8365,3777,247,106,9253,874,2778,0,20,165046,198878,146
,厚生里,682,444206,23354,6171,350865,18768,8015,591,355,29475,524,4925,0,1164,277329,369177,156
,大湖里,395,266906,6634,3968,223047,10132,1099,98,306,17899,530,3047,125,21,176028,219888,426
,頂宅里,87,55715,1444,3079,45256,1584,349,36,14,2695,0,990,0,269,34952,45411,2
,新生里,1470,1116928,25038,12309,934697,46539,14077,3955,679,64929,793,10348,103,3460,755900,938417,653
,永安里,1889,1431888,36436,23225,1183382,73137,14711,2825,1139,78909,4256,12501,9,1359,964697,1213622,603
,萬年里,149,100532,2441,3352,78316,3014,943,4880,80,7009,0,494,0,4,62009,84225,6
,安鎮里,454,309537,9043,4809,259386,11587,3076,1643,296,13142,125,4303,0,2126,207458,257609,36
,永昌里,44,31156,640,111,27874,879,408,0,14,925,149,153,0,4,23230,26512,0
,光華里,175,121287,2788,1500,101746,3168,1691,1049,69,7471,0,1703,0,102,82882,102423,136
,一心里,406,360136,6404,5090,300081,18661,1678,129,186,20106,375,4689,0,2736,251524,311579,415
,義勇里,428,500334,4681,7394,378619,25072,5311,772,448,72994,200,4499,4,340,323604,445314,351
,公館里,333,261803,13431,2369,212304,10276,2252,293,435,17182,0,3244,0,16,172376,221875,25
,龍華里,500,379525,17722,11842,278499,15879,4143,949,334,38854,0,4757,0,6546,221271,322297,116
,玉成里,309,210189,11302,2322,168702,8142,1416,322,76,15988,0,1919,0,0,131954,173441,11
,新興里,763,615208,10062,4021,551989,20847,3322,2266,415,16774,146,4436,0,930,453697,516916,186
,頂柳里,247,157537,4660,2419,132492,7874,462,258,139,5308,145,3445,0,336,103961,129005,31
,擇仁里,195,115332,3787,1403,94723,6753,783,29,69,6580,506,469,0,229,74935,95544,7
,清溪里,1182,907024,25594,11652,739519,41165,11154,3138,588,63584,873,8469,0,1287,591376,759414,591
,前進里,683,450522,16602,3957,369685,20285,13924,683,247,19788,138,4901,0,311,290813,371650,146
,大洲里,273,172201,10244,2324,136947,5665,2815,5,130,12268,30,1760,0,12,106398,141651,2
,永光里,246,161988,7900,690,129357,7527,1700,2147,269,10872,0,1372,0,154,102589,135220,2
,永順里,68,47929,585,561,36741,3749,756,34,16,5203,0,285,0,0,29474,40662,3
,大埔里,170,127323,3869,7947,93004,4998,1402,177,222,14470,0,655,204,374,75110,109428,596
"表166-T(103年度)各類所得金額各縣市鄉鎮村里統計表-縣市別：屏 東 縣,單位：金額(千元)",,,,,,,,,,,,,,,,,,
鄉鎮市區,村里,納稅單位,合　　計,營利所得,執行業務所得,薪資所得,利息所得,租賃及權利金,財產交易所得,機會中獎所得,股利所得,退職所得,其他所得,稿費所得,申報大於歸戶,薪資淨所得,按薪資淨所得計算之綜合所得,稿費收入
,大同里,197,148310,10030,3168,86067,9411,17222,136,145,21305,0,646,0,178,70712,132954,291
,文明里,101,98885,724,4386,59319,12672,4993,1051,83,14941,0,643,0,73,50309,89875,116
,光榮里,193,144118,3705,5069,108940,8793,5960,110,122,9370,169,1815,0,65,88895,124073,151
,端正里,94,81151,1852,16795,37683,5136,10203,1062,24,6523,88,551,0,1235,30107,73576,19
,武廟里,140,131365,5226,8263,57538,14391,25724,2392,51,16724,0,561,0,494,46951,120777,32
,必信里,146,102744,4382,3672,80344,5482,1778,863,151,3540,315,977,1031,210,64897,87090,1889
,崇禮里,75,59175,1844,8779,31911,4425,6173,0,49,5496,0,131,0,368,25825,53088,6
,崇智里,119,77961,4542,2471,48993,5057,6921,5,67,5600,2414,1033,847,11,38676,67644,1398
,民權里,173,125405,3864,3079,93856,9048,3011,80,143,9891,0,2141,0,292,77441,108990,17
,維新里,623,427477,12426,8102,334129,23209,4771,298,354,40723,49,3254,0,162,265423,358771,210
,斯文里,561,484741,7264,24553,357461,40600,8856,4943,390,34084,0,5831,81,677,295923,423202,489
,泰安里,208,205827,12423,4981,132666,19334,3160,81,58,31180,69,1677,0,199,112427,185588,175
,仁義里,249,176326,8565,1280,140220,6436,608,159,3287,13207,0,2547,0,16,110492,147106,48
,三山里,283,180437,3491,1331,149558,10496,2053,9,178,10455,0,2799,0,67,118146,149026,132
,海豐里,191,143114,4446,889,114186,7303,2133,955,141,12085,44,874,0,58,91501,120451,5
,和興里,186,109039,4415,1140,86126,4511,2566,190,145,5121,0,4178,0,646,65870,88782,32
,崇蘭里,3471,3065660,49925,53652,2568852,170230,27185,9682,2949,141651,5154,30500,199,5681,2129213,2626210,2201
,空翔里,325,289706,4584,7996,217270,29789,2889,140,267,24538,0,1729,134,371,181086,253522,415
,廣興里,439,286992,6831,5101,241687,15576,3977,307,148,10887,58,2131,0,289,192144,237448,11
,潭墘里,3157,2347219,38111,44274,1992457,137743,15129,6696,2016,82810,3656,21839,306,2183,1607427,1962160,1884
,明正里,243,266273,1178,13400,141010,24715,1862,250,202,82221,42,1028,0,365,117884,243147,230
,溝美里,686,543536,10191,17275,404834,40136,11387,1335,422,52598,686,3977,0,694,330001,468703,338
,勝利里,1407,1137507,18955,20965,919468,77830,21197,3318,1550,63889,351,9446,32,505,757389,975972,957
,永城里,522,357434,7079,9495,289408,21093,3349,1226,301,20517,0,3921,76,969,232757,300783,596
,北勢里,718,591230,12858,22338,454440,41869,12010,3486,619,39378,319,3147,0,766,375783,512573,460
,華山里,1445,1148882,21147,31825,926880,73423,15722,2671,841,63915,595,9300,0,2564,758662,980664,649
,太平里,230,211094,10601,7532,139046,18834,7161,223,83,24837,98,1797,0,882,116512,188560,10
,興樂里,221,190683,7114,8341,127210,14078,8732,41,59,20884,88,1993,0,2142,104163,167636,181
,大武里,2284,1755864,35538,33389,1401344,100436,22571,3079,3056,132031,1774,20507,45,2093,1135963,1490986,1400
,建國里,231,182953,4155,5885,146372,9065,820,243,109,14701,165,1345,0,92,120208,156789,187
,崇武里,767,595371,11628,16497,473597,39532,3879,1087,338,40882,1218,5958,0,755,384082,505856,169
,凌雲里,123,77076,1922,1034,63987,5118,552,712,73,2087,51,1413,0,129,50646,63734,23
,鵬程里,166,151509,411,2173,139662,5678,323,100,64,2509,0,589,0,0,116056,127903,10
,豐榮里,812,685298,9745,34767,504407,61806,11364,4331,702,49787,764,7004,0,623,419277,600172,744
,信和里,343,239909,4274,3727,203278,12266,2796,184,124,9556,651,2955,0,98,163125,199755,27
,豐源里,1310,1140933,21265,39713,865270,100142,20779,1439,975,72637,1900,13145,56,3614,714193,989836,1674
,大連里,3384,3171892,45031,65184,2482142,231458,36995,3521,3614,263380,5793,31504,15,3254,2084080,2774645,3179
,仁愛里,685,557985,10237,26964,427011,35239,15599,758,489,37112,193,3070,0,1315,351511,482486,304
,中正里,1564,1372989,25580,42239,1084090,94292,26274,2065,1079,77096,1939,12758,310,5268,898462,1187245,2298
"表166-T(103年度)各類所得金額各縣市鄉鎮村里統計表-縣市別：屏 東 縣,單位：金額(千元)",,,,,,,,,,,,,,,,,,
鄉鎮市區,村里,納稅單位,合　　計,營利所得,執行業務所得,薪資所得,利息所得,租賃及權利金,財產交易所得,機會中獎所得,股利所得,退職所得,其他所得,稿費所得,申報大於歸戶,薪資淨所得,按薪資淨所得計算之綜合所得,稿費收入
,北興里,1820,1453895,32697,29252,1223165,74334,14765,1270,1444,58610,1623,11634,24,5077,1003452,1234181,1791
,其　他,0,0,0,0,0,0,0,0,0,0,0,0,0,0,0,0,0
,合　計,48021,38555607,874312,909547,30656146,2338714,592785,94643,38276,2549105,52267,370701,3945,75166,25087491,32988807,36066
潮州鎮,潮州里,155,113034,2308,4094,78019,11635,4274,88,122,11596,0,872,13,12,64129,99144,220
,光華里,1242,980820,23945,23690,800388,57283,7995,2115,683,48698,263,14204,0,1554,656531,836966,777
,三星里,1454,1132813,29208,27337,932569,63153,9130,1927,625,54768,1532,11813,224,526,763299,963543,1181
,彭城里,179,128668,6340,2697,102339,6202,2530,1079,46,6623,77,560,2,173,81738,108067,194
,九塊里,255,150778,6076,1411,134651,2903,166,31,64,4112,3,1349,0,11,104654,120781,6
,興美里,175,127442,2640,2384,102595,5637,1160,34,136,11338,3,1469,0,47,82365,107212,28
,檨子里,58,38653,1070,1,30072,2076,280,0,93,4855,20,110,0,75,22924,31505,0
,新生里,276,206364,9502,6495,151484,13794,9128,67,135,13911,0,1732,0,117,123175,178055,97
,新榮里,366,282171,12135,12896,182748,24025,9980,544,336,34661,76,3223,278,1270,147899,247322,613
,同榮里,161,96557,2543,4419,62895,8029,5275,51,135,12574,0,455,0,181,49369,83031,5
,三共里,1900,1554364,32778,57857,1191192,112634,24272,2268,1233,105391,2211,21445,84,2999,977129,1340301,819
,五魁里,334,237398,5184,3389,204582,7048,1908,286,168,10921,0,3163,0,749,162464,195279,65
,蓬萊里,508,385975,12886,7775,322810,12288,3026,1208,282,21244,483,3340,12,621,260700,323865,296
,八爺里,524,344138,16083,5008,279346,12478,4955,321,212,21680,787,2860,93,314,220103,284903,414
,光春里,286,199907,7724,3855,161070,6124,728,87,156,19185,67,795,0,116,130119,168957,3
,泗林里,337,252586,3435,2264,215472,13837,968,452,89,12226,1324,2500,5,14,174680,211794,224
,四春里,382,238217,6401,2703,202377,6218,1223,96,142,15310,719,2569,0,458,158214,194054,18
,崙東里,224,135483,3374,836,116604,3566,801,199,96,8511,73,1406,0,19,91384,110263,65
,永春里,1776,1305937,39770,30769,1100824,56191,11540,1154,966,46735,1963,14082,0,1942,895518,1100736,302
,三和里,567,457156,17689,16185,341501,28358,11558,1452,259,27099,272,2757,0,10026,279608,395263,60
,富春里,249,164796,3844,4046,125869,7379,1536,1336,73,18524,103,2080,0,5,97938,136864,75
,其　他,1,425,103,320,0,2,0,0,0,0,0,0,0,0,0,425,0
,合　計,11409,8533681,245038,220432,6839408,460856,112434,14796,6051,509963,9978,92785,711,21229,5543941,7238331,5462
東港鎮,八德里,173,130320,2606,1210,101867,8233,827,0,40,14098,48,1115,0,275,82380,110832,18
,東隆里,259,156979,4952,2346,129537,9287,829,10,212,7743,183,1692,0,187,101368,128810,2
,共和里,117,105380,5261,8135,70264,7762,2111,108,141,10495,0,951,0,152,58690,93806,182
,豐漁里,113,79509,817,298,70077,3969,129,20,21,3513,40,584,0,41,56921,66353,121
,盛漁里,250,147106,3921,2757,127438,4046,245,83,131,7194,0,1290,0,2,99561,119230,8
,興漁里,372,229473,9265,2415,186555,9716,1838,95,241,17064,0,2173,50,61,145979,188896,269
,鎮海里,491,285967,5650,1848,251024,8111,2983,231,138,13201,0,2637,0,145,194991,229934,73
,嘉蓮里,303,201323,7241,2771,173303,6446,2075,17,150,7764,0,1458,0,98,138534,167552,2
,南平里,233,120004,2715,2109,101843,3246,2131,75,112,6334,0,1272,0,166,78532,96693,1
,興東里,2110,1668068,46945,21167,1321202,72996,33939,3375,1291,135033,2630,26855,45,2590,1075595,1422461,820
,興農里,305,226868,2927,1609,197079,6028,2088,522,133,13003,80,3377,0,23,159941,189730,10
,興和里,226,151956,3456,2082,128842,8347,653,585,96,6169,0,1666,0,60,102665,125779,4
,船頭里,1229,920560,27553,14341,770127,29207,7885,1888,867,53112,1098,13349,0,1133,626280,776713,209
"表166-T(103年度)各類所得金額各縣市鄉鎮村里統計表-縣市別：屏 東 縣,單位：金額(千元)",,,,,,,,,,,,,,,,,,
鄉鎮市區,村里,納稅單位,合　　計,營利所得,執行業務所得,薪資所得,利息所得,租賃及權利金,財產交易所得,機會中獎所得,股利所得,退職所得,其他所得,稿費所得,申報大於歸戶,薪資淨所得,按薪資淨所得計算之綜合所得,稿費收入
,下󿾴里,372,226323,8867,2873,191828,8752,1174,372,547,9273,36,1883,0,719,148892,183387,8
,新勝里,592,447888,19492,13326,311490,37697,12724,727,324,47576,91,4053,130,256,251860,388257,529
,頂中里,115,84193,1981,3803,59994,5200,4383,128,55,7838,0,741,0,71,48855,73054,33
,頂新里,128,96589,2299,1644,72298,6651,4858,80,31,6888,0,1841,0,0,58633,82924,70
,東和里,155,97728,2325,2459,74436,6527,3787,59,81,7146,0,840,0,68,59504,82796,18
,朝安里,364,247610,9079,3673,170875,18803,7229,354,53,33050,0,2689,0,1805,137631,214366,136
,興臺里,144,108911,4435,3432,79747,6808,5515,7,59,8436,0,468,0,3,65987,95151,103
,中興里,175,105905,3219,2986,81245,5412,4173,292,113,6406,0,2016,0,44,63730,88391,3
,大潭里,335,212567,2896,4953,175510,9406,680,66,82,15868,0,2959,0,146,137722,174779,37
,大鵬里,26,23162,3066,597,13298,803,2616,77,23,2582,0,80,0,20,10613,20477,0
,其　他,0,0,0,0,0,0,0,0,0,0,0,0,0,0,0,0,0
,合　計,8587,6074389,180969,102835,4859879,283454,104872,9170,4942,439784,4205,75989,226,8066,3904864,5120372,2656
恆春鎮,城北里,538,368022,14940,17451,284682,21907,8422,534,494,12694,0,5380,0,1518,227011,310351,266
,城西里,244,175565,6354,699,142964,9416,3451,210,142,11155,44,1009,0,122,112617,145218,7
,城南里,242,158961,3439,5829,118140,13183,5999,132,393,6571,138,4661,58,417,93781,134546,326
,山腳里,912,632234,29163,14969,501667,30167,11195,2597,428,37414,240,2531,0,1861,395561,526127,194
,網紗里,653,1677383,17140,3635,350387,16657,12468,1347,634,1267804,166,6510,0,636,276474,1603470,121
,仁壽里,141,90752,6050,218,70487,3794,2580,297,96,4919,17,1477,0,819,54389,74654,90
,茄湖里,67,37882,494,265,33455,1423,113,0,20,1733,0,374,0,4,25717,30145,0
,頭溝里,65,41377,754,492,32718,4899,749,250,38,1223,6,197,0,50,24385,33044,0
,四溝里,136,88638,2905,2322,75381,1906,493,0,73,2998,0,2445,0,116,59281,72543,58
,德和里,162,128898,9841,1306,97096,2213,2173,259,154,15161,0,238,0,460,74802,106604,18
,龍水里,202,229540,3617,1780,204700,10517,822,370,194,5714,0,1791,0,36,179923,204763,139
,山海里,233,415598,12508,711,109215,3345,2294,203,84,286200,201,645,0,192,81848,388231,2
,大光里,339,202504,13155,2346,167509,5739,3220,11,222,8220,0,2027,0,53,126083,161078,101
,水泉里,204,122196,7449,198,99288,1718,2274,297,30,10085,0,357,0,500,75174,98082,58
,南灣里,384,390428,12594,7403,319928,11299,12175,1336,261,22403,0,2759,0,271,270205,340706,109
,墾丁里,225,155617,12637,2608,97865,7042,24546,281,107,7006,21,500,0,3004,76201,133953,89
,鵝鑾里,153,84844,9807,319,61370,2835,3941,853,100,5218,50,219,0,133,45927,69401,67
,其　他,22,10794,61,399,7514,46,114,0,114,1595,0,952,0,0,5475,8756,0
,合　計,4922,5011234,162907,62949,2774363,148104,97028,8976,3586,1708114,884,34070,58,10194,2204851,4441671,1646
萬丹鄉,萬安村,163,121928,7602,5076,83938,6590,3041,154,160,12431,877,1921,0,136,67076,105065,106
,萬全村,887,709089,40539,19070,541845,35980,9602,4467,375,48011,0,7235,0,1965,439733,606977,825
,萬惠村,201,160196,3347,4783,129518,8206,1195,158,70,10868,0,1845,0,206,105589,136267,13
,萬後村,164,118985,5084,2685,94201,6853,1031,421,113,7191,0,1277,0,128,75900,100683,0
,萬生村,354,244006,4568,7530,193746,13093,1235,265,104,21161,15,2193,5,91,151470,201729,215
,寶厝村,502,371642,11663,3611,309221,19078,1768,75,282,19121,350,5628,0,845,247128,309549,55
,四維村,413,283159,8696,4290,229254,10393,2759,506,233,23479,452,2866,0,231,180561,234466,66
,竹林村,286,208581,11738,894,148348,5692,2094,117,117,36008,12,3513,0,46,115025,175258,59
"表166-T(103年度)各類所得金額各縣市鄉鎮村里統計表-縣市別：屏 東 縣,單位：金額(千元)",,,,,,,,,,,,,,,,,,
鄉鎮市區,村里,納稅單位,合　　計,營利所得,執行業務所得,薪資所得,利息所得,租賃及權利金,財產交易所得,機會中獎所得,股利所得,退職所得,其他所得,稿費所得,申報大於歸戶,薪資淨所得,按薪資淨所得計算之綜合所得,稿費收入
,廣安村,609,417428,15553,3242,335674,11765,3213,330,142,44835,397,2246,0,30,262574,344328,11
,田厝村,239,173321,4121,1786,150184,4824,2015,537,258,8033,0,1146,0,417,119768,142904,5
,崙頂村,435,294924,14269,1233,252417,8121,2244,232,285,13679,0,1952,0,491,197662,240168,68
,社上村,328,215248,6563,4089,180357,7346,2251,331,120,12223,0,1863,0,105,143127,178019,10
,社中村,322,223109,12297,3966,178954,7756,2071,32,268,15634,0,2111,0,19,140056,184211,82
,社皮村,431,307424,6297,4338,257730,11415,5432,305,198,16482,1360,2912,55,899,203596,253235,306
,磚寮村,213,147573,5447,417,119037,5794,919,0,63,12905,17,2671,0,304,93179,121715,0
,社口村,293,213823,8234,2309,170194,7865,1585,1523,267,19488,0,2241,0,118,135134,178763,82
,加興村,259,188004,4162,622,145803,7145,2190,30,89,24193,2264,1360,0,146,114136,156336,48
,上村村,159,146635,3550,1023,80902,3361,2067,0,174,47662,0,1887,0,6009,63138,128870,0
,厦南村,287,191523,12868,1029,155380,6195,1825,487,120,10760,18,2837,0,4,121334,157478,128
,厦北村,323,209892,9361,1512,176397,8403,1058,98,112,10562,143,2236,0,10,137994,171489,1
,新庄村,487,358824,9965,3842,300280,16993,997,162,134,21625,0,4700,0,128,241295,299840,53
,新鐘村,465,327364,5628,3497,284541,13030,1934,398,222,15756,0,2040,0,319,226559,269381,43
,水泉村,417,336359,12129,6078,279880,12674,3022,328,238,18984,56,2817,34,119,228236,284715,332
,香社村,336,239951,10836,1691,192637,8930,2295,159,214,18331,1348,3495,0,17,153537,200852,232
,灣內村,267,178841,10598,5441,146670,5493,706,456,159,7658,0,1606,0,52,114805,146976,208
,後村村,226,147777,2474,2651,123313,5080,702,186,89,11229,50,1971,0,32,95166,119630,7
,水仙村,108,77341,1698,45,62759,2924,157,73,66,8995,0,624,0,0,49165,63747,7
,興安村,168,117282,2818,525,102263,4110,147,195,171,5650,72,1146,0,186,80367,95385,100
,興全村,211,148535,6539,706,119623,6618,957,262,106,12600,0,745,249,131,94701,123614,786
,甘棠村,58,34733,333,18,31359,761,1,0,10,1604,0,455,0,192,24289,27663,4
,其　他,0,0,0,0,0,0,0,0,0,0,0,0,0,0,0,0,0
,合　計,9611,6913499,258979,97998,5576426,272488,60513,12285,4957,537158,7432,71539,344,13379,4422298,5759316,3853
長治鄉,進興村,659,491620,13758,5024,420880,27786,2637,192,261,16328,14,4475,0,268,339553,410942,108
,新潭村,958,742998,8625,14874,645234,31594,5151,1082,688,26832,1927,5323,0,1668,523039,621019,464
,長興村,282,226864,3392,982,185643,11876,5385,395,251,17529,79,1276,0,56,151309,192531,156
,潭頭村,526,440264,11299,8071,370853,18556,3968,1442,355,18144,1163,4539,0,1874,302040,371450,493
,香楊村,705,623731,9912,10078,537443,25895,3316,1229,374,27355,249,6498,131,1251,445922,532446,1176
,德協村,244,181379,5125,1633,140104,10815,2018,3603,88,13955,1324,2714,0,0,110799,152074,78
,德成村,224,167834,2055,1709,148582,9014,334,429,319,3888,345,1160,0,0,120781,140033,71
,復興村,293,199084,6446,2641,162980,6605,1268,396,119,15291,1488,1804,33,14,129265,165369,604
,崙上村,399,286060,4691,5571,240704,15368,1713,264,230,12132,1111,3965,140,172,191988,237345,518
,德榮村,284,195780,6407,7236,164049,6671,2880,124,83,5743,108,2268,8,205,128541,160273,250
,德和村,141,80578,2539,892,72952,1567,158,82,40,1487,0,832,0,28,55526,63152,30
,繁隆村,243,158238,2289,4020,135624,6476,765,393,665,5800,991,1211,0,3,107599,130213,28
,繁華村,439,283940,8835,3451,247538,10779,2823,166,282,6706,30,3176,0,152,196215,232617,25
,繁昌村,322,212265,4294,4786,179832,7644,921,104,88,11314,541,2366,0,374,141329,173761,41
,繁榮村,233,159887,9076,2143,134239,5101,336,223,445,7263,0,775,0,288,106368,132016,63
"表166-T(103年度)各類所得金額各縣市鄉鎮村里統計表-縣市別：屏 東 縣,單位：金額(千元)",,,,,,,,,,,,,,,,,,
鄉鎮市區,村里,納稅單位,合　　計,營利所得,執行業務所得,薪資所得,利息所得,租賃及權利金,財產交易所得,機會中獎所得,股利所得,退職所得,其他所得,稿費所得,申報大於歸戶,薪資淨所得,按薪資淨所得計算之綜合所得,稿費收入
,榮華村,106,69074,2251,547,58576,3200,689,163,109,3153,0,385,0,0,46391,57394,116
,其　他,0,0,0,0,0,0,0,0,0,0,0,0,0,0,0,0,0
,合　計,6058,4519596,100994,73656,3845232,198948,34360,10287,4399,192920,9368,42769,311,6351,3096664,3772636,4221
麟洛鄉,新田村,561,421534,6569,3587,370345,16981,3104,234,302,14412,190,5665,0,144,298919,350107,144
,麟頂村,268,208507,1642,6508,170778,10522,955,160,764,14696,0,2169,0,314,138184,175913,159
,麟蹄村,413,297425,5565,7000,250221,10357,3473,450,260,16017,619,2264,39,1161,200609,247813,313
,麟趾村,680,504607,6751,11567,423660,27059,3146,499,386,21280,201,5989,65,4004,342075,423015,535
,田心村,233,179563,3234,2848,154081,9162,2284,787,216,4859,215,1280,0,597,124902,150848,75
,田中村,318,250690,2688,2347,215472,12269,1733,455,228,11821,486,1497,216,1478,175571,210788,652
,田道村,166,114678,293,984,95856,5853,793,13,63,9863,0,962,0,0,76199,95021,33
,其　他,0,0,0,0,0,0,0,0,0,0,0,0,0,0,0,0,0
,合　計,2639,1977003,26743,34841,1680413,92203,15487,2597,2218,92947,1711,19825,320,7697,1356460,1653506,1911
九如鄉,九清村,319,217725,9346,4223,168783,13317,2086,176,166,16503,0,2406,0,720,132629,181571,52
,九塊村,266,192642,4599,1200,160882,6708,583,87,222,15451,28,2645,0,236,127218,158978,113
,九明村,304,190756,6012,587,164103,6567,2734,141,186,8686,0,1604,0,136,129334,155988,91
,玉水村,254,177862,1431,790,149127,7965,2186,143,147,14302,0,1746,0,25,120519,149254,10
,玉泉村,346,240994,3372,4506,210435,8639,1390,75,162,9453,85,2878,0,0,168964,199523,98
,東寧村,969,667001,22047,12248,560284,20950,6895,855,2021,33573,495,6703,0,930,444097,550813,503
,大坵村,185,132758,3830,2388,97627,4873,428,65,160,20851,0,2516,0,19,76147,111278,4
,三塊村,267,151032,4372,1717,132806,4381,1245,319,123,4116,17,1931,0,4,103202,121848,30
,後庄村,339,210796,8021,4110,176518,8490,2734,230,184,9399,0,1110,0,0,137622,171900,11
,耆老村,249,171950,4409,759,140652,9536,5358,77,61,9255,15,1743,0,85,112824,144122,3
,洽興村,243,151314,5862,3491,125885,4757,341,70,192,9121,0,1593,0,1,97397,123066,24
,其　他,0,0,0,0,0,0,0,0,0,0,0,0,0,0,0,0,0
,合　計,3741,2504830,73300,36020,2087103,96186,25982,2239,3623,150707,639,26874,0,2157,1649952,2068340,939
里港鄉,玉田村,708,494714,13680,5831,414663,24409,3965,912,399,24383,396,4182,0,1895,326755,407860,111
,大平村,274,184250,4515,6994,144870,12261,3250,401,202,9330,10,1537,0,880,115822,155202,112
,永春村,190,135383,3394,1953,112985,5133,1196,79,79,9318,0,1246,0,0,90543,112941,17
,春林村,293,207409,6021,5720,162156,12936,3819,831,207,12258,281,3070,0,109,128731,174363,24
,過江村,444,312973,25174,1560,255698,10108,2334,270,371,12453,202,4222,0,580,201122,259434,49
,鐵店村,299,213739,6598,1943,177431,8767,2452,174,272,13785,829,1451,0,37,140492,176800,144
,塔樓村,322,251254,8342,8929,180734,11348,1613,38,40,37050,0,3144,0,16,143969,214489,81
,潮厝村,299,207219,8436,881,172875,8855,900,593,137,12505,0,1658,0,380,136882,172166,11
,茄苳村,310,216915,7079,1585,182073,7681,2818,238,169,10953,1901,2350,0,69,143922,178765,9
,載興村,459,300609,8502,2250,260783,10872,1183,179,113,14231,78,2328,0,90,203516,244323,170
,土庫村,390,256333,15383,1869,211969,9752,2514,238,221,12778,150,1453,0,5,166596,210960,138
,三󿾴村,355,246726,11826,1119,195025,9115,2178,239,126,24068,0,1367,246,1415,153776,205231,683
,中和村,191,145715,4114,769,103888,6153,886,119,142,28856,0,698,0,91,81970,123797,1
,瀰力村,91,58512,2169,247,50959,1230,404,19,53,2461,0,969,0,0,39970,47998,2
"表166-T(103年度)各類所得金額各縣市鄉鎮村里統計表-縣市別：屏 東 縣,單位：金額(千元)",,,,,,,,,,,,,,,,,,
鄉鎮市區,村里,納稅單位,合　　計,營利所得,執行業務所得,薪資所得,利息所得,租賃及權利金,財產交易所得,機會中獎所得,股利所得,退職所得,其他所得,稿費所得,申報大於歸戶,薪資淨所得,按薪資淨所得計算之綜合所得,稿費收入
,其　他,0,0,0,0,0,0,0,0,0,0,0,0,0,0,0,0,0
,合　計,4625,3231751,125232,41648,2626109,138620,29514,4331,2531,224428,3847,29677,246,5568,2074067,2684327,1550
鹽埔鄉,鹽北村,382,252996,5227,2028,216070,10906,2770,566,160,11406,380,2696,0,787,171368,208518,80
,鹽中村,412,275448,7803,4335,229727,13433,3773,170,146,12382,245,3021,0,414,180040,226054,54
,鹽南村,326,238066,7430,2865,203365,7287,2607,635,159,11330,0,2327,0,61,163418,198454,76
,仕絨村,192,121409,3545,2491,103046,4029,638,91,52,5856,0,1662,0,0,79919,98668,36
,高朗村,488,325814,9601,1392,283566,8189,1999,969,502,15688,607,3241,0,61,223399,265647,14
,振興村,269,177657,8246,3080,148053,5730,559,236,75,10010,80,1438,0,151,116127,146076,5
,久愛村,159,99788,7721,524,82311,1936,1537,48,120,4467,72,550,0,501,63896,81965,65
,新圍村,571,354540,15177,4238,299030,12265,3702,1235,530,13233,169,3653,0,1307,231214,287327,25
,新二村,696,472240,17226,9890,377484,17786,5775,708,429,34196,48,7524,16,1161,295367,391231,525
,彭厝村,177,119747,4976,1171,102716,3960,647,63,86,4662,0,1418,0,50,81485,98516,15
,洛陽村,347,213675,3710,400,190647,8305,1989,1367,146,3990,207,2746,0,167,148655,171683,130
,永隆村,88,54709,2584,60,46395,1876,22,171,82,2585,0,808,0,125,35757,44071,0
,其　他,3,2168,36,0,2127,4,0,0,0,1,0,0,0,0,1695,1736,0
,合　計,4110,2708256,93281,32472,2284536,95705,26017,6260,2487,129806,1807,31084,16,4785,1792340,2219945,1025
高樹鄉,高樹村,397,294195,6254,15879,193605,17990,4815,356,120,52204,102,2165,0,705,152267,253048,195
,長榮村,209,154850,3916,12898,101928,8193,11548,2781,98,12413,14,870,0,191,81372,134294,77
,東振村,77,45969,1582,232,37988,2155,190,14,16,2809,0,983,0,0,29433,37413,19
,東興村,126,92771,1023,989,79527,4676,871,103,33,4365,0,533,0,650,65078,78323,12
,大埔村,86,62683,3979,825,41768,2251,864,132,20,11645,0,1170,0,29,32140,53055,0
,源泉村,130,79158,2346,1949,64081,1729,524,52,125,6473,0,1589,7,280,49850,64927,193
,建興村,149,93947,4100,6063,72256,2058,261,432,75,8022,21,582,0,75,56322,78013,7
,舊寮村,161,108470,2277,1722,93070,3050,613,94,77,6577,0,955,0,36,74018,89418,115
,司馬村,97,63942,1728,62,53555,3189,1545,0,26,3415,97,276,0,51,42170,52557,0
,菜寮村,100,69080,2960,6237,49630,3330,688,150,32,4531,0,1279,0,243,38773,58222,2
,新豐村,211,135335,3112,2135,109266,5085,1585,263,151,12661,422,655,0,0,86957,113027,35
,田子村,147,92931,1108,1251,79568,2758,227,0,103,6585,0,1324,0,5,62934,76297,24
,舊庄村,132,78521,1088,448,66825,2916,646,206,40,4221,0,2055,0,76,51890,63587,12
,鹽樹村,193,119291,7074,6279,93319,3297,160,590,78,7819,0,638,0,36,71563,98436,24
,新南村,229,149949,7844,3529,109116,6340,1104,98,77,21029,39,571,0,202,83220,124054,8
,泰山村,231,155610,3608,2309,121324,9260,4422,215,68,13332,91,728,0,251,94734,129353,36
,南華村,171,95271,1303,1370,85608,2253,214,28,61,3631,0,746,0,54,66176,76166,4
,廣興村,148,94720,4404,452,77330,2839,706,0,10,8004,0,863,112,0,57099,77671,362
,廣福村,146,96502,1140,1755,78675,5166,840,80,39,4201,2145,2461,0,1,61559,80606,0
,其　他,0,0,0,0,0,0,0,0,0,0,0,0,0,0,0,0,0
,合　計,3140,2083194,60848,66384,1608437,88535,31824,5598,1250,193938,2933,20443,120,2886,1257556,1738467,1124
萬巒鄉,萬巒村,302,248228,12305,2820,193735,17436,2768,118,115,16105,658,2082,0,86,159154,213647,332
,萬全村,180,156072,429,698,111642,6206,582,128,496,34916,0,976,0,0,90780,135211,39
"表166-T(103年度)各類所得金額各縣市鄉鎮村里統計表-縣市別：屏 東 縣,單位：金額(千元)",,,,,,,,,,,,,,,,,,
鄉鎮市區,村里,納稅單位,合　　計,營利所得,執行業務所得,薪資所得,利息所得,租賃及權利金,財產交易所得,機會中獎所得,股利所得,退職所得,其他所得,稿費所得,申報大於歸戶,薪資淨所得,按薪資淨所得計算之綜合所得,稿費收入
,萬和村,398,296622,6255,2972,246463,18534,2273,402,227,13914,728,4564,0,292,198267,248426,51
,鹿寮村,195,179418,3064,4412,133328,6571,1241,313,39,28618,14,1815,0,2,108951,155040,14
,硫黃村,110,74198,770,1470,64586,2282,1031,42,65,2963,0,750,0,239,51738,61350,4
,泗溝村,252,184942,5757,753,149614,13129,1286,656,77,6261,243,7081,0,85,121867,157194,0
,佳佐村,279,168554,3578,1326,147990,4660,1720,305,129,6651,54,2123,0,17,115368,135932,31
,佳和村,286,208384,2687,2874,176569,9082,2342,395,208,12351,70,1772,0,34,142233,174048,17
,新厝村,190,128581,7346,1693,111573,2134,148,124,50,4080,0,1384,0,48,88544,105553,28
,新置村,176,106866,6680,356,87024,6345,860,34,129,3506,0,1928,0,4,67329,87172,31
,赤山村,252,143248,5256,589,125510,3442,1720,212,58,5567,0,800,0,95,94977,112716,64
,萬金村,286,158976,5711,894,141100,2651,1145,427,117,5442,0,1385,0,103,105660,123804,35
,五溝村,244,180399,727,1825,153588,13981,642,331,313,6771,0,2013,0,208,126086,152898,112
,成德村,262,183414,3400,1450,153480,12539,729,453,110,7239,1029,2827,0,158,122283,152218,71
,其　他,0,0,0,0,0,0,0,0,0,0,0,0,0,0,0,0,0
,合　計,3412,2417901,63964,24134,1996199,118992,18486,3940,2133,154385,2797,31500,0,1370,1593237,2015209,828
內埔鄉,內埔村,1086,836319,22545,11807,686019,47817,8144,3253,557,41518,429,10684,0,3546,562815,713115,680
,興南村,289,183959,2115,3932,158710,9465,152,29,81,7357,22,1514,0,583,125767,151264,26
,義亭村,115,79438,1073,1251,69433,3850,132,0,15,2582,276,826,0,0,55859,65863,37
,美和村,554,405580,4980,1858,343243,24833,3465,605,270,21763,133,4269,39,121,279598,341935,342
,和興村,731,594822,10263,3681,520646,27355,2947,289,461,24185,796,3803,0,398,427863,502040,349
,豐田村,691,505031,10663,7759,432583,20541,2709,254,532,23360,1229,4535,0,867,344482,416930,156
,竹圍村,433,291697,8885,3006,248822,10654,2275,126,127,14733,109,2797,158,3,195152,237990,483
,富田村,447,311441,3752,3225,260361,16675,856,834,274,16097,338,8711,0,317,206660,257740,223
,東勢村,603,401280,5394,3043,351296,15284,1672,2437,418,17847,77,3483,0,329,278553,328537,123
,東片村,238,165388,4700,1804,132819,8842,898,778,275,13555,25,1118,0,577,105407,137976,129
,東寧村,1162,848160,19504,13336,700404,43862,8451,1753,534,37371,2490,18326,547,1581,562448,710209,1720
,上樹村,229,150713,1436,2023,133139,4931,612,91,47,7091,20,1241,0,83,104878,122731,3
,老埤村,339,216698,13092,2199,182093,6511,2337,679,132,6292,99,2495,186,584,141232,176373,914
,中林村,255,137393,1243,1579,121655,4099,1775,23,83,4941,0,1272,4,719,92170,107907,265
,龍泉村,414,245729,3572,8902,205770,8990,3204,252,147,12334,144,2215,0,200,160622,200582,61
,建興村,131,87604,2260,2122,69708,4395,58,54,77,8314,0,601,0,16,55098,72993,5
,大新村,323,213170,2716,3778,184117,7888,397,205,219,11445,0,2259,0,147,145340,175214,13
,黎明村,387,254474,5440,1030,226395,7842,1034,205,238,10366,0,1683,0,242,177608,207522,37
,隘寮村,168,104042,7889,580,89696,4278,205,0,19,1064,82,228,0,2,67496,83405,0
,龍潭村,395,257804,7882,4782,218208,9738,3003,104,167,11193,0,1875,0,852,170926,210521,23
,內田村,832,616007,12166,20198,505650,35479,7902,2000,294,24915,55,7053,0,295,410374,520731,268
,水門村,137,80985,6277,3380,61474,4122,1032,126,77,3882,0,532,0,83,48286,67796,9
,振豐村,412,307988,3097,2447,266408,10667,540,446,129,16468,1352,6168,0,266,215146,256726,33
,其　他,0,0,0,0,0,0,0,0,0,0,0,0,0,0,0,0,0
,合　計,10371,7295722,160943,107722,6168649,338115,53799,14544,5173,338672,7675,87685,935,11810,4933779,6066101,5900
"表166-T(103年度)各類所得金額各縣市鄉鎮村里統計表-縣市別：屏 東 縣,單位：金額(千元)",,,,,,,,,,,,,,,,,,
鄉鎮市區,村里,納稅單位,合　　計,營利所得,執行業務所得,薪資所得,利息所得,租賃及權利金,財產交易所得,機會中獎所得,股利所得,退職所得,其他所得,稿費所得,申報大於歸戶,薪資淨所得,按薪資淨所得計算之綜合所得,稿費收入
竹田鄉,竹田村,385,282529,4832,3729,232272,13459,2332,174,199,21959,206,3093,0,273,184999,235255,175
,竹南村,170,136951,2742,1738,103663,4567,1749,81,41,21896,0,473,0,0,83743,117030,13
,糶糴村,169,137404,2368,2556,114163,5910,334,101,81,7432,0,4435,0,24,92312,115553,8
,二崙村,205,157177,2402,893,123563,8705,813,121,97,17227,1122,2140,0,94,99198,132812,7
,美崙村,171,115244,980,422,101406,4942,1948,19,146,4580,144,609,0,48,80730,94567,32
,頭崙村,277,193700,2868,3437,158814,9423,1195,134,83,13340,211,4002,0,192,125212,160098,134
,履豐村,148,107921,600,170,93636,4782,1193,179,71,5471,0,1685,0,132,74874,89159,3
,泗洲村,216,129781,3170,3632,108217,4896,1130,182,105,6842,0,1516,11,78,83531,105094,202
,大湖村,228,162728,3217,1486,140341,7968,849,120,193,6221,36,2123,110,64,112673,134950,356
,鳳明村,222,134774,9861,1388,96217,5233,2025,749,71,17770,9,958,0,491,72249,110805,160
,南勢村,101,71435,348,589,65605,2429,15,167,26,1447,42,767,0,0,52021,57850,5
,六巷村,158,120426,1992,1742,105298,3401,391,137,116,6062,13,1208,0,66,84651,99778,39
,西勢村,617,426642,6795,11452,357221,20375,2084,667,457,23579,348,3655,0,9,285017,354439,150
,福田村,111,70843,708,976,63976,2523,27,74,86,991,248,1233,0,0,50230,57097,0
,永豐村,185,148250,4797,827,122909,8334,1022,87,79,7980,0,2080,0,135,99121,124462,30
,其　他,0,0,0,0,0,0,0,0,0,0,0,0,0,0,0,0,0
,合　計,3363,2395803,47681,35038,1987305,106947,17107,2992,1852,162798,2378,29977,121,1607,1580562,1988949,1314
新埤鄉,新埤村,414,282348,4484,4561,241940,9784,1864,445,279,15523,43,3130,0,294,194191,234599,6
,建功村,216,162976,1563,2566,139289,7579,462,188,81,10552,0,694,0,2,113530,137217,91
,打鐵村,222,172639,1170,591,149382,12076,321,188,68,7536,49,1027,0,231,122168,145425,10
,南豐村,133,71824,2593,2130,60349,3859,439,0,63,1809,4,577,0,0,45263,56738,0
,餉潭村,178,86034,4385,424,76687,1790,69,0,87,2003,0,571,0,18,55673,65399,12
,箕湖村,109,57031,2070,382,51891,948,542,117,81,584,0,406,0,8,39412,44551,12
,萬隆村,233,144823,7556,627,124465,3591,1374,32,55,5982,86,927,0,129,96262,116621,150
,其　他,0,0,0,0,0,0,0,0,0,0,0,0,0,0,0,0,0
,合　計,1505,977675,23823,11283,844003,39627,5071,970,715,43989,182,7332,0,681,666499,800550,281
枋寮鄉,枋寮村,272,180942,4763,2638,152138,8203,3709,127,725,6591,12,1638,0,398,122791,151595,1
,保生村,146,89623,2227,1248,80034,3063,498,43,50,1169,0,694,0,596,63878,73466,21
,中寮村,84,50778,2040,289,43547,2594,313,6,52,1491,0,446,0,0,33875,41107,0
,安樂村,301,199208,5333,4432,167424,5007,1951,86,252,13769,0,906,0,48,134737,166521,111
,天時村,407,287333,7359,4150,247206,11168,1996,75,182,10927,18,1985,0,2268,199130,239257,35
,地利村,298,222626,4549,4298,181219,12864,2981,15,120,13895,0,2409,0,275,147192,188599,1
,人和村,429,303823,9695,11415,235889,19998,3370,353,209,19004,534,2966,0,390,189605,257540,113
,內寮村,80,47860,100,496,39591,1262,97,109,8,5855,0,251,0,92,30437,38706,0
,新開村,107,58968,2680,282,50571,577,306,3,27,4277,0,246,0,0,37628,46025,1
,東海村,619,425159,9805,1860,368060,20066,1440,217,303,18098,112,4086,0,1112,292384,349483,39
,大庄村,99,56419,1999,811,48749,1033,99,0,62,3137,0,529,0,0,37455,45125,1
,太源村,140,80384,1979,585,67309,1225,1081,110,25,6431,0,1544,0,94,50815,63890,0
,玉泉村,54,28151,479,24,25620,914,29,0,18,977,0,91,0,0,19558,22089,0
"表166-T(103年度)各類所得金額各縣市鄉鎮村里統計表-縣市別：屏 東 縣,單位：金額(千元)",,,,,,,,,,,,,,,,,,
鄉鎮市區,村里,納稅單位,合　　計,營利所得,執行業務所得,薪資所得,利息所得,租賃及權利金,財產交易所得,機會中獎所得,股利所得,退職所得,其他所得,稿費所得,申報大於歸戶,薪資淨所得,按薪資淨所得計算之綜合所得,稿費收入
,新龍村,122,94671,3052,1826,78216,2168,2637,62,102,3368,3,2970,0,268,64767,81222,45
,隆山村,750,535340,13776,7771,451279,19274,5297,541,563,27819,1981,6220,73,746,366102,450163,570
,其　他,0,0,0,0,0,0,0,0,0,0,0,0,0,0,0,0,0
,合　計,3908,2661284,69836,42126,2236851,109414,25803,1746,2697,136808,2660,26982,73,6288,1790355,2214789,938
新園鄉,內庄村,199,142535,1590,342,121950,8021,1194,664,128,7110,109,1424,0,3,98006,118591,118
,瓦󼍕村,323,238561,10446,1214,200709,10949,470,43,121,11292,0,3249,0,69,160109,197960,26
,田洋村,444,301618,8216,3455,259293,9583,1881,76,161,13047,1183,4678,0,45,205726,248051,94
,仙吉村,660,482467,22670,10182,383990,18146,4374,226,212,36810,18,5480,0,360,305332,403810,25
,港墘村,143,96874,7489,1643,77286,3450,433,0,45,5598,0,917,0,14,60377,79966,52
,新東村,505,350997,9544,2171,303040,13271,1449,261,265,17892,36,2956,0,112,242348,290305,115
,新園村,491,361285,5976,4146,311133,12311,2205,486,252,18851,1517,4310,0,100,248148,298300,22
,烏龍村,270,200977,4265,2923,172286,9771,669,251,214,8204,0,2158,0,236,138146,166837,3
,興龍村,534,414317,10094,3742,358885,18307,2338,121,262,13264,516,6171,143,476,291987,347349,496
,南龍村,327,229941,10994,3594,178200,11615,4807,242,54,17214,419,2767,0,34,141090,192831,99
,中洲村,341,238413,5796,1955,198520,9655,1363,190,199,17470,216,2885,0,164,156924,196817,45
,鹽埔村,807,501198,16941,5874,417815,15016,3371,496,728,32234,17,8317,0,389,323897,407640,8
,共和村,372,215863,4457,1589,180755,7176,1254,247,248,17047,0,3076,0,14,137696,172804,25
,五房村,539,354916,9002,3179,305779,9297,1487,93,308,19888,1522,4223,126,12,237484,286621,457
,港西村,424,306275,6377,1181,267227,8727,1719,2770,162,15227,0,2586,0,298,212838,251886,12
,其　他,0,0,0,0,0,0,0,0,0,0,0,0,0,0,0,0,0
,合　計,6379,4436237,133857,47189,3736866,165296,29015,6166,3357,251149,5554,55197,269,2324,2960108,3659768,1596
崁頂鄉,崁頂村,480,348656,12554,2209,288025,16035,1519,1056,138,22155,585,4114,0,266,228977,289609,92
,園寮村,451,311843,10325,8818,263267,11082,1159,222,249,11191,1443,3981,0,108,209204,257780,52
,力社村,272,191742,7407,1506,163199,9095,788,179,139,7757,0,1547,0,126,131408,159951,67
,圍內村,282,194030,4641,2909,165933,5662,1530,119,70,11763,5,1278,0,121,132996,161094,44
,洲子村,193,125119,1636,1960,109628,3924,459,235,104,5430,221,1456,0,65,86089,101579,59
,北勢村,317,212033,7079,1920,183297,5400,1513,83,235,8989,0,3418,0,97,145556,174291,1
,越溪村,208,140834,6254,3818,115378,4084,884,366,73,7825,252,1105,0,794,90912,116367,97
,港東村,385,268253,5439,4408,234795,7818,1455,150,369,11687,250,1869,0,12,187029,220487,57
,其　他,0,0,0,0,0,0,0,0,0,0,0,0,0,0,0,0,0
,合　計,2588,1792510,55334,27548,1523522,63101,9309,2410,1377,86796,2756,18768,0,1588,1212171,1481159,470
林邊鄉,林邊村,321,241028,12137,2453,189114,16356,4393,693,108,13313,0,2132,0,328,154447,206361,126
,光林村,276,204096,9801,1266,169262,8761,3617,1032,143,7864,13,2337,0,2,137214,172049,6
,仁和村,376,261566,3559,7451,217031,13569,5321,57,197,8326,113,5079,0,864,174151,218686,145
,中林村,187,146154,1950,5862,113973,10479,2115,675,123,9231,133,1446,0,168,94008,126188,25
,永樂村,711,529155,8957,11818,437667,31393,6490,194,337,21712,933,6189,0,3464,356151,447638,74
,田厝村,164,115407,1966,711,104512,3210,488,181,40,3690,0,610,0,0,83958,94853,45
,崎峰村,232,123039,2430,1011,109628,3837,41,1538,85,3774,0,696,0,0,84540,97951,67
,水利村,299,173709,3247,1028,151035,5086,1954,164,68,9553,0,1369,0,204,117205,139879,8
"表166-T(103年度)各類所得金額各縣市鄉鎮村里統計表-縣市別：屏 東 縣,單位：金額(千元)",,,,,,,,,,,,,,,,,,
鄉鎮市區,村里,納稅單位,合　　計,營利所得,執行業務所得,薪資所得,利息所得,租賃及權利金,財產交易所得,機會中獎所得,股利所得,退職所得,其他所得,稿費所得,申報大於歸戶,薪資淨所得,按薪資淨所得計算之綜合所得,稿費收入
,竹林村,394,269683,8984,3075,221640,12366,908,0,167,18258,273,3489,0,522,175735,223778,41
,鎮安村,204,156988,5235,1909,122997,6147,973,82,152,10916,52,1502,0,7023,98969,132960,14
,其　他,0,0,0,0,0,0,0,0,0,0,0,0,0,0,0,0,0
,合　計,3164,2220824,58266,36584,1836859,111203,26299,4616,1421,106636,1517,24849,0,12574,1476377,1860343,551
南州鄉,溪州村,385,259774,5296,4835,221386,14028,3017,244,204,7083,390,2891,0,399,178297,216685,79
,溪南村,255,174408,3351,1895,139152,13197,861,914,175,12732,154,1790,0,186,110765,146020,28
,仁里村,128,104050,3012,1121,80046,6606,154,0,20,11668,113,1191,0,118,65820,89824,23
,溪北村,183,151140,2130,1487,134909,7073,170,51,150,3979,33,1154,0,5,111165,127397,8
,七塊村,187,152400,5259,2886,115367,8554,784,0,44,17145,182,2068,0,112,93229,130262,5
,萬華村,206,131123,1972,250,116737,6093,105,175,58,4929,0,803,0,0,93194,107580,11
,米崙村,232,162727,2817,225,140777,9362,390,228,140,5008,919,2850,0,12,113543,135493,19
,壽元村,161,101020,3338,1180,84344,2740,1712,26,134,5303,0,1986,0,257,67015,83691,1
,同安村,213,147244,895,454,131040,3294,774,1903,116,7398,0,1214,0,155,104688,120892,17
,南安村,79,57192,3898,1008,47928,1880,14,51,29,1727,0,607,0,51,37928,47191,0
,其　他,0,0,0,0,0,0,0,0,0,0,0,0,0,0,0,0,0
,合　計,2029,1441077,31968,15340,1211685,72827,7983,3592,1070,76973,1792,16554,0,1295,975643,1205035,189
佳冬鄉,佳冬村,312,235527,5367,7891,199150,10842,1143,309,211,7772,402,2360,0,79,161309,197685,27
,六根村,288,185245,1245,896,158567,12540,604,56,222,8967,224,1753,0,171,124937,151616,55
,賴家村,161,106211,2293,247,92734,4923,894,26,98,4097,2,897,0,0,73736,87213,19
,萬建村,356,243923,6856,1093,214642,9444,461,863,85,7710,10,1616,0,1144,169298,198579,20
,石光村,372,261243,2921,1694,235837,8560,1337,129,166,8290,108,2181,0,19,190667,216073,160
,玉光村,386,235160,2767,5034,204813,8068,1774,99,185,8478,25,3588,0,329,160045,190391,32
,昌隆村,201,139594,3487,1290,116459,9268,1040,104,103,5210,73,2176,0,384,93833,116968,9
,豐隆村,110,79070,645,505,66922,2724,865,2037,48,4728,0,596,0,0,53098,65246,57
,大同村,216,157098,4055,3965,134848,4621,1740,0,87,5724,289,1760,0,8,107948,130197,21
,羗園村,185,150090,2462,673,98984,6208,3807,0,46,35970,3,1872,0,65,79148,130254,8
,燄溫村,139,79913,1839,493,70725,2342,966,7,78,2155,0,1139,0,168,54657,63845,4
,󻕯豐村,296,159164,6676,530,138749,4923,2434,275,264,3073,88,1593,0,558,104473,124888,1
,其　他,1,281,0,0,281,0,0,0,0,0,0,0,0,0,173,173,0
,合　計,3023,2032517,40613,24312,1732712,84464,17065,3906,1589,102175,1225,21530,0,2925,1373323,1673128,411
琉球鄉,本福村,381,283724,10259,6230,226278,12033,3362,206,741,19681,0,4450,0,484,181755,239201,38
,中福村,204,160908,4437,513,125533,5574,898,36,45,22947,0,811,0,116,100622,135997,27
,漁福村,156,104609,1125,1545,86354,5267,175,46,45,8552,0,933,0,568,68587,86842,151
,大福村,277,182314,4137,2132,153697,8840,131,147,251,11620,0,1352,0,8,122069,150686,6
,南福村,174,109173,1073,1030,97776,3762,1387,200,38,3268,0,562,0,76,78275,89672,19
,天福村,157,93177,2430,470,81960,4330,141,0,164,3071,9,593,0,9,63413,74630,10
,上福村,227,143320,5672,764,125588,3605,832,115,649,5215,0,757,0,122,98694,116425,4
,杉福村,124,79476,4572,49,68318,3036,180,0,38,2777,0,499,0,7,53912,65071,0
,其　他,0,0,0,0,0,0,0,0,0,0,0,0,0,0,0,0,0
"表166-T(103年度)各類所得金額各縣市鄉鎮村里統計表-縣市別：屏 東 縣,單位：金額(千元)",,,,,,,,,,,,,,,,,,
鄉鎮市區,村里,納稅單位,合　　計,營利所得,執行業務所得,薪資所得,利息所得,租賃及權利金,財產交易所得,機會中獎所得,股利所得,退職所得,其他所得,稿費所得,申報大於歸戶,薪資淨所得,按薪資淨所得計算之綜合所得,稿費收入
,合　計,1700,1156701,33705,12732,965504,46448,7104,750,1971,77131,9,9958,0,1390,767328,958525,253
車城鄉,福興村,281,182480,5287,1733,145088,15140,1836,1721,112,10600,10,749,0,204,113824,151215,22
,福安村,98,63316,1539,368,52669,3008,1259,347,6,3799,155,165,0,0,41477,52123,26
,統埔村,82,51232,159,216,47828,1940,106,72,44,601,0,218,0,47,37855,41259,3
,田中村,120,66504,1756,1928,55890,3812,88,0,132,2622,0,275,0,0,41748,52363,1
,海口村,120,89751,2764,260,72135,1638,329,2,31,11311,0,1278,0,2,58098,75715,1
,溫泉村,137,88650,7762,1383,66442,1377,1217,81,49,9059,0,1279,0,0,51303,73511,2
,保力村,183,112065,5539,2378,92103,7370,281,277,51,2799,0,379,0,889,70991,90953,15
,新街村,47,26240,1078,0,19904,1710,994,267,7,2185,0,78,0,17,14750,21086,0
,埔墘村,93,53506,652,49,51504,361,75,102,45,481,0,233,0,5,39153,41155,14
,射寮村,77,38327,545,87,35294,1150,164,0,5,745,18,139,0,180,25413,28446,6
,後灣村,92,56042,657,359,50368,1403,662,219,17,1534,0,614,210,1,37606,43820,509
,其　他,0,0,0,0,0,0,0,0,0,0,0,0,0,0,0,0,0
,合　計,1330,828113,27738,8762,689225,38908,7011,3089,499,45736,183,5407,210,1344,532218,671646,600
滿州鄉,滿州村,248,192996,5578,7555,137495,8377,2661,119,174,29725,58,1080,0,174,107532,163032,0
,里德村,48,33030,1134,1382,25478,291,6,0,44,4117,0,515,0,63,19875,27428,12
,永靖村,211,134611,3354,2738,112611,8580,409,110,129,5713,106,765,97,0,87528,109526,328
,港口村,191,112037,3639,887,95897,4005,1262,102,98,5054,0,1092,0,0,73073,89212,31
,响林村,103,80523,3371,917,53627,2503,223,1603,13,17879,0,388,0,0,40735,67630,0
,長樂村,160,96163,1611,488,86353,4034,428,125,53,2672,0,400,0,0,66363,76173,20
,九棚村,45,30549,50,1377,26275,1123,14,0,12,799,0,898,0,0,20383,24657,3
,港仔村,56,35335,11,418,31263,335,687,61,2,2373,0,184,0,0,24905,28977,1
,其　他,0,0,0,0,0,0,0,0,0,0,0,0,0,0,0,0,0
,合　計,1062,715243,18748,15762,569000,29248,5688,2120,524,68331,164,5322,97,237,440394,586635,396
枋山鄉,枋山村,160,113807,5930,4558,88747,2838,2455,378,67,8322,0,488,23,0,70010,95070,230
,加祿村,244,160317,1515,1894,135356,5502,1660,53,207,12058,83,1867,0,122,108349,133310,125
,楓港村,125,80981,2336,57,72165,2200,980,0,47,2208,0,988,0,1,57571,66386,11
,善餘村,113,68913,1458,1098,58565,3070,686,38,10,3716,0,203,0,69,45242,55590,1
,其　他,0,0,0,0,0,0,0,0,0,0,0,0,0,0,0,0,0
,合　計,642,424018,11239,7607,354833,13610,5781,469,331,26304,83,3547,23,192,281172,350356,367
三地門鄉,三地村,293,207904,3516,3333,191175,6023,494,45,249,1931,0,791,0,347,153865,170594,71
,賽嘉村,107,64611,756,1045,59957,1702,485,0,12,313,0,340,0,0,45776,50430,23
,口社村,108,78880,219,1960,73516,1881,14,179,29,336,513,234,0,0,58833,64197,4
,安坡村,60,33199,155,1010,31679,96,15,0,0,42,0,202,0,0,23387,25229,2
,青山村,116,83413,5104,1312,72151,1227,113,0,7,339,0,3127,0,32,57969,69230,25
,達來村,35,20354,618,209,19217,128,0,0,0,134,0,48,0,0,14655,15793,0
,青葉村,91,55067,737,551,51641,1285,180,0,59,590,0,23,0,0,39623,43369,8
,德文村,74,39352,44,307,36844,97,0,0,13,1021,0,1028,0,0,26619,29128,5
,大社村,103,58353,1009,1185,50198,451,3207,0,237,947,28,1057,33,0,37624,45778,348
"表166-T(103年度)各類所得金額各縣市鄉鎮村里統計表-縣市別：屏 東 縣,單位：金額(千元)",,,,,,,,,,,,,,,,,,
鄉鎮市區,村里,納稅單位,合　　計,營利所得,執行業務所得,薪資所得,利息所得,租賃及權利金,財產交易所得,機會中獎所得,股利所得,退職所得,其他所得,稿費所得,申報大於歸戶,薪資淨所得,按薪資淨所得計算之綜合所得,稿費收入
,馬兒村,30,21349,0,213,20697,314,0,0,8,0,0,116,0,0,16401,17052,21
,其　他,0,0,0,0,0,0,0,0,0,0,0,0,0,0,0,0,0
,合　計,1017,662482,12158,11125,607075,13204,4507,224,615,5654,541,6966,33,379,474752,530801,506
霧臺鄉,霧臺村,297,213372,2079,1817,200395,6247,170,63,135,146,199,2111,0,9,156910,169887,390
,好茶村,67,39415,415,330,37436,168,3,0,54,58,0,951,0,0,29365,31344,159
,阿禮村,63,42835,278,33,40809,1490,14,0,31,14,0,60,0,107,32230,34256,2
,大武村,53,32319,495,39,28958,550,153,0,7,1818,0,215,0,84,21385,24746,4
,吉露村,37,21885,59,5,20814,910,0,0,3,3,0,90,0,0,15343,16414,2
,佳暮村,70,39615,253,134,36491,393,177,43,6,1858,0,250,0,10,27354,30478,4
,其　他,0,0,0,0,0,0,0,0,0,0,0,0,0,0,0,0,0
,合　計,587,389441,3579,2357,364903,9759,518,106,235,3897,199,3677,0,209,282586,307124,560
瑪家鄉,瑪家村,84,56998,57,466,53407,1374,387,1,10,72,17,1208,0,0,42654,46245,25
,北葉村,183,123699,465,740,114242,4650,370,172,3,657,175,1924,0,302,90356,99813,49
,凉山村,173,105910,461,789,98744,3485,34,3,51,1692,0,610,42,0,76065,83223,268
,排灣村,81,55019,73,428,52455,647,210,0,11,771,242,173,0,8,40895,43459,6
,三和村,449,299368,1578,1891,284331,5578,390,216,211,960,107,3370,0,735,224543,239580,65
,佳義村,148,99406,463,390,92940,2654,126,34,25,2067,79,627,0,0,74133,80856,34
,其　他,0,0,0,0,0,0,0,0,0,0,0,0,0,0,0,0,0
,合　計,1118,740400,3099,4704,696118,18387,1517,426,311,6219,620,7913,42,1045,548645,593176,447
泰武鄉,佳平村,166,111567,2368,779,101343,3557,69,94,362,2210,0,784,0,1,80185,90410,11
,武潭村,173,118368,752,852,113350,2264,435,25,4,165,0,491,0,30,89612,94630,1
,佳興村,53,37052,304,964,34350,677,55,69,131,18,0,485,0,0,27491,30193,12
,泰武村,97,55798,291,295,51270,995,117,38,3,2199,0,591,0,0,39253,43781,0
,平和村,119,64631,378,102,63140,116,0,0,1,351,81,461,0,2,46622,48113,3
,萬安村,151,102799,559,328,97023,2495,30,0,343,418,26,1578,0,0,75948,81724,93
,其　他,0,0,0,0,0,0,0,0,0,0,0,0,0,0,0,0,0
,合　計,759,490216,4652,3319,460475,10103,706,226,843,5361,107,4389,0,34,359110,388851,120
來義鄉,丹林村,173,110346,3069,581,99184,4146,356,25,40,2222,216,500,0,6,77907,89069,39
,來義村,196,103898,1176,129,97014,1891,233,349,58,2743,0,289,0,17,72177,79061,5
,古樓村,223,129290,1126,247,122091,3488,232,0,234,1478,79,315,0,0,93089,100289,20
,望嘉村,188,122220,1157,1430,116173,2652,30,0,39,84,170,435,0,50,92301,98349,23
,文樂村,167,111890,495,9280,99371,2060,26,0,74,103,0,386,0,94,77941,90459,189
,義林村,119,72246,675,122,68710,1821,121,0,61,244,0,481,0,11,52985,56521,93
,南和村,214,130720,3167,338,121832,3497,9,64,34,772,0,1004,0,3,95972,104860,53
,其　他,0,0,0,0,0,0,0,0,0,0,0,0,0,0,0,0,0
,合　計,1280,780610,10865,12129,724375,19554,1008,438,540,7645,465,3410,0,181,562372,618608,421
春日鄉,春日村,125,82287,670,759,74835,4359,168,0,3,209,0,1242,0,42,60368,67820,17
,古華村,99,52939,1066,129,51096,358,44,0,14,52,0,133,0,48,38594,40436,0
,士文村,27,17834,54,0,17284,266,0,0,30,82,0,117,0,0,13481,14031,0
"表166-T(103年度)各類所得金額各縣市鄉鎮村里統計表-縣市別：屏 東 縣,單位：金額(千元)",,,,,,,,,,,,,,,,,,
鄉鎮市區,村里,納稅單位,合　　計,營利所得,執行業務所得,薪資所得,利息所得,租賃及權利金,財產交易所得,機會中獎所得,股利所得,退職所得,其他所得,稿費所得,申報大於歸戶,薪資淨所得,按薪資淨所得計算之綜合所得,稿費收入
,力里村,80,42148,795,204,40506,422,3,0,12,41,0,153,0,12,29650,31292,0
,七佳村,176,104757,1377,2445,97342,2179,372,0,67,460,33,383,0,98,74749,82164,0
,歸崇村,102,60881,71,950,57318,1832,241,104,6,130,28,84,0,117,44546,48110,0
,其　他,0,0,0,0,0,0,0,0,0,0,0,0,0,0,0,0,0
,合　計,609,360846,4034,4486,338382,9416,828,104,131,974,62,2112,0,317,261389,283853,17
獅子鄉,楓林村,141,98574,1222,1235,91673,2339,1014,8,180,163,0,701,0,40,71947,78848,57
,丹路村,127,87890,1711,1208,78617,5152,491,78,19,72,0,543,0,0,62038,71311,0
,草埔村,151,97951,1957,874,87059,4072,1976,133,18,687,181,823,0,171,68210,79102,37
,內文村,37,19677,30,43,18451,838,0,0,0,3,0,84,0,227,14065,15290,0
,竹坑村,46,31366,0,174,30106,911,76,16,1,23,0,58,0,0,22990,24249,9
,獅子村,49,34375,2450,202,29568,390,2,0,23,134,603,1000,0,5,23000,27808,11
,內獅村,86,53999,614,395,51889,592,352,13,4,9,0,130,0,0,40541,42651,3
,南世村,67,44068,190,79,42594,929,78,0,15,66,0,115,0,1,33732,35206,9
,其　他,0,0,0,0,0,0,0,0,0,0,0,0,0,0,0,0,0
,合　計,704,467900,8174,4210,429957,15224,3989,249,260,1157,783,3454,0,444,336522,374466,126
牡丹鄉,石門村,297,217330,2462,2184,200375,8368,1416,0,241,1404,29,852,0,0,159861,176816,72
,牡丹村,128,89455,2028,89,82218,3926,472,64,44,245,0,364,0,5,64514,71751,16
,東源村,66,40353,687,173,38912,431,0,8,22,2,0,116,0,0,30244,31684,0
,旭海村,61,43062,785,38,37926,1757,1126,0,2,558,0,870,0,0,29623,34759,7
,高士村,114,75785,2225,1224,69099,867,40,59,0,2119,0,150,0,0,52659,59344,13
,四林村,72,44260,308,466,39417,931,0,0,110,430,0,2482,0,116,29808,33394,15
,其　他,0,0,0,0,0,0,0,0,0,0,0,0,0,0,0,0,0
,合　計,738,510243,8495,4173,467948,16280,3055,131,419,4759,29,4834,0,120,366709,407748,123
其　他,其　他,19,14714,434,1102,11502,633,8,0,19,908,0,107,0,0,9472,12685,0
,合　計,19,14714,434,1102,11502,633,8,0,19,908,0,107,0,0,9472,12685,0
