"表166-N(103年度)各類所得金額各縣市鄉鎮村里統計表-縣市別：彰 化 縣,單位：金額(千元)",1,2,3,4,5,6,7,8,9,10,11,12,13,14,15,16,17,18
鄉鎮市區,村里,納稅單位,合　　計,營利所得,執行業務所得,薪資所得,利息所得,租賃及權利金,財產交易所得,機會中獎所得,股利所得,退職所得,其他所得,稿費所得,申報大於歸戶,薪資淨所得,按薪資淨所得計算之綜合所得,稿費收入
彰化市,中正里,515,997299,15976,30689,287947,34727,31735,1206,255,580174,57,2995,0,11538,232603,941955,326
,文化里,450,392293,7432,15711,238683,42565,7524,420,108,76480,396,1745,0,1230,192265,345875,634
,新興里,1870,1677538,48355,27657,1269945,77674,23382,2977,1877,200075,846,19821,78,4851,1031472,1439386,1405
,下󿾴里,1766,1770531,43610,30351,1194692,94279,21708,4389,1127,358278,798,15816,707,4776,970489,1546329,3197
,民生里,551,545144,11109,18003,315090,43096,15493,1048,705,133355,385,5553,0,1308,257718,487713,369
,興北里,560,443450,9566,22040,317445,29267,9831,695,436,45801,105,6915,0,1347,255325,381329,324
,信義里,317,373133,7332,24996,203861,31226,19972,769,107,80898,50,1563,266,2092,172936,342082,1292
,陽明里,612,539686,13627,11683,365968,42026,5843,609,166,94398,1022,3152,0,1194,297196,471071,176
,萬安里,1413,1270504,28065,19732,848179,87126,18812,1427,1059,242574,2006,12542,0,8981,680901,1103225,836
,新華里,502,400890,8840,6131,291779,20669,5225,331,264,63678,731,3098,0,144,228629,337740,157
,光華里,289,253529,6935,9009,155320,22760,10638,114,263,44267,0,1472,0,2751,127711,225920,140
,光復里,289,385326,14057,14063,171241,19267,16499,295,223,145887,0,1682,0,2112,143197,357283,359
,龍山里,676,634725,13584,10249,462593,52246,4864,963,344,80142,94,6370,566,2712,384074,555841,2096
,中山里,253,204248,3685,3754,140359,14757,2776,214,220,35438,1298,1645,0,103,112884,177094,117
,永福里,306,417245,4278,11643,199440,25943,10598,1264,488,159544,0,1982,0,2065,165682,383487,215
,永生里,413,293213,8387,14131,172450,27390,15873,185,155,50970,248,1464,85,1876,135603,256979,534
,桃源里,694,581526,16189,26878,402174,29945,6955,464,236,93431,0,4152,0,1102,320136,499489,439
,大同里,334,298329,8732,16662,176781,22881,19429,296,1587,46350,0,2642,352,2617,145658,267206,842
,東興里,580,566213,13323,18589,365899,46852,10252,1855,470,103084,55,3015,671,2148,303486,503801,2141
,卦山里,880,937172,88670,16645,575403,65675,8490,1899,711,167738,1991,8722,104,1126,473766,835536,1296
,彰安里,1030,870538,28119,24440,578791,58205,30566,710,878,135979,394,8985,13,3458,463255,755287,431
,福安里,388,317439,9986,14379,191753,30858,14010,723,281,50593,119,1190,0,3547,154246,279932,193
,西安里,942,1170546,22305,20815,569320,50432,20828,1519,1284,475635,162,5992,0,2253,457465,1058692,603
,成功里,544,517203,18336,17101,336304,30086,16556,791,332,87899,0,4770,0,5027,276233,457132,275
,南瑤里,2756,2472953,72515,82153,1700200,139917,54541,7272,2187,379639,1264,30145,474,2645,1381843,2154459,3242
,華陽里,562,488293,5389,5093,352018,38796,3647,305,398,73264,75,8295,57,955,287261,423536,611
,延和里,1745,1715358,47578,33778,1181322,64677,22819,2663,1275,343749,1157,13289,52,2999,961305,1495825,1658
,延平里,2977,6491890,50851,68388,2037614,142702,30526,3662,1626,4125611,1220,19766,926,8998,1666312,6124226,4135
,華北里,506,398889,8223,15272,283354,39347,7358,1135,641,38511,1001,2743,0,1306,227674,343216,156
,南興里,2500,2079336,62347,35661,1594258,84116,18826,2208,1675,262384,664,14704,0,2493,1280165,1765698,1715
,富貴里,311,242400,8334,4268,156816,18775,10530,5941,128,34634,0,1806,0,1169,126616,212199,300
,介壽里,730,697769,14840,13884,464030,47463,6910,2569,828,139639,127,5203,338,1938,379665,613407,1654
,光南里,532,584912,12508,108005,355777,36038,11644,1810,348,50758,0,3085,148,4790,293921,523312,933
,民權里,349,286908,13524,6780,166601,18686,12759,34,141,66205,0,1106,0,1072,131162,251821,283
,萬壽里,305,242346,16432,12078,136993,18811,15041,145,231,38949,0,2783,0,883,107751,213103,234
,中央里,283,244336,4860,9613,125253,17476,12814,409,136,70350,0,2699,0,725,99675,218758,190
,忠孝里,459,518365,15110,13485,304727,25380,7071,551,214,147611,491,4325,0,-601,253437,467075,294
,五權里,1380,1099261,43676,17228,793701,47175,10697,1993,563,170562,0,9409,252,4005,620754,926313,1012
,西興里,1176,1026446,43386,9548,710984,48239,28855,1187,571,173656,15,8021,263,1721,570238,886142,952
"表166-N(103年度)各類所得金額各縣市鄉鎮村里統計表-縣市別：彰 化 縣,單位：金額(千元)",,,,,,,,,,,,,,,,,,
鄉鎮市區,村里,納稅單位,合　　計,營利所得,執行業務所得,薪資所得,利息所得,租賃及權利金,財產交易所得,機會中獎所得,股利所得,退職所得,其他所得,稿費所得,申報大於歸戶,薪資淨所得,按薪資淨所得計算之綜合所得,稿費收入
,忠權里,1110,941461,26548,15423,692087,50782,10353,2388,491,122733,1612,9885,383,8777,556991,806365,1336
,長樂里,368,294331,6644,12182,177116,28642,22552,463,478,38879,0,5421,0,1953,143549,260764,136
,西勢里,1298,1160184,35118,22212,820811,60409,21564,1143,1781,181708,610,8890,191,5748,661791,1001606,1361
,莿桐里,1090,904224,37384,14071,609788,39254,22364,1954,2924,155672,0,19524,0,1288,480637,775076,439
,南安里,699,437757,40358,2197,293747,18332,16740,1245,221,61688,14,2518,14,684,213358,357510,286
,東芳里,1080,858018,37467,3196,529377,27882,11271,1037,482,237836,269,7363,26,1813,396218,725483,510
,南美里,568,406391,26849,4738,302982,13312,3704,472,342,50907,27,2931,0,127,234194,337604,192
,平和里,1540,1165001,61911,26248,828381,55445,21551,1794,757,155373,138,10897,0,2507,643636,980278,333
,磚󼍕里,1087,783073,56265,7277,509545,24751,19527,337,415,158369,87,4764,564,1172,379271,652798,1166
,阿夷里,2728,2341147,64233,55301,1788152,95681,26037,3398,1937,283082,1408,18202,0,3716,1430805,1983801,618
,古夷里,780,533278,27349,8107,401035,16153,10304,554,404,63124,0,2860,0,3387,305133,437375,244
,寶󿾴里,351,237181,12018,3948,171722,8523,3103,203,310,35188,0,1381,0,784,129562,195021,19
,茄苳里,297,200737,16601,1907,123818,6922,6210,102,345,42854,527,1050,0,400,87567,164486,63
,茄南里,930,696353,44919,16842,469740,21348,14253,800,453,123207,21,4036,44,689,359046,585632,460
,和調里,936,735694,24864,6952,515423,43536,14737,923,729,117712,98,8899,0,1822,407151,627422,402
,大竹里,1053,781656,26094,15617,595715,27388,12897,756,824,91856,160,8719,0,1630,463754,649695,335
,竹中里,546,373442,11900,6124,296940,16781,4021,390,354,31523,922,3967,0,519,231949,308451,174
,安溪里,595,433807,16212,2191,344005,13287,2716,264,621,49041,1491,3375,0,605,267378,357180,37
,香山里,1092,807777,28963,6244,626288,31558,9889,909,557,92798,593,8248,285,1445,490698,672184,756
,牛埔里,893,589412,17776,7917,450037,22526,9428,839,446,73432,0,5214,388,1410,340669,480043,947
,三村里,310,210600,14162,1087,138921,9304,4554,308,172,41431,0,465,0,197,101883,173562,142
,國聖里,849,622153,36828,6835,381579,27094,16563,277,321,148573,11,3618,56,399,284364,525249,600
,福山里,2219,1472651,51339,21271,1125324,58006,23921,2240,1430,172559,0,14547,0,2013,853076,1200403,437
,中庄里,858,612692,19328,4159,489737,24418,3943,517,383,63481,20,3993,0,2713,382816,505770,149
,快官里,357,373811,10511,4747,200962,13326,3559,642,251,136987,38,1966,109,712,156136,331613,423
,竹巷里,230,153803,9433,722,122505,5529,672,0,34,12287,0,2321,0,301,92746,124044,37
,福田里,366,222900,7623,2337,178451,10448,1238,135,201,20519,0,1766,0,182,133332,177781,22
,石牌里,316,267212,8657,4446,162696,10182,1682,57,91,76370,0,2970,0,60,123439,227954,1
,田中里,251,177871,10800,149,129397,5712,3719,76,64,26818,0,785,0,350,95178,143833,9
,建寶里,830,724908,14257,25385,532026,69799,8703,1664,315,62254,78,8815,53,1559,437471,630358,899
,復興里,1518,1269718,72665,16750,938110,58504,13347,1824,826,155782,721,7113,489,3587,757785,1089379,2122
,臺鳳里,1453,917559,30831,14200,757099,24954,5242,1272,586,76757,5,5688,0,924,572813,733273,249
,向陽里,1716,1692842,48401,34045,1148645,71636,23120,5314,1436,338599,1279,15687,531,4148,927458,1471407,2576
,崙平里,1847,1639291,134955,23576,1111851,83376,26178,2633,1830,234091,528,14626,0,5647,892530,1419970,343
,其　他,4,2524,0,0,2380,139,0,0,0,1,0,5,0,0,1884,2029,0
,合　計,64910,59488641,1959331,1258992,38161454,2882490,1001562,93973,47353,13401682,27421,477173,8483,168728,30406981,51744876,53592
鹿港鎮,詔安里,584,336449,23405,3005,230170,11421,4131,183,230,60683,0,2680,0,542,159581,265859,32
,洋厝里,648,455236,37244,1867,315062,17452,5209,440,301,75300,0,1895,0,466,233043,373218,38
,海埔里,1015,620984,36590,4697,459774,20999,12087,427,746,79755,62,5083,0,764,340701,501911,139
"表166-N(103年度)各類所得金額各縣市鄉鎮村里統計表-縣市別：彰 化 縣,單位：金額(千元)",,,,,,,,,,,,,,,,,,
鄉鎮市區,村里,納稅單位,合　　計,營利所得,執行業務所得,薪資所得,利息所得,租賃及權利金,財產交易所得,機會中獎所得,股利所得,退職所得,其他所得,稿費所得,申報大於歸戶,薪資淨所得,按薪資淨所得計算之綜合所得,稿費收入
,山崙里,788,505812,44756,3351,344139,14933,7163,1551,334,83204,0,4528,0,1853,254597,413467,11
,頭南里,628,2079061,18749,2412,303992,17187,8813,308,423,1720117,0,6565,0,496,229128,2004197,15
,草中里,948,631630,42630,7472,441996,26937,6019,236,512,98817,0,6025,0,985,326735,516369,69
,廖厝里,1299,888549,65402,7266,575875,28200,13165,763,688,183292,106,13338,0,454,415845,728519,313
,溝墘里,1387,1396707,68948,11368,598380,39018,13063,1888,1350,651997,1274,8991,18,412,427952,1226278,255
,頭崙里,835,599721,50482,2142,336381,16793,8280,526,911,177041,222,4436,156,2350,235088,498316,632
,東石里,1273,965040,30962,7077,686641,30077,6294,696,467,193921,45,7039,0,1821,530325,808724,109
,頂番里,1230,896550,71759,6058,548870,32418,15280,1027,674,213645,21,5614,100,1083,393867,741547,436
,郭厝里,134,90667,1308,689,77697,3903,1669,50,122,4682,0,456,0,89,61157,74127,7
,玉順里,341,237382,5312,7976,172838,11637,2573,92,1215,31667,0,2876,674,520,134192,198689,1190
,新宮里,239,145855,2496,1179,97138,17608,3234,1362,89,19922,0,1837,0,992,74433,123151,6
,順興里,261,187146,4564,6663,132396,15287,4602,232,210,19815,0,3066,0,311,102872,157622,124
,中興里,176,124891,4753,7852,60518,13156,10903,1002,72,25810,0,362,0,463,45913,110286,13
,景福里,385,300660,6042,9347,208534,25638,8473,592,310,39257,248,1633,0,586,167770,259895,359
,興化里,173,125253,5216,3882,86803,11341,3312,259,126,12915,0,937,0,462,67992,106442,110
,洛津里,234,160990,9185,5857,112375,9911,5092,128,122,15917,0,1242,0,1160,88066,136681,186
,街尾里,701,607298,8122,13634,393410,34532,9059,539,601,95934,0,4381,0,47087,310876,525088,373
,泰興里,435,539224,21746,11488,246138,31516,12757,743,451,183032,3042,1577,0,26733,200840,493925,270
,埔崙里,1532,1129668,36467,15099,876423,36772,5176,1063,1360,146426,670,6965,1,3244,678747,931999,870
,菜園里,300,193946,5623,5590,151501,11635,1800,167,225,16432,152,689,0,132,118124,160569,76
,長興里,92,90041,2171,1122,37109,8731,5518,0,31,19872,0,2365,0,13122,28872,81804,5
,東崎里,1426,945780,53916,11801,710228,27002,10625,742,1016,117845,0,9824,0,2781,527375,762927,344
,龍山里,225,163314,4321,5277,108441,13599,4392,357,32,23309,0,3436,0,150,84480,139353,37
,頂厝里,2450,2001240,57271,16693,1339559,77316,37837,1674,1562,449644,155,15924,431,3175,1039087,1700591,1557
,大有里,353,390967,8734,4500,190821,13905,7814,136,168,161914,779,1694,0,502,150602,350748,114
,永安里,1469,1306632,43164,14584,841148,70198,27102,2022,1022,290258,237,11495,2,5401,669996,1135479,504
,其　他,1,383,0,349,34,0,0,0,0,0,0,0,0,0,0,350,0
,合　計,21562,18117075,771338,200293,10684392,689122,261440,19207,15371,5212423,7011,136956,1383,118138,8098255,15528130,8192
和美鎮,竹營里,2051,1583369,68121,30386,1172239,65473,16997,1830,2130,205987,330,14806,5,5064,906377,1317507,456
,和東里,1497,1261732,60041,39003,811112,62746,28820,3223,610,241917,608,10048,92,3511,636197,1086822,963
,和南里,137,94371,4333,916,66524,7050,958,42,39,13077,102,1125,0,204,53786,81632,4
,和北里,651,501877,15425,15205,349032,20576,7283,403,318,87656,67,2579,0,3334,272411,425256,135
,和西里,1112,873398,31231,22697,631033,51386,14560,2632,616,108915,23,4739,0,5566,497808,740174,399
,四張里,984,669758,27614,4656,511627,23066,11103,119,1318,86510,46,2573,0,1128,387162,545294,232
,頭前里,538,382189,16017,2672,272317,10255,2171,56,181,75172,0,2714,0,636,200040,309912,27
,還社里,272,164782,5968,2428,122435,4225,5405,1040,56,21732,0,1113,0,381,89294,131641,0
,鎮平里,929,617419,29275,9105,447785,21623,9169,305,640,93285,140,6002,0,88,333462,503096,162
,大霞里,431,289018,20201,1363,209096,7814,2653,462,94,45573,0,1701,0,62,157469,237392,17
,源埤里,528,351808,30282,2871,238168,13923,6562,350,256,56490,539,2216,0,151,175643,289283,155
"表166-N(103年度)各類所得金額各縣市鄉鎮村里統計表-縣市別：彰 化 縣,單位：金額(千元)",,,,,,,,,,,,,,,,,,
鄉鎮市區,村里,納稅單位,合　　計,營利所得,執行業務所得,薪資所得,利息所得,租賃及權利金,財產交易所得,機會中獎所得,股利所得,退職所得,其他所得,稿費所得,申報大於歸戶,薪資淨所得,按薪資淨所得計算之綜合所得,稿費收入
,南佃里,662,406719,35699,1965,277964,13898,10367,622,180,63932,0,1680,0,412,194155,322910,26
,雅溝里,450,293618,14600,3867,195663,11466,8135,481,94,57364,0,1520,0,428,141605,239560,7
,面前里,671,470513,27873,3287,346199,12755,5020,654,199,69867,10,4561,0,89,263107,387421,92
,山犁里,1755,1339996,65311,24533,983369,52139,13856,1629,1095,185666,801,10631,0,966,761481,1118108,244
,嘉犁里,621,506876,31229,3614,286659,19207,11354,641,189,151772,96,1499,0,615,212290,432507,212
,鐵山里,987,835982,32659,6246,520967,31249,14382,655,322,223898,880,4583,0,141,402192,717481,111
,詔安里,671,452439,17606,3661,334778,16676,6819,358,292,68735,0,3401,0,111,252429,370404,43
,柑井里,1120,778098,34151,8781,566906,26785,8475,255,480,126048,96,4720,0,1401,427028,638220,192
,竹園里,304,188023,14361,1139,143707,4460,2353,330,131,20626,21,864,0,31,104988,149303,3
,新庄里,802,539055,21498,5687,404749,16962,6790,570,376,78163,46,3981,0,231,306008,440314,346
,犁盛里,777,562931,27123,4884,409923,21428,10461,679,427,81706,0,4943,419,940,314418,467435,991
,中寮里,314,194003,17493,2431,138771,8244,1344,139,100,23741,0,825,0,915,100907,156139,22
,中圍里,935,598540,31129,5621,469657,22104,7445,1394,484,55389,0,4720,0,598,352787,481671,13
,糖友里,1466,1120599,40282,19959,903395,37561,6064,2237,1194,96852,1911,9979,64,1099,703141,920345,814
,塗厝里,575,366235,18240,1526,270542,15680,8287,334,164,50123,0,1100,0,237,199453,295145,84
,地潭里,263,171099,5847,747,140227,6462,778,10,84,15993,0,893,0,59,103729,134601,6
,湖內里,391,249336,10387,1828,192544,9340,2111,56,226,30513,0,1416,0,915,141679,198471,15
,嘉寶里,608,396553,27764,2071,254023,13519,9072,860,503,86297,0,1541,0,905,182259,324790,2
,月眉里,1048,627014,21404,5635,497902,17456,5461,345,398,71741,0,5980,368,323,365732,494844,928
,好修里,538,313715,11685,2900,240868,13336,4088,46,382,35985,0,3464,0,961,179051,251898,67
,仁愛里,868,621692,24281,9781,458083,25835,9419,633,525,87183,131,3947,369,1505,345118,508727,1265
,其　他,1,155,0,0,108,6,41,0,0,0,0,0,0,0,0,47,0
,合　計,24957,17822913,839131,251462,12868372,684707,257805,23391,14101,2717911,5847,125864,1318,33006,9763206,14718349,8033
北斗鎮,光復里,484,394095,8097,8393,304028,28071,3507,306,201,32839,314,2550,0,5789,245683,335750,92
,新政里,277,217487,9918,24897,131253,21547,8216,454,65,16674,27,3241,0,1196,105405,191983,52
,重慶里,146,106374,436,4041,80755,10146,560,74,146,9374,0,544,0,298,66197,91816,29
,五權里,181,130028,20122,2964,83633,9709,2152,44,67,9749,0,761,0,827,66961,113355,458
,七星里,377,254076,7444,6233,199391,14969,2364,433,279,19335,0,2886,0,742,156309,210994,136
,居仁里,390,298059,13011,9120,199643,29081,8248,69,250,35287,35,1254,223,1837,158404,256819,772
,東光里,565,390656,13671,7506,319154,20194,3489,719,263,22676,6,2519,77,381,250844,322346,299
,中和里,299,199999,6586,1907,152517,8013,2140,0,185,24278,0,893,0,3479,115668,163150,1
,文昌里,802,589241,9477,7739,464562,29313,7405,596,534,63977,193,3518,0,1927,369466,494144,102
,西德里,1326,1013926,23877,16651,808119,62038,8886,1744,823,80697,793,8317,0,1980,651440,857634,464
,西安里,440,362655,14142,6897,252237,26948,7670,332,274,47808,1329,2912,0,2106,202456,312875,60
,中寮里,581,417321,17111,6548,319778,22615,6101,1007,331,38089,2546,2406,0,789,253486,351028,82
,大道里,457,345478,10363,3910,257498,20634,2281,899,175,44655,22,3749,0,1292,204971,292951,399
,新生里,444,271452,11094,8235,215115,11272,1338,24,296,21459,0,2612,0,7,161103,217440,182
,大新里,443,303501,11554,2886,236875,9874,3412,765,231,36042,31,1726,0,105,180489,246687,32
,其　他,0,0,0,0,0,0,0,0,0,0,0,0,0,0,0,0,0
"表166-N(103年度)各類所得金額各縣市鄉鎮村里統計表-縣市別：彰 化 縣,單位：金額(千元)",,,,,,,,,,,,,,,,,,
鄉鎮市區,村里,納稅單位,合　　計,營利所得,執行業務所得,薪資所得,利息所得,租賃及權利金,財產交易所得,機會中獎所得,股利所得,退職所得,其他所得,稿費所得,申報大於歸戶,薪資淨所得,按薪資淨所得計算之綜合所得,稿費收入
,合　計,7212,5294348,176905,117927,4024558,324426,67771,7467,4120,502936,5296,39889,300,22753,3188881,4458972,3158
員林市,東和里,314,261710,14276,8485,176747,17379,6314,424,437,29124,0,3607,0,4917,143458,228421,201
,民生里,791,572092,11994,19973,414485,32515,12060,808,548,69269,67,6326,0,4046,328375,485981,186
,中正里,1055,937272,14361,44965,695759,53467,16539,1639,674,91304,808,9092,5,8660,573085,814598,911
,新興里,215,167668,3733,11772,117060,15657,3780,519,141,11618,60,2424,48,856,94181,144789,250
,仁美里,891,815434,15434,41185,533852,84126,18159,5809,561,103675,210,8562,17,3845,442932,724563,731
,和平里,961,802751,18142,37195,557028,54165,20111,2467,935,98483,49,12902,0,1274,448372,694430,202
,光明里,263,214630,8132,6085,119020,15382,11762,331,66,50228,0,647,2171,807,94283,188498,3396
,中山里,213,199995,5634,10162,107789,17626,16278,761,105,35625,0,2900,0,3117,88759,180965,28
,黎明里,525,495576,16242,14089,265024,27667,13926,373,234,151315,713,3776,0,2218,209943,440818,330
,惠來里,1790,1495298,40075,59466,1051422,84321,28008,6433,1045,206443,72,15299,0,2714,844782,1288659,628
,三義里,784,634986,26306,8795,403348,33195,11371,778,2302,139376,323,5430,0,3762,313711,545349,123
,南平里,1609,1422871,30670,23502,1034151,81206,23112,1507,885,207198,851,15236,173,4381,835467,1224680,1712
,大埔里,565,369238,10686,3155,298011,10450,3273,1295,367,39944,0,1866,138,53,226873,298100,493
,源潭里,458,333710,14423,5264,254464,12541,3768,1211,336,36432,0,4996,103,171,195818,275064,531
,三條里,812,755015,14417,15006,558459,44881,9526,387,1310,101790,369,7841,48,981,459408,655964,617
,三橋里,934,721814,9288,14815,568029,38652,9707,3024,1519,62070,31,13114,130,1435,453711,607496,569
,溝皂里,691,708700,18003,13804,383295,25447,8933,554,1205,253400,90,3245,0,724,301242,626647,127
,中央里,575,430760,10708,3161,326850,13460,6221,374,419,67215,0,1436,0,917,254508,358537,69
,大饒里,956,717334,21367,9024,577645,25384,7576,1691,411,67908,0,5133,0,1197,451422,591111,107
,大明里,646,422762,13705,7872,336383,13625,2478,548,194,43923,0,3463,358,212,254676,341056,743
,萬年里,1070,856089,23133,14751,665409,42700,6964,2377,885,92845,233,5009,247,1536,533761,724441,1165
,崙雅里,699,449355,11916,5451,361124,15575,5198,466,365,41190,0,7096,0,973,275228,363459,316
,振興里,713,506580,18538,7969,388852,18895,7062,221,1399,48266,967,7394,0,7016,301560,420537,124
,林厝里,706,452226,10708,5688,370663,13870,5091,311,395,42120,69,2582,0,729,280194,361757,104
,出水里,381,244169,3641,5308,205845,7284,1247,307,246,18529,17,1734,0,10,155885,194208,79
,湖水里,292,185196,4625,1694,147100,6935,1214,60,585,21367,458,1036,0,121,109771,148423,0
,大峰里,188,120152,3864,1813,87257,2558,2661,38,91,21533,0,330,0,5,63607,96870,116
,鎮興里,454,297153,11143,7984,251321,9356,2449,630,233,11880,26,1765,0,366,195756,241588,58
,浮圳里,619,485222,4900,6615,373435,21925,2398,586,377,69827,66,3584,0,1509,296228,408015,87
,西東里,533,353974,13092,7634,287522,14208,2742,266,357,25901,75,1742,0,435,219718,286471,66
,南東里,496,330102,10321,4687,256055,12404,3951,257,184,38688,1520,1796,0,239,195460,269508,121
,中東里,453,317637,13326,5300,257043,10193,2351,223,504,24661,280,3432,0,324,199824,260822,90
,東北里,632,413731,13884,5737,341280,10867,2789,3107,374,32338,187,2612,0,556,261648,334555,56
,新生里,1356,1703953,49179,27793,782876,79001,40425,1963,1155,705226,488,14120,0,1728,629799,1551932,567
,三和里,2026,1797955,29863,53101,1326874,110293,19753,4292,1312,222339,1582,19056,1112,8378,1080694,1552342,2884
,南興里,1319,905092,21002,14502,722649,65743,4924,913,796,66431,282,6820,533,499,563181,745609,1578
,三愛里,960,1115525,15722,19470,651148,53469,20513,584,778,344496,352,6783,171,2038,535897,1000238,1522
,三信里,792,819104,14610,32578,496335,62179,31953,2072,629,168195,246,7356,0,2951,408488,731278,478
"表166-N(103年度)各類所得金額各縣市鄉鎮村里統計表-縣市別：彰 化 縣,單位：金額(千元)",,,,,,,,,,,,,,,,,,
鄉鎮市區,村里,納稅單位,合　　計,營利所得,執行業務所得,薪資所得,利息所得,租賃及權利金,財產交易所得,機會中獎所得,股利所得,退職所得,其他所得,稿費所得,申報大於歸戶,薪資淨所得,按薪資淨所得計算之綜合所得,稿費收入
,三多里,848,2307109,42634,46138,625914,59420,22522,3125,605,1496076,164,9527,5,980,529871,2211812,630
,仁愛里,502,494827,12173,13229,317054,38951,17763,1082,213,86094,67,6210,143,1847,262867,440640,679
,忠孝里,698,618342,15019,15497,442967,41772,8250,2014,946,85119,235,5849,35,640,359732,535144,575
,其　他,4,1053,0,0,583,244,75,114,0,32,0,6,0,0,367,837,0
,合　計,30789,27254161,660891,660712,18138127,1398987,445195,55939,26120,5529491,10955,243137,5438,79168,14474539,23596209,23248
溪湖鎮,光平里,357,256378,10169,10129,174618,26383,3531,3378,237,25477,0,2211,12,232,137116,218876,263
,平和里,233,190147,9122,14641,119352,13151,5545,128,118,25105,0,2918,0,66,96075,166871,24
,太平里,536,445311,9177,13691,327190,20065,9028,360,394,61195,74,3029,10,1098,260672,378790,657
,光華里,146,132040,2979,4893,65014,8429,3372,457,227,46132,13,345,94,86,51317,118343,470
,東寮里,985,767522,18170,33572,520804,50754,13104,1290,1106,123371,63,3889,0,1401,402808,649526,352
,西寮里,616,481312,15069,4821,316103,16901,4637,350,376,119309,23,2683,0,1040,239151,404360,208
,大突里,925,830949,28618,8681,551865,27896,8171,775,881,197130,435,5925,0,573,440422,719506,69
,北勢里,316,203463,2714,391,166802,7040,2078,49,200,22334,30,1090,0,737,126982,163644,30
,汴頭里,753,560688,18590,8837,445385,22379,4269,1449,421,52366,592,5552,56,791,347807,463107,288
,大竹里,721,552545,12368,18173,397455,38231,12950,2772,584,65782,31,3541,2,658,314211,469302,673
,湖西里,653,481849,8899,16428,359413,23036,7799,1933,292,56748,359,5711,0,1232,280358,402795,252
,田中里,172,107915,9631,770,83700,3834,1638,687,56,6658,0,691,0,251,63800,88015,29
,河東里,402,234051,12495,2644,177053,10239,2482,1237,316,25223,590,1078,0,693,133533,190531,80
,中山里,560,370638,6898,6655,300537,12368,5480,112,362,34685,989,2015,0,537,233490,303591,169
,中竹里,212,128437,5109,584,106230,3403,1079,29,107,10723,0,1066,0,108,79076,101282,20
,東溪里,324,220480,10712,2496,154288,7060,4524,569,145,38700,0,1955,23,8,117661,183853,321
,西溪里,522,362072,14742,3776,257200,17175,7360,126,182,58652,19,2099,0,742,195924,300796,125
,湖東里,1275,974530,33114,31943,750810,42609,10877,3284,727,90807,953,8646,0,760,595525,819244,352
,頂庄里,160,100118,3975,1523,73885,3650,1890,30,172,14565,0,386,0,42,54459,80692,26
,忠覺里,351,238629,5501,3185,194711,10393,2853,54,261,19167,89,1982,154,279,150619,194411,404
,湳底里,132,123520,4253,804,76264,5268,594,66,86,35640,0,535,0,10,59429,106685,2
,大庭里,343,227172,6558,1934,190382,11722,1796,419,161,12421,31,1090,77,582,147807,184521,484
,媽厝里,248,161611,6552,2650,125814,7690,863,730,37,15986,25,1215,0,47,98458,134255,6
,西勢里,527,348990,10780,2099,276313,11849,6814,1423,929,34203,0,4458,0,122,210237,282914,20
,番婆里,392,253978,10712,4282,186598,11568,3693,347,323,32641,21,3767,0,26,141992,209372,89
,其　他,0,0,0,0,0,0,0,0,0,0,0,0,0,0,0,0,0
,合　計,11861,8754345,276906,199604,6397785,413093,126425,22051,8701,1225020,4335,67876,427,12121,4978927,7335279,5411
田中鎮,香山里,175,110088,2451,1709,96878,2940,767,87,58,3947,72,866,0,315,75574,88784,50
,碧峰里,204,134981,3419,759,111360,7390,1606,12,86,7428,72,1197,0,1652,86200,109821,0
,東源里,173,113589,2164,1879,97676,4322,662,117,194,5147,0,1412,0,16,77055,92973,30
,復興里,400,263014,11463,3404,224821,10108,2034,147,242,9112,22,1581,0,80,175735,213928,4
,平和里,356,222530,7143,4402,180835,9141,1478,121,170,17137,67,1708,0,328,137515,179210,8
,頂潭里,355,258424,4665,4055,213883,8747,1634,174,129,21986,0,1916,0,1235,168112,212653,52
,中潭里,464,318786,8151,1495,270503,11240,1812,543,590,21153,226,2992,0,82,214105,262388,26
"表166-N(103年度)各類所得金額各縣市鄉鎮村里統計表-縣市別：彰 化 縣,單位：金額(千元)",,,,,,,,,,,,,,,,,,
鄉鎮市區,村里,納稅單位,合　　計,營利所得,執行業務所得,薪資所得,利息所得,租賃及權利金,財產交易所得,機會中獎所得,股利所得,退職所得,其他所得,稿費所得,申報大於歸戶,薪資淨所得,按薪資淨所得計算之綜合所得,稿費收入
,龍潭里,154,94125,644,907,80416,5002,884,43,133,5420,0,676,0,0,62653,76361,2
,北路里,972,761202,16158,18516,617532,39447,6811,2078,642,51806,583,6981,0,647,498110,641780,307
,西路里,674,514763,8888,16760,407780,29969,8357,255,397,37694,0,3650,0,1013,328950,435933,388
,東路里,302,227742,6554,5896,176786,14433,5684,766,176,15563,0,1562,0,322,143582,194537,92
,南路里,339,238498,5261,4025,168677,21724,4362,191,63,29282,22,3732,0,1158,132266,202086,6
,中路里,635,507284,11965,14483,387851,47024,5060,1002,466,32436,13,6353,67,565,316091,435456,380
,新庄里,629,483415,4863,1930,415634,25034,916,301,1821,28736,98,4082,0,0,332994,400774,199
,三安里,363,222397,5466,3983,178780,7916,1682,277,139,22968,0,853,0,332,136130,179747,2
,大崙里,274,181774,4952,1247,155657,7445,854,20,181,9875,0,1319,0,223,121926,148043,115
,沙崙里,463,353412,9358,3423,236808,11597,3361,1400,116,79414,4,7461,0,470,180862,297466,252
,新民里,1240,879276,14689,13831,740875,39859,2729,341,835,58212,296,5551,0,2059,580593,718993,266
,梅州里,306,197072,7466,5193,157104,7640,1812,162,142,15693,0,1604,0,255,121164,161132,20
,三民里,377,243666,2152,4247,207201,8488,1921,373,197,17443,315,1132,0,199,160091,196556,39
,三光里,194,129347,10824,1669,100653,5010,1422,49,232,8063,0,1425,0,0,76323,105017,13
,大社里,214,136324,8226,845,104794,4947,1567,80,112,15061,0,658,0,34,79808,111338,10
,其　他,0,0,0,0,0,0,0,0,0,0,0,0,0,0,0,0,0
,合　計,9263,6591708,156922,114656,5332505,329423,57416,8539,7120,513576,1788,58711,67,10984,4205838,5464979,2260
二林鎮,東和里,546,450149,16776,28196,276309,45730,7244,289,598,68974,26,3427,0,2580,224584,398441,46
,南光里,914,743963,24501,23317,551155,58315,9375,376,640,67022,3,5538,0,3720,444397,637206,84
,西平里,327,228152,8702,3470,177326,14653,3696,531,267,15592,24,1743,0,2148,140967,191792,72
,北平里,750,563793,9233,9276,432547,36499,5313,613,510,59384,0,6714,0,3702,345757,477013,95
,中西里,313,216922,5713,2116,165613,10627,1457,55,254,27639,0,1800,0,1648,128758,180069,48
,廣興里,280,171638,5244,1277,138192,6369,417,540,115,17102,0,2351,0,30,106531,139976,1
,香田里,215,154766,6111,384,130279,5396,531,237,189,10199,0,1438,0,2,104163,128650,105
,外竹里,181,131893,9217,2958,100573,4798,119,45,4989,8421,0,774,0,0,79197,110517,0
,興華里,221,150354,5340,754,129457,5204,397,1,105,8037,0,1016,0,43,101913,122810,29
,東興里,348,258118,10347,2163,200743,10408,903,121,257,31475,0,1701,0,1,156105,213480,65
,後厝里,896,674815,18112,9531,543417,38361,7562,928,847,47738,23,4941,6,3350,433998,565396,345
,豐田里,550,446172,5376,10187,331239,18045,3845,96,423,68199,767,6834,0,1162,264396,379329,144
,頂厝里,253,161055,4918,3623,133253,5596,821,52,172,10782,0,1650,0,188,103141,130943,4
,趙甲里,256,188936,7248,1408,146900,6004,1558,144,122,22401,0,2762,0,391,116947,158983,7
,振興里,205,133474,5866,4896,109797,5842,545,172,65,5429,0,600,0,261,85259,108935,0
,萬興里,158,115178,6097,489,93937,5821,945,54,280,6551,0,659,0,345,74816,96058,17
,永興里,316,228513,2498,2713,178426,8674,1393,288,325,32342,0,1459,0,395,141316,191403,76
,西庄里,250,166635,8902,255,118264,6920,2129,364,178,28068,3,1235,0,318,88772,137143,6
,梅芳里,178,120105,7965,1012,93604,3433,1222,765,130,11080,0,713,8,172,73335,99836,372
,華崙里,812,558870,18105,6747,418341,22902,3412,69,623,81150,25,6870,0,627,322907,463436,162
,東勢里,176,117563,5527,2769,91681,5500,935,55,46,8548,0,2028,0,474,70072,95954,2
,大永里,158,98791,3074,196,83017,4011,381,841,47,6692,0,522,0,11,64354,80129,0
"表166-N(103年度)各類所得金額各縣市鄉鎮村里統計表-縣市別：彰 化 縣,單位：金額(千元)",,,,,,,,,,,,,,,,,,
鄉鎮市區,村里,納稅單位,合　　計,營利所得,執行業務所得,薪資所得,利息所得,租賃及權利金,財產交易所得,機會中獎所得,股利所得,退職所得,其他所得,稿費所得,申報大於歸戶,薪資淨所得,按薪資淨所得計算之綜合所得,稿費收入
,萬合里,204,143468,5465,2487,113858,5878,1449,242,164,12580,0,1335,0,11,89778,119388,9
,原斗里,289,186119,7038,3299,152012,12069,2321,180,291,6486,0,1845,0,578,118839,152946,172
,西斗里,221,143770,2633,1718,119423,4760,858,106,165,13307,43,726,0,30,93085,117432,11
,東華里,191,140361,7777,848,110623,5969,508,126,269,13417,0,682,0,141,86998,116736,162
,復豐里,128,87659,3867,396,71730,5597,1581,0,73,3502,0,799,70,45,55323,71252,311
,其　他,0,0,0,0,0,0,0,0,0,0,0,0,0,0,0,0,0
,合　計,9336,6781233,221653,126486,5211714,363382,60915,7288,12143,692116,914,62162,84,22374,4115708,5685255,2346
線西鄉,線西村,683,465315,11352,8377,344243,14957,2696,343,206,76526,0,4481,105,2028,260449,381521,397
,頂庄村,355,192407,6156,1501,155302,7056,2514,167,248,17522,246,1632,0,63,113678,150784,13
,寓埔村,682,452072,27698,6119,317013,15912,6098,151,295,73587,0,2209,0,2989,234386,369444,16
,󻕯仔村,378,252785,11920,1865,177046,10380,966,59,189,48359,22,1236,0,743,131859,207598,6
,溝內村,328,196935,18682,1289,144178,5987,2107,198,81,22840,59,1508,0,5,104799,157556,12
,下犁村,570,347823,21017,4161,248624,12904,4586,287,228,54208,143,1399,0,267,181994,281193,32
,頂犁村,767,498343,22254,4411,363301,18932,7938,836,306,77212,0,2892,0,260,270418,405460,13
,德興村,445,287880,19806,902,205844,7365,3832,142,307,47827,0,1641,0,216,151703,233739,7
,其　他,1,3929,0,0,3899,7,0,0,0,0,0,22,0,0,3791,3821,0
,合　計,4209,2697489,138885,28626,1959451,93499,30738,2184,1860,418081,470,17020,105,6569,1453076,2191114,496
伸港鄉,新港村,1653,1125505,39384,28125,857505,55276,15592,655,1314,116410,12,10422,224,585,658502,926630,931
,什股村,519,294089,10576,1417,227094,10878,3303,1051,153,37258,986,1132,116,126,165644,232523,346
,海尾村,545,327844,12970,2815,265100,11282,2685,0,298,29672,38,2879,0,107,195908,258653,26
,全興村,409,256795,13595,1475,182956,6331,1700,34,116,49334,0,1136,0,118,133682,207521,42
,溪底村,558,351578,13300,6685,260280,12013,7346,222,156,48981,0,1913,0,682,188612,279910,85
,定興村,834,473496,23896,4284,374425,14538,5558,92,558,45428,38,3892,0,786,270272,369343,32
,泉州村,641,373209,11623,1931,306281,11881,2758,3,200,35527,0,2573,0,432,227699,294627,36
,泉厝村,394,247031,12350,2390,192745,11258,1722,7,288,24847,0,1374,0,49,145014,199300,126
,曾家村,473,268218,7492,2732,218491,11372,1954,190,369,24227,0,1001,241,149,161818,211545,793
,蚵寮村,271,172802,8267,3192,127635,4589,8112,0,298,19652,45,901,0,110,95564,140731,1
,埤墘村,418,245573,7650,1305,207772,5459,1631,549,266,18007,0,2883,0,49,156335,194135,83
,七嘉村,896,572968,22146,3958,466356,14952,4145,605,439,55532,0,4766,0,68,347944,454556,40
,汴頭村,694,450670,22066,4491,314855,13145,5942,390,717,82778,0,5722,0,563,230272,366087,81
,大同村,580,400494,16033,3929,304082,14208,4267,508,214,54870,11,2304,0,68,228512,324924,31
,其　他,1,230,0,0,230,0,0,0,0,0,0,0,0,0,122,122,0
,合　計,8886,5560501,221347,68730,4305807,197181,66715,4306,5387,642523,1129,42899,581,3895,3205899,4460606,2653
福興鄉,福興村,1073,686043,27889,12625,521483,23296,13637,812,702,79566,0,4113,0,1919,392850,557410,158
,外中村,352,230908,15998,468,177251,8359,2063,92,298,25516,0,808,0,56,130953,184611,115
,元中村,361,270154,5464,3904,198273,12226,2796,222,217,43790,756,2417,0,91,150421,222302,41
,大崙村,359,266646,12614,1761,164688,14723,5255,20,375,60375,0,6230,0,604,121376,223335,44
,外埔村,442,300699,18441,1177,237062,11552,2991,529,284,25203,0,3295,0,165,179478,243115,66
,三汴村,459,323937,15183,4214,238052,21445,3716,313,306,37852,0,1952,0,905,181456,267342,45
"表166-N(103年度)各類所得金額各縣市鄉鎮村里統計表-縣市別：彰 化 縣,單位：金額(千元)",,,,,,,,,,,,,,,,,,
鄉鎮市區,村里,納稅單位,合　　計,營利所得,執行業務所得,薪資所得,利息所得,租賃及權利金,財產交易所得,機會中獎所得,股利所得,退職所得,其他所得,稿費所得,申報大於歸戶,薪資淨所得,按薪資淨所得計算之綜合所得,稿費收入
,萬豐村,290,233201,4808,376,155449,8761,2870,111,174,59453,0,1185,0,14,117542,195293,59
,番社村,389,271966,15813,1757,197640,11199,4055,133,186,34662,0,3933,0,2590,146891,221218,29
,社尾村,368,232343,12270,3259,176497,11012,1402,332,107,24470,83,2877,0,31,131434,187279,8
,番婆村,659,535842,20117,2370,317459,13489,6395,207,223,172453,0,2244,0,884,237522,455905,180
,橋頭村,864,734775,21302,5137,429576,29369,12874,298,509,158921,699,11784,0,64305,327342,632541,132
,秀厝村,596,350204,14128,2285,253386,11921,5941,609,216,57708,0,3622,2,385,187404,284220,187
,鎮平村,282,180954,13644,725,130239,5486,2101,0,38,26030,0,2077,0,613,96405,147120,5
,三和村,242,193168,14924,377,120133,7091,2600,63,153,46610,0,1164,0,53,91761,164795,8
,麥厝村,566,344086,15568,2113,265767,13449,7901,177,216,36333,0,2441,0,120,200865,279185,78
,廈粘村,539,324025,6359,2265,266121,13571,3526,269,219,27374,0,3385,0,937,202171,260076,24
,頂粘村,637,545192,25433,1590,303619,12897,4019,75,193,195297,0,1792,0,276,229069,470642,12
,福寶村,316,219374,21356,1832,142770,7524,2301,187,413,41805,0,1087,0,100,105045,181650,83
,二港村,362,233938,13524,3813,170117,13062,1151,173,303,30428,0,1181,0,186,129234,193055,5
,福南村,772,542689,20428,2169,367816,13484,6769,403,816,127057,0,3108,0,640,271769,446643,22
,西勢村,569,372453,10628,1896,284067,16460,4068,166,352,52779,0,2008,0,27,214941,303326,138
,同安村,667,412206,31604,4250,311222,13417,4112,452,345,43064,0,3702,0,38,228075,329059,82
,其　他,0,0,0,0,0,0,0,0,0,0,0,0,0,0,0,0,0
,合　計,11164,7804804,357496,60365,5428687,293792,102542,5644,6645,1406746,1538,66406,2,74940,4074005,6450120,1519
秀水鄉,秀水村,504,344104,21849,644,253644,15650,3919,309,206,43325,0,4139,0,419,189837,280298,89
,安溪村,656,526696,24328,3340,342788,20424,10899,583,306,120439,0,2004,0,1587,258789,442884,412
,莊雅村,863,626098,15690,4028,468583,23204,6119,148,522,103509,358,2728,0,1209,357534,515049,115
,陜西村,410,261463,9280,905,211114,9092,1441,32,276,23123,0,4074,1971,154,157809,208605,3045
,金興村,486,321854,13790,1295,244414,17709,3625,507,355,38906,0,1142,0,111,185006,262793,27
,安東村,1255,915115,39511,12531,629210,63633,16450,2039,565,139486,17,10464,0,1209,479334,765239,432
,鶴鳴村,978,688811,49670,5430,473991,28153,15991,410,581,104864,1613,5537,146,2424,351671,566996,463
,馬興村,703,497669,36164,3899,332067,17606,8330,543,797,91951,1609,4081,84,538,243554,409156,426
,義興村,368,240346,21850,2151,154688,8599,5487,350,240,43825,2,1375,0,1778,110351,196009,61
,福安村,1432,1046265,44638,18086,795795,41473,7678,762,1056,121794,217,13665,0,1101,615084,865554,475
,埔崙村,635,461231,26106,7458,347647,22039,8175,299,510,44659,353,2904,0,1083,266674,380259,107
,曾厝村,507,321182,13478,6293,249391,13789,3142,339,332,32673,27,1317,0,401,186356,258454,117
,金陵村,513,358590,17559,1709,281781,9031,3610,341,316,42894,42,1195,0,112,212137,288946,81
,下崙村,624,427097,29523,2619,296746,16716,4610,203,336,73049,0,3032,7,256,219011,349362,306
,其　他,0,0,0,0,0,0,0,0,0,0,0,0,0,0,0,0,0
,合　計,9934,7036521,363436,70388,5081857,307118,99476,6865,6398,1024498,4238,57658,2207,12381,3833146,5789604,6157
花壇鄉,花壇村,1031,742560,24644,20627,540960,38913,18806,3391,514,86343,87,5553,0,2721,418662,620094,286
,金墩村,563,372043,15207,2185,265959,17164,4128,400,419,64243,36,2022,0,280,199954,306038,253
,中庄村,720,495771,17994,3322,339342,16070,6311,367,283,99814,0,10829,0,1440,251224,407654,70
,劉厝村,281,186359,6863,2021,146419,6293,2789,714,674,14404,0,5471,0,709,113330,153269,155
,崙雅村,424,274038,7949,4423,204836,17049,6440,300,152,31717,0,957,0,213,155316,224517,2
"表166-N(103年度)各類所得金額各縣市鄉鎮村里統計表-縣市別：彰 化 縣,單位：金額(千元)",,,,,,,,,,,,,,,,,,
鄉鎮市區,村里,納稅單位,合　　計,營利所得,執行業務所得,薪資所得,利息所得,租賃及權利金,財產交易所得,機會中獎所得,股利所得,退職所得,其他所得,稿費所得,申報大於歸戶,薪資淨所得,按薪資淨所得計算之綜合所得,稿費收入
,南口村,535,391530,15505,4231,302991,17349,4118,405,426,42636,0,3413,0,456,235260,323799,99
,岩竹村,354,219462,18832,1896,155726,10092,3393,382,459,27099,191,1255,0,136,114918,180577,160
,橋頭村,1032,640492,21058,14027,490693,21509,11225,275,670,74752,37,4831,0,1415,363768,513567,78
,灣雅村,255,161436,7592,2151,116064,6625,3414,130,64,21536,0,741,80,3039,86244,131536,425
,灣東村,220,154465,6986,1643,109235,7892,1196,69,258,25846,0,756,0,583,82693,127923,4
,三春村,510,294927,9839,5117,245282,8958,1237,448,304,21143,0,1906,0,692,182968,233707,8
,永春村,539,346784,9972,3069,280021,8954,4424,192,252,35759,193,1800,0,2149,208326,275674,5
,長春村,444,300333,8346,899,241841,9165,3557,0,716,32302,17,3235,0,257,185235,243728,143
,中口村,209,152824,4406,3621,106947,6236,858,619,61,29221,25,829,0,0,82053,127929,15
,北口村,594,385013,17965,3412,289415,13536,6686,108,211,48536,18,4534,0,592,217332,312930,163
,長沙村,1697,1237457,55953,17951,905014,57957,18363,2125,961,166909,1205,8966,0,2053,700474,1033215,632
,文德村,931,594697,14040,7542,471981,18051,7729,1870,488,67246,10,4011,0,1726,353210,478345,82
,白沙村,1462,1640202,64472,37051,1019837,45411,29133,3892,799,381642,154,51877,353,5581,833085,1457225,2339
,其　他,0,0,0,0,0,0,0,0,0,0,0,0,0,0,0,0,0
,合　計,11801,8590391,327622,135187,6232564,327226,133807,15689,7712,1271147,1974,112989,432,24042,4784052,7151729,4919
芬園鄉,社口村,657,440538,11370,8521,361190,21718,6491,299,220,23438,17,5231,0,2044,281268,360961,234
,竹林村,445,289641,9063,3734,233958,10390,5160,255,201,23797,0,2521,0,562,178920,234602,49
,楓坑村,133,74115,2868,804,56562,2977,203,30,459,8704,0,1231,0,276,41212,58764,16
,芬園村,245,145007,5406,976,117304,7186,880,39,203,12092,0,647,0,275,88366,116070,5
,大埔村,325,187851,8311,5450,151951,9532,1046,82,138,10180,0,938,0,223,113366,149266,67
,舊社村,433,271600,13496,1643,219547,9779,1871,560,148,21366,0,2744,0,445,165218,217271,72
,進芬村,251,171451,4987,1218,136999,6711,1860,408,108,16838,397,1812,0,113,104053,138504,79
,茄荖村,620,379827,17760,7983,306106,15860,3740,624,278,24787,250,2097,0,342,232413,306134,62
,嘉興村,414,265656,11453,5307,206240,9511,3070,1009,106,26737,42,1701,0,478,155683,215099,9
,縣庄村,300,200303,8198,3244,167231,7463,1576,143,302,10002,542,1559,0,43,129236,162309,7
,圳墘村,136,101251,5657,1714,69115,4827,361,633,46,18381,0,372,0,144,52483,84618,0
,溪頭村,424,262947,3764,1471,230432,8856,1658,45,151,14757,0,1728,0,86,175589,208842,26
,同安村,232,143568,4647,289,121497,6115,1034,51,114,8698,0,1123,0,0,91719,113789,13
,中崙村,225,145900,4156,1849,119877,4119,2705,837,114,11172,0,1072,0,0,91515,117538,8
,大竹村,214,133716,2702,907,109511,4901,1196,0,143,12566,0,1443,0,347,82193,106398,3
,其　他,0,0,0,0,0,0,0,0,0,0,0,0,0,0,0,0,0
,合　計,5054,3213372,113838,45110,2607520,129946,32850,5015,2730,243516,1248,26219,0,5379,1983234,2590166,648
大村鄉,大村村,904,655503,19911,15170,502627,22935,6760,1565,443,61439,94,22716,0,1844,384569,537445,258
,田洋村,271,174405,4508,682,150653,4836,1119,50,64,10881,0,1537,0,75,113710,137462,19
,南勢村,329,200626,7159,4274,158724,5536,1412,12,140,21684,0,1462,0,223,117925,159827,2
,貢旗村,363,254528,4914,4384,176379,7758,4478,161,133,48920,0,6960,0,440,130708,208857,8
,茄苳村,378,266955,17122,2738,192634,11463,1557,7,210,38280,0,2944,0,0,144470,218791,38
,加錫村,346,220026,9880,2920,168629,7254,2197,79,193,26986,0,1355,0,532,124707,176103,9
,大崙村,340,207643,7715,642,166818,7383,3670,364,138,19908,0,968,0,35,122493,163318,70
"表166-N(103年度)各類所得金額各縣市鄉鎮村里統計表-縣市別：彰 化 縣,單位：金額(千元)",,,,,,,,,,,,,,,,,,
鄉鎮市區,村里,納稅單位,合　　計,營利所得,執行業務所得,薪資所得,利息所得,租賃及權利金,財產交易所得,機會中獎所得,股利所得,退職所得,其他所得,稿費所得,申報大於歸戶,薪資淨所得,按薪資淨所得計算之綜合所得,稿費收入
,新興村,281,172057,8558,731,134963,5582,1462,381,226,15590,0,4439,0,125,99527,136621,3
,擺塘村,652,455857,18460,8191,353134,19181,3563,373,498,47363,0,4452,0,642,272400,375524,113
,村上村,424,288291,15850,5774,218357,13422,3385,525,319,28562,0,1672,0,424,167956,237890,129
,美港村,919,5612482,145724,6231,796156,29441,49826,451,398,4569263,208,11406,0,3377,686036,5502362,46
,過溝村,743,570955,14591,12381,452894,17044,4737,2601,524,61436,85,2987,0,1677,357701,476095,389
,大橋村,496,337829,13346,3109,257695,9284,8342,69,390,40969,0,4464,0,162,194992,275126,149
,黃厝村,576,402141,12943,1022,329819,12409,2277,2641,228,37258,0,2527,0,1016,251695,326023,61
,福興村,569,342501,7520,8801,272737,10128,2954,226,911,34284,0,2601,2,2335,199534,271854,296
,平和村,676,472671,19427,3325,363845,14460,6971,956,229,56854,74,5839,0,692,276784,387963,179
,其　他,0,0,0,0,0,0,0,0,0,0,0,0,0,0,0,0,0
,合　計,8267,10634470,327629,80374,4696064,198117,104710,10459,5045,5119677,460,78331,2,13599,3645207,9591261,1767
埔鹽鄉,埔鹽村,479,346815,13915,4828,252285,20761,5091,340,319,42215,0,6833,0,228,192208,286738,146
,埔南村,478,308192,15295,1325,221456,19834,6286,32,172,42004,26,1515,0,249,164788,251524,72
,󿾴子村,357,243502,17784,2398,178937,8933,3799,276,196,30074,44,903,27,132,136193,200759,222
,出水村,257,175041,6955,2276,132797,7301,1742,244,188,21076,24,2438,0,0,99809,142052,0
,南港村,430,294760,24508,1734,202071,12064,5125,748,205,45707,200,1056,0,1341,147499,240187,5
,打廉村,226,157400,18132,939,109695,6147,2018,22,60,19662,0,426,0,299,81920,129626,24
,豐澤村,341,208916,11216,5972,168249,7997,979,408,270,10823,0,1537,0,1464,125940,166607,3
,崑崙村,309,242288,6866,4710,172834,15217,3423,418,265,35798,0,1162,0,1595,136327,205781,91
,角樹村,191,115667,5286,558,92565,2370,1414,0,139,12353,0,774,23,186,69013,92115,227
,瓦󼍕村,323,212149,7730,2393,162898,11201,2698,12,92,23039,0,1924,126,37,123609,172735,821
,好修村,508,337249,15220,2958,258706,20952,4756,1678,190,31393,3,1383,0,11,195665,274208,84
,西湖村,479,324415,8712,3952,263145,13339,1193,550,293,26727,17,5209,54,1223,204048,265317,455
,大有村,325,199158,12326,1622,154036,10603,2107,348,157,16084,0,1787,0,88,115260,160382,14
,新興村,118,92203,4834,105,65151,4414,452,55,45,16490,0,625,0,31,49790,76842,8
,永平村,290,186049,13675,3492,128185,7862,2610,260,158,28919,10,744,0,136,94031,151895,0
,永樂村,218,170861,19206,4222,103049,7530,3844,0,174,31844,0,991,0,1,77605,145417,38
,石埤村,258,149365,6484,1040,118083,5211,991,47,161,16492,0,807,0,48,89390,120672,16
,天盛村,182,132068,11016,1241,87415,3911,4500,64,133,21891,0,1113,0,783,65269,109921,12
,太平村,326,190643,11593,1457,137521,9855,1798,187,144,25818,0,1950,0,320,100798,153920,67
,新水村,351,233307,9771,3925,176616,9955,2418,50,118,25281,1399,2763,0,1011,137022,193763,288
,三省村,299,193878,6436,4098,144194,9762,3471,164,118,19370,1238,4919,0,108,110052,159737,5
,南新村,307,200994,8908,2426,137118,10562,2821,53,72,36351,195,1501,0,986,99377,163253,1
,其　他,0,0,0,0,0,0,0,0,0,0,0,0,0,0,0,0,0
,合　計,7052,4714920,255868,57673,3467006,225781,63537,5956,3669,579411,3154,42358,230,10278,2615611,3863450,2599
埔心鄉,東門村,998,707435,34610,12443,532121,27923,8780,552,511,84939,0,4799,0,756,405648,580962,121
,埔心村,338,225629,9420,2197,166513,7040,2645,893,271,36063,0,586,0,0,123351,182467,41
,義民村,426,312864,8177,6920,251274,12655,4620,1361,236,23145,150,4117,0,209,197661,259251,315
,油車村,338,211430,5529,1155,162947,8252,2295,0,97,27414,8,3731,0,0,121949,170432,115
"表166-N(103年度)各類所得金額各縣市鄉鎮村里統計表-縣市別：彰 化 縣,單位：金額(千元)",,,,,,,,,,,,,,,,,,
鄉鎮市區,村里,納稅單位,合　　計,營利所得,執行業務所得,薪資所得,利息所得,租賃及權利金,財產交易所得,機會中獎所得,股利所得,退職所得,其他所得,稿費所得,申報大於歸戶,薪資淨所得,按薪資淨所得計算之綜合所得,稿費收入
,瓦北村,473,353905,15916,2176,234218,14064,10502,118,275,73634,0,1531,0,1472,175238,294926,29
,瓦中村,544,356077,9769,8141,283225,14046,5379,195,308,31824,0,2912,0,279,216362,289214,43
,瓦南村,401,251281,17703,2396,192034,8676,3567,554,195,21422,184,1421,0,3130,141356,200603,7
,太平村,555,344451,16629,3556,268345,12601,4703,358,306,35366,0,2196,5,385,200062,276169,299
,經口村,656,579416,17775,4310,360396,13999,6382,1965,442,169068,91,4894,0,96,277495,496515,4
,大華村,125,90490,2722,1199,59431,3712,3825,416,27,18750,120,256,0,32,44375,75434,58
,仁里村,269,177559,7597,1781,144481,5474,2015,208,739,13509,0,1245,0,510,110516,143604,0
,舊館村,429,313043,15458,5907,213320,12253,5271,459,171,57890,0,2307,0,6,163327,263051,54
,南館村,282,167874,1897,1496,139191,9082,2040,36,132,12241,0,1373,0,386,105166,133849,21
,新館村,196,124084,3493,1082,103858,3089,208,0,63,11340,0,952,0,0,79622,99848,23
,羅厝村,296,170700,7709,4267,136205,5518,1717,68,88,13090,0,1204,0,835,100366,134861,14
,芎蕉村,480,298840,8554,1953,246713,11027,1709,3153,150,23135,0,2438,0,10,186485,238612,40
,梧鳳村,202,125417,6190,2646,103309,3027,1000,70,110,8192,0,790,0,84,76996,99105,1
,二重村,320,212004,12642,1961,167158,5733,2040,36,170,21515,0,661,0,88,125965,170811,14
,埤霞村,213,132996,2776,774,108667,4847,521,0,253,13678,0,1469,0,11,83930,108259,13
,埤腳村,221,138068,7953,4569,100592,2903,1482,36,179,19437,0,634,0,283,73382,110857,87
,其　他,0,0,0,0,0,0,0,0,0,0,0,0,0,0,0,0,0
,合　計,7762,5293562,212517,70929,3973997,185921,70698,10478,4723,715654,554,39516,5,8571,3009254,4328830,1299
永靖鄉,永東村,204,143754,3928,4581,112364,8977,1632,165,106,9610,0,925,0,1467,90521,121911,43
,永西村,479,368630,6246,12742,275805,27556,6597,821,210,29993,0,7319,0,1342,221203,314400,142
,永北村,582,399543,10266,3621,324045,14760,3403,377,980,36862,5,4347,14,863,253051,328549,211
,永南村,526,336783,7301,5999,267114,18727,2276,418,440,28919,260,5001,0,328,205609,275278,150
,港西村,450,290195,4883,4942,229920,12096,4358,32,313,31534,0,1888,0,228,175639,235914,56
,五福村,332,219096,8402,4212,182228,7445,1530,60,126,13761,0,1243,0,88,141814,178682,39
,湳港村,284,191012,23655,3796,136686,8295,818,176,116,16294,22,1117,0,37,102729,157055,21
,新莊村,241,166580,4050,1226,134756,4730,347,66,142,19726,0,1231,0,306,104597,136784,0
,浮圳村,294,172777,2682,1051,154357,4847,478,62,187,7693,0,1250,0,169,116810,135230,6
,瑚璉村,724,477959,11202,10895,379908,20831,4944,1260,390,44061,110,3924,0,435,293554,391605,222
,五汴村,428,346990,10466,6751,226399,12789,7280,1616,308,78699,540,1855,0,287,175601,296191,86
,光雲村,407,257416,6702,832,213993,8911,1545,106,76,16481,0,8404,0,366,161956,205379,189
,東寧村,456,296955,13338,3061,240257,10203,1784,108,262,25987,0,1369,0,586,183124,239822,16
,永興村,438,312741,9444,4155,236850,11789,2484,215,247,45506,0,1730,18,304,183011,258903,293
,崙子村,421,292415,7099,3426,239567,9790,1585,292,185,27992,0,2188,72,220,186224,239050,332
,獨鰲村,205,130246,4219,949,105180,4253,858,15,80,13029,9,1452,0,201,79593,104659,194
,敦厚村,181,118852,7741,863,86140,6571,1044,0,29,14851,0,1613,0,0,64411,97123,17
,崙美村,152,98108,1580,177,80724,2410,360,49,66,12009,0,724,0,8,62316,79700,0
,同安村,159,97287,1285,973,82697,2505,334,98,49,9082,0,254,0,10,63181,77772,27
,同仁村,179,109013,3876,4046,86064,4193,854,166,108,9235,0,462,0,9,65311,88259,11
,四芳村,147,84571,2513,945,70025,4797,541,0,35,4550,0,1031,0,135,51366,65912,20
"表166-N(103年度)各類所得金額各縣市鄉鎮村里統計表-縣市別：彰 化 縣,單位：金額(千元)",,,,,,,,,,,,,,,,,,
鄉鎮市區,村里,納稅單位,合　　計,營利所得,執行業務所得,薪資所得,利息所得,租賃及權利金,財產交易所得,機會中獎所得,股利所得,退職所得,其他所得,稿費所得,申報大於歸戶,薪資淨所得,按薪資淨所得計算之綜合所得,稿費收入
,湳墘村,181,103609,2498,568,82197,4417,396,41,77,11610,0,518,0,1286,60545,81956,0
,福興村,245,179953,6999,2681,144234,7040,1798,59,202,15651,0,1210,0,78,113092,148811,13
,竹子村,286,178556,2056,1498,151984,5576,2019,69,150,13861,0,1306,0,36,117687,144259,15
,其　他,0,0,0,0,0,0,0,0,0,0,0,0,0,0,0,0,0
,合　計,8001,5373041,162431,83989,4243494,223507,49265,6272,4884,536998,946,52362,104,8788,3272943,4403203,2104
社頭鄉,社頭村,813,573294,18585,18435,431542,33016,11384,498,496,52366,67,5486,0,1418,338656,480408,235
,廣興村,1294,831388,24312,11453,641854,35768,12425,512,1189,92807,18,7874,0,3175,490385,679958,145
,仁雅村,804,578160,15508,18747,416965,32602,5988,906,829,79473,241,4635,0,2266,321776,482972,65
,崙雅村,272,207583,5783,1475,168687,10105,1413,238,211,17567,20,1996,0,86,135454,174350,26
,美雅村,310,209328,4072,3760,182394,7408,1341,281,70,8698,27,1270,0,6,142152,169086,38
,里仁村,260,175673,2692,564,148617,6204,1156,245,146,14556,0,1458,0,34,114880,141936,212
,舊社村,389,250238,8947,4423,197610,11150,2726,40,141,23371,12,1310,0,508,152522,205150,23
,松竹村,274,180617,5185,2074,152807,6056,1689,782,70,10940,0,714,0,300,118820,146630,77
,東興村,377,231523,8796,802,193976,7373,1147,3484,129,11014,0,3395,0,1406,148338,185885,5
,廣福村,239,154206,3834,1469,132135,5549,947,94,146,9060,214,734,21,3,102309,124380,253
,橋頭村,511,361639,16005,4301,256117,15981,4369,158,151,62082,6,1689,0,779,193058,298585,35
,湳底村,402,270426,14928,2884,210200,8439,2443,533,148,29130,64,1560,0,98,159194,219420,14
,新厝村,368,245536,4510,2270,207362,9451,1182,276,164,18247,0,1901,0,171,161738,199911,70
,張厝村,305,192571,6839,2338,149792,4633,1440,648,201,25561,28,907,0,184,112311,155445,10
,埤斗村,231,149960,2936,967,122104,4150,883,2222,81,15516,4,1030,0,68,93948,121804,14
,清水村,321,306934,103880,3022,151314,13139,3108,604,140,30680,27,877,0,143,114137,269858,21
,山湖村,274,183415,6311,3119,137708,7806,2200,471,136,24964,14,542,0,143,104711,150418,19
,朝興村,279,208256,3152,1788,158943,12140,1294,267,148,28464,29,1078,0,954,125371,174684,187
,仁和村,172,118034,3198,456,96281,4693,1933,25,107,10524,0,810,0,6,73145,94899,0
,泰安村,255,168344,5353,1443,137537,5813,720,0,98,12867,0,4293,0,220,104545,135352,131
,平和村,247,142322,2172,1456,117818,4538,669,67,605,13970,0,765,0,262,87985,112489,29
,龍井村,201,118125,3461,2399,96421,4654,746,18,70,6019,0,560,0,3778,71942,93646,16
,湳雅村,350,237930,5605,2716,200027,7009,1156,52,208,19502,118,1414,0,122,153515,191418,127
,協和村,551,344851,14134,3242,278096,12417,3338,321,197,29531,0,3372,0,203,210901,277656,134
,其　他,0,0,0,0,0,0,0,0,0,0,0,0,0,0,0,0,0
,合　計,9499,6440352,290201,95601,4986307,270095,65699,12742,5884,646910,890,49672,21,16332,3831792,5286337,1883
二水鄉,十五村,167,102526,1386,271,94902,3109,294,46,102,2059,2,353,0,2,72988,80612,39
,合和村,192,127655,540,654,106387,3844,1961,29,164,13630,8,439,0,0,81641,102909,125
,上豊村,234,141465,2309,2266,119338,6445,455,232,204,9375,0,763,0,77,90664,112791,10
,過圳村,148,99703,2799,2396,81395,2866,138,2,65,3604,0,6301,84,51,64087,82395,304
,五伯村,138,107425,3898,378,83834,4036,427,50,55,14087,0,458,0,202,65942,89534,58
,光化村,283,211354,7963,4049,161249,14642,3316,962,194,17278,347,1186,0,168,128347,178453,96
,文化村,260,232397,8574,2856,172560,12523,1243,182,303,30879,0,2790,0,487,139462,199299,154
,二水村,248,170974,4816,2501,143839,10006,1324,106,138,7062,0,1043,0,141,113596,140731,1
"表166-N(103年度)各類所得金額各縣市鄉鎮村里統計表-縣市別：彰 化 縣,單位：金額(千元)",,,,,,,,,,,,,,,,,,
鄉鎮市區,村里,納稅單位,合　　計,營利所得,執行業務所得,薪資所得,利息所得,租賃及權利金,財產交易所得,機會中獎所得,股利所得,退職所得,其他所得,稿費所得,申報大於歸戶,薪資淨所得,按薪資淨所得計算之綜合所得,稿費收入
,聖化村,123,90520,1853,3290,67232,10434,980,128,85,5949,0,513,0,55,53773,77061,126
,裕民村,254,173839,3955,2639,143146,9811,5348,93,90,6986,34,1583,0,155,112872,143565,56
,惠民村,178,119968,297,894,106432,5913,653,53,54,4841,0,822,0,10,84091,97627,86
,大園村,172,117707,1280,1183,99781,6102,667,35,76,8010,41,493,0,39,77391,95317,182
,修仁村,183,121045,1848,1062,104783,3669,287,518,84,6490,67,628,0,1608,81660,97922,0
,源泉村,129,100428,1523,1190,83099,6263,1001,91,67,6262,16,630,0,286,66513,83843,9
,倡和村,106,67358,3544,809,58998,1127,554,13,39,1632,0,555,87,0,46046,54406,333
,復興村,219,133021,2065,1563,116628,2882,605,0,77,8217,193,666,0,126,88297,104690,11
,合興村,153,98616,2339,922,84010,4806,1519,577,44,3781,0,566,0,51,64709,79315,0
,其　他,0,0,0,0,0,0,0,0,0,0,0,0,0,0,0,0,0
,合　計,3187,2216004,50988,28922,1827612,108478,20773,3119,1843,150142,707,19787,171,3460,1432077,1820469,1590
田尾鄉,田尾村,265,170336,6318,3364,127681,9768,2812,482,182,14879,0,3702,0,1148,99943,142598,20
,豐田村,144,90987,2201,1341,70939,3756,1432,12,35,10508,4,704,0,56,53769,73818,0
,饒平村,668,505248,12838,10952,391928,31041,6105,330,325,46978,78,3597,0,1077,311197,424517,46
,北曾村,375,283046,11856,7616,199151,9670,1937,177,351,46106,0,4146,0,2036,152266,236161,2
,南曾村,312,230229,6564,1870,171208,9259,1134,172,96,32335,0,5933,229,1429,132940,191991,690
,睦宜村,239,155347,3812,3774,122679,5569,1931,134,132,13806,0,3307,0,202,93787,126455,0
,新生村,300,199717,4508,3171,168385,5581,1364,218,137,15336,0,913,0,105,129915,161248,51
,北鎮村,304,191143,7997,3098,147181,6345,1056,1596,126,21822,0,1278,281,363,110971,154933,703
,南鎮村,122,80592,3424,1035,63601,5288,1964,34,28,4339,0,671,0,207,49240,66231,21
,福田村,185,131038,1223,1517,108175,12181,365,198,42,4979,0,650,0,1709,86949,109812,215
,新興村,268,179750,7657,1344,154166,5477,620,0,123,8045,0,2293,26,0,121302,146888,289
,打簾村,334,214800,10352,2223,154278,14180,2964,118,153,24562,0,2751,0,3220,120500,181022,17
,溪畔村,276,193057,6802,2129,150456,9515,2607,133,117,18681,488,972,0,1154,119287,161888,93
,柳鳳村,188,122630,4298,1453,92482,6831,2776,147,133,9322,0,1453,0,3734,71401,101549,12
,陸豐村,171,120652,3770,2860,99128,5062,562,73,204,7304,0,1662,0,26,78470,99993,26
,海豐村,271,196018,8249,3029,142583,8680,1244,403,59,27825,77,3785,0,83,111023,164458,40
,仁里村,337,201288,5620,1960,164209,8261,1566,114,168,16853,86,2291,0,160,122543,159622,4
,新厝村,62,32728,1720,43,26266,1906,380,50,17,2223,0,124,0,0,19301,25763,79
,溪頂村,174,125348,1555,576,92889,6057,1754,90,79,21750,0,570,0,28,72624,105083,17
,正義村,217,182596,6639,1075,135615,8726,722,132,87,28373,0,746,211,270,108266,155248,493
,其　他,0,0,0,0,0,0,0,0,0,0,0,0,0,0,0,0,0
,合　計,5212,3606549,117404,54431,2782999,173154,35293,4613,2594,376025,733,41548,748,17006,2165696,2989277,2820
埤頭鄉,和豊村,533,357393,12901,3588,284689,11893,4470,151,230,37402,0,1881,0,188,218596,291300,177
,興農村,392,273147,13174,2675,207750,12417,4236,85,142,29491,0,2719,138,320,159073,224381,446
,埤頭村,387,275457,5661,3613,208686,15505,2655,99,282,35102,557,2728,0,569,161656,228427,239
,豊崙村,518,370563,22115,2643,265304,9006,3196,477,275,62757,168,2943,0,1680,199222,304481,180
,永豊村,363,264209,4101,3704,202975,13035,2479,308,192,35689,0,1478,0,247,157970,219204,273
,崙子村,315,240372,9248,4278,181309,7282,2179,59,82,30824,0,4098,0,1013,142057,201120,9
"表166-N(103年度)各類所得金額各縣市鄉鎮村里統計表-縣市別：彰 化 縣,單位：金額(千元)",,,,,,,,,,,,,,,,,,
鄉鎮市區,村里,納稅單位,合　　計,營利所得,執行業務所得,薪資所得,利息所得,租賃及權利金,財產交易所得,機會中獎所得,股利所得,退職所得,其他所得,稿費所得,申報大於歸戶,薪資淨所得,按薪資淨所得計算之綜合所得,稿費收入
,合興村,857,628374,27367,15713,463848,34640,8790,1354,357,66497,549,8186,13,1060,362099,526618,350
,平原村,497,372295,11336,12013,284926,14080,2053,191,175,44750,4,2466,0,303,223349,310719,51
,崙腳村,166,115385,8649,1429,75192,7069,3462,34,47,18181,75,1073,0,175,54421,94614,3
,元埔村,127,119064,2448,452,75049,4904,761,14,96,34144,0,1195,0,0,60149,104165,31
,芙朝村,331,228099,7643,2434,179493,11398,1527,263,162,22399,188,2194,0,397,138276,186881,25
,新庄村,232,172851,2516,2323,142062,7558,2226,0,97,13645,0,2417,0,7,113760,144548,17
,陸嘉村,155,108603,1471,1448,89868,5133,411,11,37,8824,0,1399,0,0,70036,88771,12
,竹圍村,231,156835,4154,2898,136147,6704,371,57,72,5479,7,731,0,214,106280,126968,77
,中和村,307,222936,5840,3851,167615,12580,1800,277,182,27475,9,1804,0,1504,130492,185813,28
,庄內村,207,138004,2845,249,112544,7378,216,43,111,13240,0,1301,0,77,88272,113732,8
,大湖村,210,145628,5917,574,111007,4924,2534,62,108,18618,0,1745,0,139,84631,119253,48
,其　他,0,0,0,0,0,0,0,0,0,0,0,0,0,0,0,0,0
,合　計,5828,4189215,147385,63885,3188465,185504,43365,3486,2649,504517,1556,40360,151,7893,2470340,3470995,1974
芳苑鄉,芳苑村,153,102177,1377,1466,74423,2647,1610,144,165,16835,0,1240,0,2271,56924,84678,6
,芳中村,66,48060,765,146,37985,2121,847,0,53,5716,0,428,0,0,29624,39699,0
,仁愛村,132,111610,4110,1476,79238,4014,2915,623,81,18221,0,903,0,29,63238,95610,29
,信義村,95,68775,757,340,53111,3144,246,177,39,10495,0,343,0,124,42969,58633,0
,後寮村,211,155485,6281,2853,101482,6952,650,193,225,35022,45,1779,0,4,74279,128281,3
,三合村,531,370555,9999,2553,274929,15734,2754,377,482,59680,0,3679,0,367,210461,306088,557
,永興村,207,129082,8247,1562,99531,5209,689,0,214,12603,0,1027,0,0,76626,106177,8
,頂󿾴村,100,69225,4924,1256,50395,4266,1103,89,80,6616,0,497,0,0,39160,57990,103
,五俊村,60,46166,2103,479,25752,2440,68,2,6,15195,0,122,0,0,19473,39887,0
,王功村,315,191100,7503,5101,146038,12557,1122,170,277,16443,424,1465,0,0,111439,156501,38
,博愛村,115,66769,847,1439,56597,3749,394,117,32,3048,0,475,0,71,43607,53780,1
,和平村,99,51113,2110,515,41295,2614,1417,3,17,2394,0,749,0,0,30318,40136,3
,興仁村,184,131291,2785,338,91497,4385,1052,80,111,28077,0,2009,0,957,69931,109725,1
,民生村,123,70208,1352,906,54895,3332,1295,66,44,7677,0,532,0,109,42416,57729,48
,新寶村,227,125704,6499,1943,100902,5562,839,770,83,6972,0,1965,0,170,75979,100782,18
,漢寶村,635,401625,25627,6986,303079,11577,4184,1140,296,43232,21,4713,0,769,229878,328873,45
,路上村,103,67651,2951,320,53812,4868,1255,0,143,3035,416,436,0,414,41668,55507,0
,路平村,130,92488,5339,791,72672,3137,1543,2,63,7781,0,898,0,262,56306,76122,3
,三成村,146,96347,1154,2478,78356,6784,1038,221,180,3149,28,2741,0,219,60936,78927,17
,福榮村,92,57106,90,575,48829,2908,2278,65,152,1803,0,406,0,0,37630,45907,8
,新街村,115,79111,2977,1794,55307,3247,332,46,77,14879,0,452,0,0,42615,66419,0
,草湖村,287,182360,4020,3954,151206,10265,2570,522,579,7561,24,1525,0,134,116185,147339,40
,建平村,377,235652,11703,4814,166919,7477,3031,259,176,39265,563,1141,0,305,125324,194056,3
,新生村,201,126017,5653,2694,90475,4106,2416,207,127,19124,0,1215,0,0,68044,103586,30
,文津村,150,92388,5022,3701,69891,2932,1548,254,174,7638,0,1135,0,95,53000,75498,346
,崙腳村,106,70013,3800,2565,52751,2747,498,715,101,5804,0,467,0,567,41193,58456,29
"表166-N(103年度)各類所得金額各縣市鄉鎮村里統計表-縣市別：彰 化 縣,單位：金額(千元)",,,,,,,,,,,,,,,,,,
鄉鎮市區,村里,納稅單位,合　　計,營利所得,執行業務所得,薪資所得,利息所得,租賃及權利金,財產交易所得,機會中獎所得,股利所得,退職所得,其他所得,稿費所得,申報大於歸戶,薪資淨所得,按薪資淨所得計算之綜合所得,稿費收入
,其　他,0,0,0,0,0,0,0,0,0,0,0,0,0,0,0,0,0
,合　計,4960,3238081,127994,53042,2431366,138775,37693,6241,3978,398264,1519,32342,0,6867,1859222,2666386,1333
大城鄉,潭墘村,191,149705,4177,1190,109294,7522,2803,257,71,22966,115,966,0,343,86645,127057,42
,上山村,182,118846,3271,2733,91442,5747,1289,160,72,13304,0,827,0,0,71229,98633,3
,東城村,269,186595,7866,3810,151782,6863,1836,201,110,12388,0,1311,0,427,119478,154291,220
,大城村,231,147736,10050,1588,116121,5386,2538,178,156,10219,0,879,0,621,90519,122134,9
,西城村,158,105215,1348,3225,82738,5257,294,0,137,9036,29,2700,298,154,64792,87270,635
,山腳村,190,128015,10234,2421,99520,3911,848,15,128,8537,0,1251,0,1149,76365,104860,4
,永和村,113,76067,2826,726,57540,2113,525,53,70,11260,0,319,0,635,44195,62721,88
,菜寮村,165,110527,11943,368,79120,3515,819,260,71,11877,0,1039,0,1517,60919,92326,36
,公館村,143,98353,3113,1912,78959,5830,1202,246,83,6136,0,717,0,157,61790,81185,4
,頂庄村,110,69279,2136,617,53562,1830,1421,59,79,8965,0,596,0,14,40787,56504,0
,臺西村,119,73928,7730,2453,57320,2201,1412,0,63,2580,0,149,0,19,42673,59281,1
,東港村,177,105102,5842,1479,82011,2591,2088,166,128,9325,0,1016,0,457,63725,86816,3
,西港村,126,77964,1746,549,66169,3748,884,0,58,4195,0,616,0,0,51613,63408,1
,豐美村,140,81084,2363,2564,64312,2796,700,118,74,7472,0,597,0,87,48118,64890,8
,三豐村,70,53590,1101,2980,43292,2086,88,1875,40,1571,0,557,0,0,35028,45326,9
,其　他,0,0,0,0,0,0,0,0,0,0,0,0,0,0,0,0,0
,合　計,2384,1582007,75746,28614,1233181,61397,18748,3588,1340,139830,144,13541,298,5580,957876,1306702,1062
竹塘鄉,竹元村,225,152451,2164,819,120406,9471,2024,285,260,15760,0,849,0,413,93734,125779,23
,竹塘村,477,342453,8750,8871,263973,31086,4840,157,533,22453,10,1672,0,108,210937,289417,226
,小西村,154,122673,940,228,96466,5606,2486,46,107,15288,0,1485,0,21,77140,103347,18
,五庄村,283,194738,7256,2696,151776,9984,1532,20,173,18484,2,2564,0,252,118351,161313,168
,樹腳村,112,64024,784,89,56361,3314,521,0,72,2109,78,637,0,59,43001,50664,145
,田頭村,199,143500,2692,1100,117922,6595,709,129,263,12438,0,1640,0,12,93807,119384,68
,新廣村,237,175535,7853,323,137386,11456,462,32,75,16212,0,1700,0,37,109468,147617,6
,溪墘村,69,47335,1174,62,39239,2757,18,243,46,3591,26,178,0,0,31685,39781,146
,竹林村,131,85862,6196,121,63928,3082,323,103,68,11245,0,796,0,0,48777,70711,18
,土庫村,102,63572,1422,492,49706,2340,1126,111,43,7737,0,595,0,0,39003,52868,3
,內新村,126,82536,795,1218,63282,4383,774,151,20,11319,0,567,0,26,49065,68318,0
,長安村,142,86322,2914,787,65891,6984,963,96,32,7875,0,475,0,305,51243,71674,0
,永安村,81,49734,396,39,41814,2624,548,303,58,3395,0,547,0,11,32610,40530,2
,民靖村,146,107955,2851,1423,92405,2948,1264,25,74,5587,0,1378,0,1,75373,90923,1
,其　他,0,0,0,0,0,0,0,0,0,0,0,0,0,0,0,0,0
,合　計,2484,1718690,46187,18268,1360556,102629,17591,1701,1824,153492,116,15084,0,1243,1074195,1432329,825
溪州鄉,溪厝村,425,278936,5765,1096,214068,13205,9543,527,232,32387,0,1460,310,344,164522,229389,666
,坑厝村,146,97348,2643,458,80719,5358,824,0,56,6231,107,910,0,42,62378,79007,24
,瓦厝村,236,163653,5316,3719,122136,12149,1857,310,143,16196,40,688,0,1099,97553,139069,270
,溪州村,405,408258,13696,6464,231878,22321,3700,305,366,127061,3,2208,0,255,186944,363323,32
"表166-N(103年度)各類所得金額各縣市鄉鎮村里統計表-縣市別：彰 化 縣,單位：金額(千元)",,,,,,,,,,,,,,,,,,
鄉鎮市區,村里,納稅單位,合　　計,營利所得,執行業務所得,薪資所得,利息所得,租賃及權利金,財產交易所得,機會中獎所得,股利所得,退職所得,其他所得,稿費所得,申報大於歸戶,薪資淨所得,按薪資淨所得計算之綜合所得,稿費收入
,尾厝村,434,315199,7758,5347,252285,16996,2125,56,218,27452,16,2118,0,827,199374,262289,17
,東州村,475,383245,8832,3402,265685,36249,1023,388,241,60890,0,1901,0,4635,208307,325868,38
,舊眉村,290,225272,7177,4972,158658,8695,1339,87,420,41851,50,1448,0,576,125151,191765,76
,圳寮村,276,170268,9243,244,142270,5267,2268,87,188,6568,0,3769,211,153,108473,136466,715
,西畔村,388,218255,5505,4368,183980,8067,1877,372,193,10664,1141,1541,51,496,140002,174282,316
,成功村,344,220518,3688,3600,186558,12256,866,24,336,11560,89,1028,0,511,145803,179763,40
,大庄村,348,223431,6818,766,183329,9127,1779,250,140,18893,0,2308,0,20,144245,184346,23
,柑園村,182,122902,1318,1229,106052,2759,752,105,132,8902,0,1295,0,359,82731,99581,1
,潮洋村,163,105225,5746,728,88080,4402,682,139,120,3999,0,1089,0,240,69027,86172,121
,張厝村,115,75861,2812,397,64378,3166,1296,66,173,3081,0,344,0,149,50480,61963,49
,菜公村,155,99584,1467,339,80170,3431,806,165,80,11783,79,1255,0,9,63149,82562,6
,三圳村,243,164757,1815,419,138883,7556,953,102,109,12749,0,2014,0,156,108863,135172,1
,三條村,174,117162,5711,546,90841,8095,1033,405,81,7805,617,940,0,1087,70408,96763,13
,水尾村,295,213901,6065,938,175993,7369,1727,909,767,17590,0,2022,0,523,141011,178919,39
,榮光村,120,76573,2995,1234,64986,2871,621,235,75,3029,0,526,0,0,50275,61861,293
,其　他,0,0,0,0,0,0,0,0,0,0,0,0,0,0,0,0,0
,合　計,5214,3680346,104369,40266,2830949,189338,35072,4532,4070,428691,2142,28865,571,11482,2218696,3068561,2740
其　他,其　他,156,156214,1530,4607,99302,11124,8067,256,38,29985,21,540,0,743,80893,137804,101
,合　計,156,156214,1530,4607,99302,11124,8067,256,38,29985,21,540,0,743,80893,137804,101
