"表166-H(103年度)各類所得金額各縣市鄉鎮村里統計表-縣市別：桃 園 縣,單位：金額(千元)",1,2,3,4,5,6,7,8,9,10,11,12,13,14,15,16,17,18
鄉鎮市區,村里,納稅單位,合　　計,營利所得,執行業務所得,薪資所得,利息所得,租賃及權利金,財產交易所得,機會中獎所得,股利所得,退職所得,其他所得,稿費所得,申報大於歸戶,薪資淨所得,按薪資淨所得計算之綜合所得,稿費收入
桃園區,文化里,250,309334,5965,15204,138706,21977,34620,577,155,51656,0,39922,0,551,116669,287297,111
,武陵里,523,544443,12169,11256,310366,36295,43038,2701,383,112744,292,11755,96,3351,255594,489671,530
,文昌里,331,287351,9089,9931,162678,17383,25576,4071,220,51979,0,2263,0,4160,132875,257554,120
,長美里,316,268375,3410,6772,179021,18099,19038,1606,225,34987,14,3509,0,1694,147616,236970,139
,永興里,580,492765,23384,9737,330835,29024,27133,1416,1128,65345,0,2899,51,1812,271059,432988,466
,南門里,1892,1754407,28463,25609,1380737,84767,32347,4818,2002,168669,1537,16074,25,9358,1145625,1519295,1415
,東門里,1033,1009152,9620,44076,675583,70583,36709,2289,821,143528,2355,18542,246,4801,562929,896460,2172
,西門里,505,493234,10865,20852,305750,28849,37083,5904,845,76272,0,3782,0,3033,252670,440155,295
,北門里,522,442526,15491,11861,310317,24457,16455,1816,519,55389,0,5324,0,896,252243,384452,263
,雲林里,2123,2026018,25695,26972,1670559,84910,26576,8221,2804,150073,845,17728,228,11408,1385862,1741759,1823
,豐林里,2137,1833724,26082,29277,1428064,89072,29174,3190,1789,196751,4365,21608,67,4285,1166111,1571561,1156
,會稽里,3001,2738633,27797,39336,2217695,92447,24186,15948,3540,223591,2006,87196,1201,3691,1825775,2347277,4384
,朝陽里,639,535953,7551,6869,410920,31151,8274,1004,688,59233,0,5845,69,4348,337122,462146,589
,青溪里,1523,1444067,24143,27051,996331,63187,38665,5152,2439,261483,1453,17199,202,6762,812877,1260612,1511
,汴洲里,1487,1215135,36159,17713,908617,43869,38566,4394,1959,149816,259,11068,71,2645,721859,1029427,690
,東埔里,1409,1121220,28058,19027,835573,57215,40464,6314,1218,118519,77,11032,0,3721,672440,958541,371
,中埔里,767,642909,13912,6283,496865,29341,19084,3901,722,63375,538,7142,0,1747,401212,547256,71
,西埔里,1063,1026733,35014,10982,742412,37892,24459,2622,1068,159670,4697,5715,0,2202,604733,889054,248
,中山里,2086,2171192,27082,48824,1740994,90606,24926,10484,2516,198443,459,18630,163,8066,1458173,1888319,1497
,中正里,1737,1813219,21384,40580,1327916,103821,25803,4010,1037,263344,2265,18244,40,4775,1112773,1598988,1499
,龍岡里,1931,1793282,22516,29189,1496790,63678,9294,5157,1996,126034,370,36483,27,1746,1232770,1529464,944
,東山里,594,547820,9175,12114,376285,46680,14825,2065,439,68620,2111,13395,165,1944,311048,482583,784
,南華里,426,390634,6864,10191,236036,23864,19013,1491,273,88506,16,3707,0,673,193428,348026,38
,大林里,3511,3043103,60686,43587,2511063,96808,28206,23624,4698,223107,526,37695,721,12382,2040686,2572735,2338
,文明里,506,509305,11410,10473,340359,33354,20558,1169,615,81096,672,7851,0,1748,284469,453414,427
,建國里,1695,1370879,21120,14914,1113052,59949,11172,7020,1357,122418,1310,13628,511,4428,900718,1158822,1358
,成功里,1483,1853950,16154,41925,1150443,115964,37426,11032,3255,454279,3246,16728,551,2946,977655,1681819,3303
,忠義里,2699,2751772,43601,58880,2208787,87624,29697,25894,3332,240647,2200,46852,237,4020,1846088,2389614,1643
,永安里,1433,1156903,25694,21654,866972,57757,49129,5038,1315,113311,685,10803,0,4545,697329,987260,324
,玉山里,1678,1522725,25319,38906,1138482,90010,14520,2306,1654,187605,331,18674,50,4867,937016,1321259,756
,中興里,1764,1649624,27668,50419,1223064,99428,28974,4078,1747,181964,1218,22526,0,8539,1006711,1433271,467
,西湖里,480,502749,2730,14774,326221,29825,12830,1814,685,82435,1795,4803,213,24625,272111,448639,687
,福林里,1966,1844946,20173,20957,1404070,84494,20417,2767,2972,260672,1561,21838,131,4894,1153570,1594460,1265
,慈文里,1922,1603328,31131,21587,1326468,56020,26005,4327,2455,111363,565,20424,53,2930,1077982,1355295,872
,新埔里,3037,3686336,31006,67401,2721236,150823,89027,16631,5805,518006,6095,54468,812,25026,2322179,3287492,4606
,萬壽里,351,276262,4910,7909,200175,16302,9597,207,384,33425,0,1509,0,1843,159912,235999,89
,中成里,1458,1378517,24120,29320,1016459,72116,22616,3048,758,195759,420,9621,0,4279,835346,1197404,261
,長安里,1056,884676,25582,18964,646871,37564,24669,3360,1088,115261,473,7248,0,3596,519598,757941,339
,光興里,1790,1888012,28624,68525,1300112,117819,46869,4368,1808,277405,2427,18953,1201,19902,1084352,1673081,4673
"表166-H(103年度)各類所得金額各縣市鄉鎮村里統計表-縣市別：桃 園 縣,單位：金額(千元)",,,,,,,,,,,,,,,,,,
鄉鎮市區,村里,納稅單位,合　　計,營利所得,執行業務所得,薪資所得,利息所得,租賃及權利金,財產交易所得,機會中獎所得,股利所得,退職所得,其他所得,稿費所得,申報大於歸戶,薪資淨所得,按薪資淨所得計算之綜合所得,稿費收入
,龍山里,1109,803519,18338,9534,643414,32068,9630,2481,717,77186,0,9366,0,785,501717,661822,53
,民生里,523,508458,8675,34561,310451,35920,24539,2114,386,83732,0,5226,0,2855,255027,453038,163
,中和里,448,618128,32143,20571,216857,28336,51991,859,443,260727,567,2980,0,2657,175868,577139,299
,大豐里,1617,1379427,15841,15311,1157017,60402,13987,4452,2454,90307,1997,15050,48,2561,945647,1168135,1081
,福安里,1437,1445213,28982,20382,1058383,72854,25395,4908,1198,215959,535,12660,825,3133,877066,1264673,2261
,三民里,1574,2101127,26913,50964,1311011,122467,40702,5325,1785,516684,4216,17902,465,2694,1126376,1916492,2202
,大興里,3522,3377397,58047,85674,2702868,123215,53686,15735,3555,287656,4871,33134,56,8901,2252334,2927239,2391
,春日里,1988,1621307,30468,27257,1335809,50917,25011,11603,2222,115397,470,19266,471,2417,1074210,1360094,1710
,信光里,2146,2093829,31703,48037,1645265,77509,29470,19316,2362,205666,5482,21153,489,7378,1367461,1815918,2231
,中寧里,2137,2543687,33056,75274,1881692,104513,70196,19403,3105,289150,23746,32981,441,10131,1608667,2267847,3019
,同安里,2638,3770961,55547,115378,2224532,122730,93316,40143,3529,1026924,14314,65763,0,8786,1890184,3437642,2474
,莊敬里,2836,3977817,53569,138079,2684059,151501,120700,27958,3517,714202,1470,52397,1329,29037,2318050,3612880,5340
,文中里,808,716552,12021,11717,542690,41643,13562,3481,527,75069,729,11196,0,3916,443449,617312,244
,泰山里,1364,1361812,22247,28795,987177,77173,34320,2959,1373,185316,86,15516,0,6848,822035,1196678,1127
,中路里,1384,1262576,21147,16472,980488,61977,15229,6151,944,140877,5913,11909,0,1469,805538,1087626,363
,中德里,2207,2139980,120786,31386,1603707,67560,32768,8178,2503,232629,3849,22634,0,13980,1308995,1845269,1129
,龍祥里,1542,1467327,21917,18688,1235644,44439,11426,10508,6483,95742,3656,17160,0,1666,1019302,1250985,907
,大有里,1658,1645852,24856,30982,1302269,48368,28386,11723,1782,169797,2429,19308,52,5901,1081223,1425362,1452
,寶山里,2610,2328449,26284,40509,1927315,68747,17079,7936,2860,208364,1675,23310,82,4287,1573295,1976056,835
,龍鳳里,2295,2152959,25430,30594,1787888,65509,20104,8265,2463,174393,690,30566,265,6793,1472152,1837568,2394
,龍安里,1717,1773640,16339,41547,1428666,63895,28246,5084,1993,158062,1571,26374,6,1859,1191223,1536197,853
,自強里,2420,2849131,48099,66310,2136004,95692,39195,18123,2962,389574,3069,45299,308,4498,1811262,2524763,2471
,中信里,1909,1810587,18420,41203,1467636,74315,29229,13171,1568,136694,2598,23180,459,2115,1214960,1557818,1863
,長德里,1591,1535266,23400,38086,1117135,65655,29633,5786,1255,229591,414,16902,0,7409,921203,1339835,175
,中平里,1420,1267059,18133,23272,974224,57559,18688,4904,1215,143860,4224,18734,27,2220,798885,1091708,729
,中原里,1552,1501388,21503,25148,1234256,63575,11402,3493,1730,121540,855,16035,123,1728,1022367,1289485,1365
,中泰里,1433,1743074,15698,39031,1381770,73357,19695,2749,2083,181700,2434,22491,544,1522,1183677,1541225,2396
,南埔里,1492,1579220,15728,40099,1171345,66957,24639,8910,1534,229232,886,18342,76,1471,979723,1387595,1462
,寶慶里,2056,2653689,39964,81656,2007831,90147,38852,16230,2619,336669,735,30468,93,8426,1725563,2372042,1385
,北埔里,1535,1673976,22901,24488,1331851,52983,16450,7574,2462,180024,374,29757,192,4920,1119765,1464184,1328
,永和里,6,3262,168,0,2463,268,0,27,0,334,0,2,0,0,1807,2607,0
,三元里,1124,1123227,13610,32084,866846,54419,14546,2405,843,119337,258,10665,1102,7113,724513,980768,2201
,中聖里,1916,2201592,18556,60040,1814582,93084,11612,5553,3928,160346,690,29148,344,3709,1557896,1944655,2492
,龍壽里,1773,1609979,32253,26463,1334347,52117,12466,8662,1638,113578,1089,24752,14,2599,1085771,1361418,873
,瑞慶里,1821,1843287,29752,41741,1474005,49828,26593,6854,1894,173347,608,29479,369,8817,1228816,1598578,1970
,寶安里,2599,2932799,33569,40865,2317695,78590,24244,13105,2662,372186,557,44284,414,4628,1958417,2573370,2108
,同德里,2052,2791136,26508,69748,2147407,91296,37921,11609,2440,324527,7858,61410,405,10007,1866972,2510638,2405
,明德里,1152,2341754,14460,81108,1214808,112796,60886,20160,906,780789,7130,25745,0,22967,1073316,2200273,1225
,其　他,10,13755,6,82,9334,2299,0,121,5,476,0,1432,0,0,8290,12711,1
"表166-H(103年度)各類所得金額各縣市鄉鎮村里統計表-縣市別：桃 園 縣,單位：金額(千元)",,,,,,,,,,,,,,,,,,
鄉鎮市區,村里,納稅單位,合　　計,營利所得,執行業務所得,薪資所得,利息所得,租賃及權利金,財產交易所得,機會中獎所得,股利所得,退職所得,其他所得,稿費所得,申報大於歸戶,薪資淨所得,按薪資淨所得計算之綜合所得,稿費收入
,合　計,119125,121389410,1906854,2633036,91143628,5091702,2262808,583848,140658,15404424,159223,1606663,16127,440438,75882208,106138006,103504
大溪區,興和里,477,363609,8949,21437,254445,29247,10963,918,455,27551,2435,3658,0,3552,204287,313451,258
,福仁里,253,323312,4262,2136,135460,12752,5572,1159,162,159931,32,971,46,829,110307,298159,428
,一心里,1331,1133571,25735,29580,804919,51796,35338,10171,1018,165662,486,7474,3,1387,636488,967968,664
,月眉里,308,215568,10179,2483,171958,7641,3690,419,104,17587,0,1077,61,368,133228,176837,320
,康安里,305,218044,6040,4286,164745,7469,4230,497,327,28429,22,1291,0,707,125682,179715,4
,義和里,398,289645,6104,3178,227548,12156,5051,665,187,31422,154,2350,0,830,176921,240323,429
,福安里,495,399845,14200,5913,283276,20619,18187,1323,352,41557,0,12048,219,2151,224080,341378,1150
,美華里,750,501668,16334,4649,395968,16692,9901,1239,414,49486,23,5731,78,1153,304568,411199,498
,復興里,171,107396,2336,1478,85269,4669,2901,185,115,9047,0,1116,0,278,65133,87635,24
,新峰里,123,80945,5728,166,54493,2871,3609,0,23,12147,0,1547,0,362,40702,68369,2
,永福里,268,933450,3637,6350,203440,13783,8359,1590,97,687046,3378,5197,62,513,171465,902081,497
,瑞興里,669,519792,19716,7663,367541,18121,7802,6177,525,88609,0,3193,0,444,281231,434993,245
,中新里,411,268901,6337,1936,220670,11945,5324,153,223,18510,0,2566,0,1237,170307,219205,195
,仁善里,2204,1938486,49668,23347,1537114,69413,18411,7507,2123,156227,508,70624,335,3210,1244295,1645667,1609
,南興里,1344,907753,29302,4435,720528,30078,18552,3899,1198,90637,3,7403,0,1718,549977,737697,264
,員林里,477,379006,8077,5068,303274,18165,4470,2644,358,30563,187,5807,16,378,240207,317237,480
,瑞源里,1139,1004914,18818,16211,812486,47336,11310,1462,1057,83014,829,9478,0,2912,659309,853639,445
,僑愛里,791,643908,8546,10771,542301,37589,4286,1944,634,31527,654,4503,323,832,443225,544824,1142
,一德里,1422,1014936,20732,10865,831366,41011,11130,2318,982,84080,0,12042,0,410,645805,833935,482
,仁愛里,1433,1132285,26422,17395,947196,35707,16349,3017,1587,70974,1449,10395,0,1794,754938,941314,322
,仁義里,696,457447,9300,4571,394735,17917,3716,447,967,20878,235,4506,0,175,306552,369867,37
,仁武里,901,697502,16948,13209,576243,25958,8461,1734,617,38208,444,14371,0,1309,460819,582078,186
,光明里,658,508975,8038,4834,428633,22864,2756,1301,616,32669,240,5538,0,1486,339998,422576,227
,三元里,885,769246,7281,5583,642112,45338,3527,1331,1158,48564,186,13640,0,525,524996,653906,426
,田心里,1353,1012649,26898,12646,826740,50272,12142,1926,811,71285,1110,7696,98,1024,655357,843413,819
,仁文里,994,651250,13757,12838,557922,23978,3270,2199,743,29329,71,6787,0,357,432595,528585,400
,仁和里,1298,1084486,38260,14612,868269,39419,9431,4516,1243,97281,276,10193,0,986,695426,913239,456
,其　他,4,1825,0,0,1777,46,0,0,1,0,0,1,0,0,1311,1359,0
,合　計,21558,17560413,411601,247641,13360428,714852,248740,60741,18098,2222219,12722,231203,1242,30927,10599208,14830649,12008
中壢區,後寮里,1453,1215754,17763,19241,1018141,40837,14376,5198,1137,77537,1244,16685,0,3596,826265,1023877,321
,石頭里,601,629663,16808,21713,334127,47115,88533,2034,258,97862,0,3293,126,17794,280063,575472,1185
,新興里,1278,1154584,18923,24881,928227,53637,14116,6739,1238,92698,189,12204,0,1733,763312,989669,530
,仁美里,1823,1589397,20931,26005,1354407,57262,9226,3585,1986,98454,808,12653,265,3816,1116313,1351435,1315
,普仁里,1262,1077119,19858,36384,843442,46061,28542,3447,948,78049,415,12332,40,7601,688994,922672,814
,普義里,1363,1309771,10703,10544,1101057,56592,10358,3890,1309,94683,226,18090,218,2101,923650,1132276,1828
,內壢里,646,534517,9184,5656,437568,26165,3735,1702,1017,42109,395,4686,93,2207,357978,454926,497
,內定里,2146,1805714,26411,12053,1397267,54830,60031,4567,2232,229267,778,15622,45,2611,1102963,1511421,640
,水尾里,1132,1218682,27871,14270,817993,48483,18404,16683,726,260895,484,7882,5,4987,671258,1072856,417
"表166-H(103年度)各類所得金額各縣市鄉鎮村里統計表-縣市別：桃 園 縣,單位：金額(千元)",,,,,,,,,,,,,,,,,,
鄉鎮市區,村里,納稅單位,合　　計,營利所得,執行業務所得,薪資所得,利息所得,租賃及權利金,財產交易所得,機會中獎所得,股利所得,退職所得,其他所得,稿費所得,申報大於歸戶,薪資淨所得,按薪資淨所得計算之綜合所得,稿費收入
,青埔里,791,808401,11165,15640,638624,29773,14945,8855,1514,73429,218,11518,352,2369,534487,704264,1074
,新街里,685,677443,12131,24376,479495,36385,12927,1920,714,99283,2129,6847,45,1191,401808,599742,1016
,興南里,1074,1065631,20652,32071,763461,46518,41880,12824,1141,133072,667,10571,19,2754,644876,947046,727
,興國里,683,569330,20659,8994,385113,44176,31411,4011,1666,61900,2448,7239,0,1714,312549,496766,350
,中壢里,213,177317,4405,3268,100658,15994,17942,630,156,31015,1669,507,287,786,79737,156313,623
,中榮里,274,617160,16802,14876,144292,14816,30558,1255,144,390006,183,3585,0,644,117170,590038,15
,中建里,365,308553,10045,12958,142006,22726,41350,1022,228,72070,175,3445,0,2529,114106,280654,229
,舊明里,495,411374,10024,20501,275311,25165,13413,2391,545,53547,2282,2981,0,5213,224739,360834,76
,新明里,1189,1000016,19365,32030,693746,68331,29962,2105,914,127694,116,21848,112,3792,560735,867005,662
,三民里,912,764363,15446,14640,592822,33754,16888,2048,615,78467,86,8095,0,1502,478366,649907,213
,五權里,2053,2228617,35242,43480,1578546,84895,51591,7301,2160,368229,6413,40166,404,10190,1313788,1965187,3597
,芝芭里,809,825355,23195,6927,618349,35009,14059,4009,558,101478,733,12026,0,9013,512319,719771,499
,內厝里,1447,1525400,21746,21758,1095450,65524,40887,3126,1333,235268,328,22584,241,17154,902401,1332340,3514
,月眉里,1305,1064368,22340,12276,874277,33335,9269,4154,747,94464,154,12130,0,1222,693574,883666,275
,山東里,1014,853138,24783,5690,663901,28527,19181,1944,534,87120,1725,13658,0,6076,524511,713748,302
,過嶺里,1484,1595128,17633,20081,1272451,51028,17949,9017,4174,184189,240,17097,0,1270,1060665,1383432,1195
,興仁里,1022,839378,7898,13575,713492,30878,7943,4334,936,49616,312,7484,0,2910,582667,708552,856
,中原里,1246,1050507,16737,14181,809045,59440,39176,3014,1310,92214,2016,12175,0,1198,658721,900183,283
,自立里,1390,1073838,8866,25524,890759,54419,3675,6878,1143,65069,732,15985,0,788,716899,899979,366
,洽溪里,839,862676,14576,15756,706685,29451,9292,6444,1007,68887,647,9267,4,659,593519,749509,559
,中堅里,1135,1037907,9261,18504,899904,33348,4216,7394,1169,45726,664,16757,0,964,741655,879658,274
,永興里,304,229064,7869,2406,152569,16743,20067,679,206,25615,14,1736,0,1160,122694,199667,251
,光明里,1890,2045753,22854,54737,1457244,131949,30862,9517,2436,304332,4341,24408,458,2614,1228128,1816670,2691
,中央里,1320,1291664,13284,89218,845346,99605,67316,2577,1356,154595,452,13879,511,3525,706052,1152503,1881
,龍岡里,1395,1100118,17663,14477,945157,54737,6379,4026,1514,38545,685,15242,54,1641,763232,918585,575
,中正里,1527,1317465,16011,23119,1107116,44992,7187,7616,1505,78205,444,16979,1084,13206,900626,1110849,2345
,篤行里,819,795211,12393,16094,650723,20873,6484,6355,1268,67279,0,11346,0,2396,534614,679721,485
,信義里,1585,1586539,15263,37493,1268219,79725,19305,3362,2272,135785,1317,22071,181,1549,1066618,1384939,1528
,忠義里,1149,1079167,10815,20028,870542,28792,18178,7098,849,104274,44,17302,94,1151,717776,926402,567
,忠福里,2484,2213710,30743,40428,1797313,80292,25885,11307,2281,190880,664,30351,0,3567,1473917,1890314,513
,東興里,1091,1139691,17538,23073,775138,66868,34388,3207,1112,188057,122,27351,219,2619,644668,1009214,1432
,復興里,3057,2755803,25833,32525,2415743,72515,16091,7414,2798,133896,417,44557,1042,2971,1982103,2322178,2566
,自強里,1182,1164746,13083,20205,989122,52136,9198,3057,1276,59136,974,13606,0,2952,828142,1003766,621
,龍平里,782,586831,9830,10791,487027,33177,6591,2195,599,25713,321,8657,0,1929,388667,488470,219
,成功里,1347,1147661,15296,15895,961415,38175,4466,3064,1214,89474,16,15789,0,2856,772885,959131,778
,龍興里,1379,1155442,12203,20065,976396,47365,7317,4432,977,63026,715,20350,54,2541,798650,977695,839
,仁愛里,985,885304,11688,10944,718841,31372,10027,3069,792,85974,18,9785,185,2609,588536,754999,1039
,仁德里,890,646830,10621,9145,562008,17747,2969,1353,1365,25316,0,12085,280,3943,441439,526242,832
,仁祥里,810,564936,11511,9219,489727,17847,1244,621,914,24361,178,8375,0,938,380761,455970,294
"表166-H(103年度)各類所得金額各縣市鄉鎮村里統計表-縣市別：桃 園 縣,單位：金額(千元)",,,,,,,,,,,,,,,,,,
鄉鎮市區,村里,納稅單位,合　　計,營利所得,執行業務所得,薪資所得,利息所得,租賃及權利金,財產交易所得,機會中獎所得,股利所得,退職所得,其他所得,稿費所得,申報大於歸戶,薪資淨所得,按薪資淨所得計算之綜合所得,稿費收入
,龍東里,1292,1017129,9317,10232,857210,53324,9185,2904,946,59907,109,9396,19,4579,687872,848416,649
,龍昌里,1642,1251867,21546,15926,1070967,45565,11995,3037,1336,64242,873,14193,112,2076,848628,1029893,660
,文化里,2993,2667926,48083,27043,2225709,74652,19327,8311,2378,221146,847,31522,470,8439,1810977,2253194,1673
,振興里,1479,1147986,14157,17893,967476,47628,7791,3030,1421,70625,1238,14556,7,2165,774919,955785,427
,普慶里,862,789734,7341,15180,631974,31739,6490,1834,643,76825,7028,9408,0,1272,519699,677459,331
,興和里,911,755320,12630,9500,614435,29814,14952,1779,1469,60298,0,9781,53,611,496674,637560,712
,永光里,1791,1787370,24071,31071,1439710,76759,21102,8757,2903,154689,2172,23904,527,1705,1212561,1560448,2575
,復華里,1715,1411646,13747,15382,1216581,48924,6881,7884,1244,79968,221,16629,0,4184,985563,1181223,610
,忠孝里,1555,1565111,18401,22184,1309583,46880,12952,5475,1431,103704,204,42054,85,2158,1093309,1348837,712
,福德里,852,768573,14361,13536,577499,36246,13045,1315,671,98709,0,6347,83,6761,469263,660338,638
,和平里,827,650853,9528,8502,556959,24612,4491,1548,610,36094,326,7359,158,667,447547,541370,665
,普忠里,1045,1187387,14178,19120,899630,50488,26958,2096,1074,157010,23,13581,49,3179,763458,1051436,2333
,普強里,1261,1200536,8709,32760,956316,62589,18564,3334,833,97406,3903,10706,0,5414,795008,1039958,717
,明德里,1597,1464537,19795,22192,1173828,81686,21970,3239,1558,123678,688,12884,0,3020,972467,1263200,708
,至善里,1169,1023660,11714,11932,878853,33683,10631,2949,1092,57714,388,14242,0,461,716117,860962,748
,五福里,981,775888,15581,15989,596203,42306,14990,2547,716,66302,1020,11499,0,8736,483624,663309,292
,龍德里,1283,1212085,14474,19134,1035664,49570,5465,5041,1817,64563,1718,13805,96,740,859672,1036094,553
,正義里,1483,1344914,20880,22955,1026638,71082,31971,4302,814,147238,1623,12213,248,4950,844078,1162353,1026
,龍安里,568,438896,7354,10543,357020,24080,5913,988,352,25457,20,6432,44,695,285794,368087,261
,中山里,1641,1496448,16149,18756,1284573,50002,7423,2916,2302,93286,379,18701,64,1899,1055982,1267857,1271
,德義里,953,795755,8548,18857,647430,42016,11761,1320,587,56703,125,6692,44,1671,533698,682024,993
,仁義里,1286,1206912,12694,20095,981383,49540,19640,4448,898,98001,1663,16458,0,2093,813766,1039758,525
,華勛里,860,602709,8926,5247,519264,19549,4374,629,612,37339,262,5378,0,1131,406814,490259,417
,仁福里,1490,1208369,18610,11382,1038810,44870,4059,4368,1139,66146,218,15967,44,2757,837561,1007119,701
,幸福里,1965,1672683,31268,34301,1305081,63620,24590,5950,3522,178944,251,23532,118,1508,1050385,1417869,955
,永福里,1897,1686892,29234,25342,1348612,57494,24404,6066,1427,172050,4108,16639,0,1515,1094415,1432694,332
,仁和里,1099,843500,6450,8949,770107,20742,2194,2824,795,18605,128,9688,0,3016,610655,684533,100
,華愛里,1075,928793,14201,17297,797315,26472,4603,2266,1560,50227,369,10436,119,3928,646218,778245,567
,莊敬里,1065,941344,9783,13272,773647,53108,5262,4713,1181,66415,15,13389,173,386,633330,801027,917
,自治里,997,901781,12364,9616,752169,41850,6421,3909,756,60257,861,10026,336,3216,621483,771095,962
,健行里,1558,1465384,14966,41458,1186705,70013,24201,5638,1641,92275,829,25527,7,2125,985816,1264837,1265
,興平里,806,693274,22754,16040,499371,41640,24219,1868,800,74655,2054,7893,5,1975,405067,598965,498
,中興里,1057,931157,5095,17678,794723,37656,11597,2156,1095,47905,473,11514,0,1266,649595,786030,500
,龍慈里,1492,1373436,12052,23339,1178934,42283,6121,3084,1647,81196,757,22767,6,1251,968512,1163015,867
,自信里,1711,1661019,22647,40064,1399736,52899,16668,5128,1650,77855,829,41281,0,2262,1162070,1423352,809
,林森里,1267,1244366,13375,37791,960059,56829,20662,2641,1917,127640,816,16456,30,6150,795290,1079979,944
,金華里,1549,2647116,20178,122896,1658072,107750,63673,38900,2383,577475,2966,45347,239,7238,1469007,2458484,3264
,其　他,8,2527,0,0,2525,0,0,0,2,0,0,0,0,0,1763,1765,0
,合　計,105207,96361920,1371079,1821170,76331030,4019343,1556335,392666,107509,9121307,78701,1271480,9554,281745,62648255,82689344,75890
"表166-H(103年度)各類所得金額各縣市鄉鎮村里統計表-縣市別：桃 園 縣,單位：金額(千元)",,,,,,,,,,,,,,,,,,
鄉鎮市區,村里,納稅單位,合　　計,營利所得,執行業務所得,薪資所得,利息所得,租賃及權利金,財產交易所得,機會中獎所得,股利所得,退職所得,其他所得,稿費所得,申報大於歸戶,薪資淨所得,按薪資淨所得計算之綜合所得,稿費收入
楊梅區,楊梅里,1291,1203012,35388,30541,829784,65750,34856,2752,1514,180353,2339,11606,0,8129,671644,1045187,243
,楊江里,371,319192,13179,9323,218689,22890,15606,1478,152,31581,0,5130,0,1165,178287,278789,60
,紅梅里,896,706547,6800,7366,556531,45646,9573,2141,1170,68207,33,7815,45,1218,445939,596413,581
,水美里,1352,1070184,8098,14805,882553,39139,14009,1471,1887,95144,177,11162,0,1740,694530,883066,129
,上田里,850,626909,13855,3900,518163,17718,10511,766,825,55310,87,4801,0,975,400757,510633,132
,東流里,840,579558,11375,4400,497730,15612,13751,1914,1117,27635,56,5613,0,355,382586,464877,70
,大平里,1032,781574,9060,4738,680111,32053,4033,1461,996,38301,0,9295,193,1334,541054,643731,512
,永寧里,2076,1900036,22250,25996,1568132,69988,16855,4683,2006,162819,923,22003,75,4308,1274854,1608773,1496
,瑞原里,1246,863937,8088,4558,748257,27217,7746,1648,957,53599,0,10311,0,1555,578975,694666,156
,員本里,801,619931,8610,5228,529569,16922,1685,2776,1352,45011,321,7367,0,1090,416983,507345,148
,富岡里,634,485410,4882,6099,387120,32665,3920,2257,531,41463,320,5426,0,727,308094,406384,71
,豐野里,1190,904901,12793,7622,792126,30957,3225,881,1018,40456,57,12516,271,2981,621530,734438,669
,上湖里,1683,1286132,18430,4177,1130368,33445,7471,3156,1574,70548,204,13837,0,2921,886325,1042535,491
,三湖里,846,649626,11980,4418,528419,17942,8158,1080,669,65064,251,10482,0,1164,408639,530287,124
,梅溪里,1215,1075864,18097,9853,896453,30454,7621,2398,906,81906,10852,14547,0,2777,725786,906266,215
,瑞塘里,1523,1156381,20782,11348,983665,36061,9294,3111,1053,79871,10,9631,0,1556,779931,953561,323
,埔心里,463,370449,7425,8976,276564,25524,12467,576,544,31965,0,3463,0,2945,223032,317373,172
,高山里,1292,1056788,12350,9447,929474,25499,7248,2531,1362,55385,13,11264,158,2054,743952,871852,1072
,高榮里,1025,1134046,10178,2780,646742,31056,18406,3653,785,412995,313,6778,0,361,507824,995129,50
,金龍里,342,241347,1345,1305,218762,7616,595,867,891,6892,167,2879,0,27,173449,196034,154
,四維里,1482,1574498,19722,32790,1300030,48174,10767,5590,1740,125548,984,26803,0,2349,1085027,1359495,722
,梅新里,705,584751,7350,7213,453874,29122,13486,978,564,66748,109,4548,0,758,363296,495099,184
,仁美里,1335,1018055,15938,14491,851606,52872,5149,4289,859,56777,256,13078,21,2719,677155,843603,698
,光華里,1037,791546,12413,9258,655457,41254,9719,1595,899,48345,1460,9453,0,1692,526607,662695,335
,大同里,1143,967217,16601,12636,783323,46344,9846,1362,1061,79671,1454,10992,0,3927,627835,812186,660
,中山里,1065,919121,20107,11954,739751,32106,15213,1275,947,87619,389,9137,0,622,596160,776427,177
,楊明里,1767,1615250,19090,15827,1375858,48150,21078,5906,2311,105361,443,19041,386,1799,1117961,1358691,1417
,金溪里,1340,2455062,30954,38004,1361670,63172,25805,4922,1479,840488,1022,27206,392,59948,1179776,2273511,1938
,裕成里,1086,1097893,17867,15810,822702,37173,9327,5861,859,165971,2009,13576,3689,3048,678613,952375,6636
,秀才里,1109,767546,13074,6496,661481,24114,9483,841,765,43244,381,6474,25,1168,511069,618904,326
,青山里,1142,842160,11221,8545,734547,19275,3719,5200,894,46140,13,11392,6,1209,580673,688287,453
,新榮里,1180,1073581,13128,9997,918572,30221,4201,1615,1195,77634,300,14295,0,2422,747542,902551,422
,雙榮里,1080,985777,10401,6895,860510,31222,3898,2179,1299,55990,89,11896,109,1289,708530,833797,1190
,瑞坪里,1859,1532662,12335,19107,1336958,42536,9283,2232,1279,90781,172,16683,0,1295,1069638,1265756,877
,永平里,598,453545,7081,5505,366140,18379,12870,1279,283,36340,15,4616,0,1038,288111,376568,104
,瑞溪里,1108,933821,12551,8553,817744,20786,3969,3635,959,51895,159,11923,126,1522,656835,773552,658
,高上里,858,609459,10427,5027,483422,18661,19165,1671,491,62630,0,7761,0,203,367558,494137,129
,富豐里,856,639800,10313,3914,554173,19407,4304,1047,523,35964,290,9522,75,269,434401,520417,294
,裕新里,642,526404,6166,9016,447178,13924,4131,1605,378,36239,400,6619,224,525,360273,439910,739
"表166-H(103年度)各類所得金額各縣市鄉鎮村里統計表-縣市別：桃 園 縣,單位：金額(千元)",,,,,,,,,,,,,,,,,,
鄉鎮市區,村里,納稅單位,合　　計,營利所得,執行業務所得,薪資所得,利息所得,租賃及權利金,財產交易所得,機會中獎所得,股利所得,退職所得,其他所得,稿費所得,申報大於歸戶,薪資淨所得,按薪資淨所得計算之綜合所得,稿費收入
,三民里,1081,923426,6753,17218,809734,22687,3910,1118,876,49787,249,10745,97,252,651178,765813,586
,頭湖里,835,648043,7999,4797,565531,10537,2542,996,941,37022,144,17005,32,499,446088,529159,473
,其　他,0,0,0,0,0,0,0,0,0,0,0,0,0,0,0,0,0
,合　計,44276,37991440,536456,439933,30719475,1294269,408896,96793,41912,3844700,26459,448689,5923,127935,24638497,31930269,25881
蘆竹區,新興里,990,882141,20336,10600,602610,30371,21326,2745,463,182756,365,10016,0,552,479671,759201,174
,中福里,1203,959140,35033,9532,719385,30053,20417,2428,846,130121,0,9045,41,2240,560399,800155,357
,新莊里,1508,1357834,32860,10598,1019776,41482,23894,4135,1073,206047,0,16775,0,1195,807967,1146526,419
,大竹里,1429,1405458,33427,11235,1055361,50420,17943,6989,1027,209769,2456,15505,0,1326,854195,1204960,218
,蘆竹里,1254,1159263,33374,13690,812039,39181,59424,4385,1121,177030,476,17750,0,794,647633,996276,243
,南崁里,1251,1534432,42618,29112,908460,67935,94493,4795,1021,337931,1572,42450,0,4047,757728,1384768,461
,錦興里,1333,1286413,20554,23402,942397,44375,49879,8377,1151,177577,561,14627,158,3353,755537,1100266,613
,五福里,1035,1128439,15687,7984,881964,31042,25130,2758,5009,136818,24,16823,118,5083,738446,990208,1117
,內厝里,819,721011,26084,4028,414311,33421,95783,2105,718,136320,0,7694,0,549,316655,625302,80
,山鼻里,611,453788,15311,2710,353093,17341,14147,895,465,45142,0,3806,0,878,268361,371550,47
,坑子里,507,388612,9897,2908,299279,13013,15570,1054,1639,33085,575,10399,129,1064,217722,320086,585
,外社里,434,397695,2859,2570,292912,16417,5528,825,472,73813,0,2034,0,266,228347,335838,163
,山腳里,1184,860325,29685,7312,691181,28672,12769,1029,617,79069,0,6562,0,3429,529633,702663,136
,坑口里,730,574333,14497,6161,434514,18867,17515,4287,600,72189,0,4888,0,817,335201,477208,47
,海湖里,1594,1091961,21547,9815,894874,32456,31068,1832,843,85061,0,13553,0,910,673839,876456,224
,富竹里,431,364599,4808,4391,280078,15786,10887,5037,332,37271,2753,3020,0,236,221736,307672,123
,上竹里,1124,994965,17661,16201,761045,44650,27077,3076,1045,111689,296,11984,0,240,610844,844790,37
,宏竹里,943,742941,16416,6489,582910,27484,14665,535,735,84061,0,8092,0,1552,448744,610592,210
,南榮里,1187,1419851,13065,20053,912554,46799,39261,10399,911,361400,0,11310,414,3685,757266,1265960,1589
,南興里,2172,2523489,30525,37154,1991545,68240,26407,22878,2136,285505,1783,47046,172,10096,1686195,2219798,2032
,長興里,898,644670,9958,5281,468484,18405,65467,3511,674,68333,32,3876,0,650,353691,530963,116
,錦中里,1136,1164488,27611,28678,781894,51822,79718,5990,1207,172588,1601,10624,0,2755,647683,1030943,234
,瓦窯里,973,846967,13088,10919,681697,22420,23725,3341,820,71786,606,18060,0,504,548599,716469,514
,營盤里,1666,1791727,16880,29635,1416867,44499,24103,12411,1936,218559,855,24113,15,1854,1176788,1553964,1057
,羊稠里,1751,2954359,33591,35573,1840037,82531,45903,30310,1808,774072,30066,39159,1479,39830,1600514,2717174,3291
,順興里,1179,1368840,7421,20532,1108412,31871,7592,24215,1462,139649,899,22492,281,4015,937687,1198948,1262
,福昌里,1681,1836186,12739,9776,1572871,50065,9992,17773,2023,108518,19007,31142,526,1754,1327859,1592027,1822
,福興里,2583,2712225,18277,49563,2250368,68995,15965,10667,3971,239905,18389,31515,171,4439,1876042,2340167,1981
,蘆興里,524,580692,16501,10341,424040,20213,19833,1555,617,75971,396,9327,0,1898,352507,509571,104
,長壽里,1808,2000977,17670,16237,1686607,55624,27033,6741,4316,149149,2844,30738,451,3566,1415673,1732886,1854
,吉祥里,1213,2170503,18743,36733,1460767,66365,29316,16388,1216,480405,5523,39354,468,15227,1289546,2000967,2374
,中山里,973,963281,6717,15926,813171,32288,8050,4056,1057,67222,96,13604,304,789,664089,816878,657
,福祿里,1087,1079620,6481,15102,914344,27736,8809,2844,1002,89601,0,12867,70,763,749384,916965,667
,興榮里,949,978996,6425,19256,793200,33861,24563,2505,969,85646,114,10755,233,1470,662515,848796,1238
,中興里,1424,1387137,13889,19087,1155391,36130,11745,8930,2087,118380,1961,18339,218,979,947069,1178815,783
"表166-H(103年度)各類所得金額各縣市鄉鎮村里統計表-縣市別：桃 園 縣,單位：金額(千元)",,,,,,,,,,,,,,,,,,
鄉鎮市區,村里,納稅單位,合　　計,營利所得,執行業務所得,薪資所得,利息所得,租賃及權利金,財產交易所得,機會中獎所得,股利所得,退職所得,其他所得,稿費所得,申報大於歸戶,薪資淨所得,按薪資淨所得計算之綜合所得,稿費收入
,上興里,1085,1169257,15860,19909,860619,36927,23026,9092,1172,178338,1680,20716,0,1919,705451,1014089,486
,營福里,1032,961250,7598,5622,848224,18588,8406,2184,1603,59099,0,8132,0,1794,690694,806692,190
,其　他,1,597,0,0,525,0,0,0,0,4,0,68,0,0,417,489,0
,合　計,43702,44858462,685693,584119,33927807,1396341,1056428,253077,50165,6059877,94930,618260,5247,126517,27842326,38847081,27505
大園區,大園里,1829,1406354,57085,29477,1038933,79859,38921,3016,1220,136952,125,17068,263,3434,819774,1186537,1146
,田心里,1904,1499534,50748,25350,1193582,59068,24262,4524,1476,113580,0,20857,0,6088,939452,1245404,225
,溪海里,1321,944079,18860,9644,796819,24636,9546,3448,760,63336,694,12789,2255,1292,609325,755135,3498
,和平里,452,345675,13132,4186,280368,11695,7731,444,331,23202,0,3413,0,1173,219865,285172,62
,橫峰里,2732,2514877,65878,29098,1949733,97155,40243,10806,2003,272373,202,39484,129,7772,1583130,2149829,1097
,五權里,1487,1142314,19389,18350,901336,44742,49589,2408,1469,92478,830,9972,0,1750,705193,946685,208
,埔心里,1815,1397053,33888,11197,1088649,52386,22903,5154,1230,160679,8502,10855,0,1611,845253,1155537,380
,大海里,462,381169,4787,2612,298233,18684,4095,1581,1346,45835,197,3685,0,113,238144,321080,177
,三石里,978,763044,15605,1727,631879,29743,9187,1843,731,59110,0,12899,0,320,496729,628436,14
,菓林里,2158,1619212,36398,13117,1343925,51436,31406,3327,2211,118997,4,16713,0,1677,1048808,1324656,336
,竹圍里,988,745549,14377,4942,615135,28049,8008,1385,772,51306,2086,18751,0,738,483620,614499,200
,海口里,537,441330,9210,10099,344591,13765,3025,839,603,52630,0,4302,0,2266,271683,368422,6
,沙崙里,762,546083,17791,11564,403588,20756,7258,1591,773,72391,0,5537,0,4834,307124,449621,19
,後厝里,738,579381,16707,9767,472073,24080,8238,1148,455,40394,0,6097,0,422,368778,476860,114
,圳頭里,795,595824,19948,4381,474356,20543,9580,1618,541,60528,0,3786,45,497,368582,490614,677
,內海里,673,493702,14386,4210,382902,15108,10460,1742,458,58086,14,5629,0,707,291976,402777,130
,北港里,765,520411,16212,5944,430663,12387,4961,973,580,44117,0,4425,0,149,322936,413195,4
,南港里,1582,1203474,23967,11622,1020541,24526,8156,5546,1602,91108,204,13068,0,3135,792128,975061,262
,其　他,2,541,0,0,455,11,0,0,0,57,0,19,0,0,337,423,0
,合　計,21980,17139607,448366,207288,13667761,628628,297569,51394,18561,1557159,12858,209349,2693,37981,10712837,14189945,8554
龜山區,龜山里,2147,1779905,34289,30714,1407161,75560,22235,6329,4139,175497,26,20785,14,3154,1129579,1502878,1167
,新路里,1782,1380266,20895,25568,1090526,68270,30823,5829,1850,114252,265,15108,0,6880,869566,1159854,459
,山頂里,1731,1352873,21786,12726,1156947,43799,7752,3807,1845,74966,24,26739,169,2312,920244,1116170,819
,兔坑里,1200,769764,22060,6126,646781,13047,6973,1912,962,65445,0,4348,444,1665,484003,607971,1251
,舊路里,688,570428,18628,6199,361145,30593,28325,969,340,120471,0,2850,0,909,277977,487347,102
,嶺頂里,1192,838634,15585,7224,670970,25368,12261,4642,829,91865,45,7482,0,2363,518943,686607,292
,龍壽里,486,335242,11900,1668,211890,13962,11442,2353,415,79421,131,1458,0,600,153012,276364,287
,楓樹里,1913,1686159,40426,19406,1355414,56722,32132,4261,2454,150830,179,22193,0,2144,1092742,1423979,570
,大崗里,1176,988972,30266,14049,647414,35253,121693,4315,1627,115671,0,14841,0,3843,502188,845927,464
,公西里,346,264544,6794,2186,169149,12702,44406,1141,140,25323,0,1690,0,1014,133556,228996,70
,樂善里,1097,827059,18890,6871,692792,27988,14261,1646,690,53549,393,9573,0,407,545803,681533,522
,南上里,623,477849,9564,5691,348010,23595,26245,1857,364,54926,0,6018,0,1578,268416,399299,41
,大坑里,557,374195,6830,9589,271071,17249,25985,1493,330,35962,0,5553,0,134,201609,305091,21
,陸光里,981,782219,7004,12055,647381,56633,1746,2691,761,40985,487,10057,0,2419,528992,664650,755
,精忠里,1867,1628783,20339,21286,1321838,56439,9153,8893,1356,160001,154,24336,584,4402,1070117,1378647,2652
"表166-H(103年度)各類所得金額各縣市鄉鎮村里統計表-縣市別：桃 園 縣,單位：金額(千元)",,,,,,,,,,,,,,,,,,
鄉鎮市區,村里,納稅單位,合　　計,營利所得,執行業務所得,薪資所得,利息所得,租賃及權利金,財產交易所得,機會中獎所得,股利所得,退職所得,其他所得,稿費所得,申報大於歸戶,薪資淨所得,按薪資淨所得計算之綜合所得,稿費收入
,山福里,1010,725000,8383,9505,600474,29681,4690,2808,1076,55288,192,11715,0,1189,474758,599285,193
,山德里,1612,1233792,25143,31965,960684,58511,15282,2079,1557,120686,48,14317,187,3334,763951,1037059,1202
,中興里,1487,1153157,15064,9643,969550,55451,10339,5730,1555,67902,929,13422,0,3571,783835,967502,473
,大同里,1820,1519028,22932,28751,1250371,60080,14708,5295,1905,109670,500,19861,53,4901,1005328,1274699,1349
,文化里,2075,2684777,44145,38831,2014868,74393,108171,9144,6143,344639,3032,36076,1674,3661,1733169,2404503,5662
,南美里,803,683615,14936,7611,543143,23104,21234,2270,699,54683,0,7703,0,8231,429444,572661,249
,幸福里,1400,815230,15572,10656,731538,17130,1308,1349,1110,28131,11,6527,14,1884,548265,632452,293
,福源里,622,463303,13515,5365,365846,13815,6071,669,395,52885,0,2693,0,2050,281575,379032,58
,龍華里,996,663924,10602,6891,566936,14783,6869,2542,657,47058,1986,5211,0,390,438269,535256,35
,迴龍里,1752,1307655,14774,11824,1054339,54254,16466,4986,1394,133463,363,12402,0,3389,831843,1085173,411
,新嶺里,1110,738694,9283,8556,636983,20395,4558,2022,735,50142,85,4564,0,1372,487882,589912,412
,大湖里,1893,2084616,18403,36028,1748969,59934,34540,5760,2385,143729,462,23944,232,10230,1489280,1829635,2619
,大華里,2859,3087695,34338,24484,2425921,88304,67412,10259,3986,376452,1611,50376,137,4416,2017956,2684402,1941
,長庚里,1623,2624292,7341,11121,2453481,63389,11764,5105,1498,60003,81,8801,291,1417,2199169,2369991,6661
,新興里,594,495142,8159,4101,382290,33886,4696,599,749,47382,5307,6556,84,1332,304561,417876,690
,其　他,2,810,0,111,687,2,0,0,0,0,0,0,0,10,471,594,0
,合　計,39444,34337621,547850,426801,27704571,1224290,723538,112756,43945,3051275,16313,397196,3883,85204,22486503,29145346,31720
八德區,興仁里,1487,1219463,17600,21172,974527,42403,13647,8862,769,97272,325,22712,63,20110,780434,1025893,814
,福興里,1758,1496810,22024,18468,1255003,47454,7417,27099,2539,99663,283,13797,16,3046,1011417,1253225,445
,瑞豐里,591,449020,10841,2099,361511,15928,4149,6402,534,36282,1120,9225,0,930,283850,371360,87
,廣興里,1012,718062,14778,4992,591062,25352,19169,2476,758,47935,405,9356,0,1780,459421,586421,151
,竹園里,995,730790,9042,9201,599028,25561,12959,781,1004,64966,168,7576,0,503,464010,595772,183
,霄裡里,539,364304,8353,1874,306721,12140,3007,1362,615,25315,270,3495,0,1151,237470,295053,30
,茄苳里,897,671500,22224,9012,520810,19582,15896,2491,2884,69557,38,8561,0,446,399865,550554,131
,白鷺里,940,722373,19110,7807,565174,27417,13086,1240,829,75592,602,10049,0,1467,443495,600694,33
,大湳里,1244,1035150,21707,12351,838371,31345,16486,4410,1067,97607,73,8235,0,3500,667591,864904,202
,大安里,1006,821250,11611,9150,629563,23384,14373,2487,722,109014,0,10670,212,10065,494673,686678,1002
,大興里,1092,980529,25605,10152,779576,25194,8411,2239,997,109029,301,16928,381,1716,633185,834594,1483
,大福里,1778,1578547,25245,28035,1297458,66079,21718,3251,1716,114444,917,15445,22,4217,1066439,1348148,764
,大同里,381,364151,9468,5720,203377,9247,6740,965,187,122582,0,3424,0,2442,161216,321989,227
,大忠里,535,371522,7386,2824,296276,16416,18506,712,613,19536,265,7995,0,993,233318,308883,176
,大勇里,1357,1293004,24734,20243,977773,48804,12942,15012,1484,162517,434,19428,4776,4857,800762,1115993,7447
,大義里,1130,988984,15054,11519,827186,38766,14812,2014,958,67116,751,9350,480,977,676758,838555,1198
,大成里,969,736436,13662,18242,568285,38120,17216,2296,751,65947,0,6462,4,5450,451293,619984,261
,瑞發里,982,707304,11661,8080,580043,29845,7536,2674,575,58410,267,7130,0,1082,458334,585596,224
,瑞祥里,1034,739588,9437,13530,652915,24435,2466,2418,636,28104,40,4770,0,837,517484,604157,212
,瑞德里,1004,689163,16181,7619,590520,24227,6894,910,918,35581,0,5735,337,242,457016,558167,932
,廣隆里,1398,1194572,12824,19834,997981,42829,13826,4967,1813,90008,381,8324,146,1638,811107,1007669,957
,高明里,1173,805063,9044,11697,699123,26899,4586,1564,2100,39304,0,9159,312,1274,545798,652438,1068
"表166-H(103年度)各類所得金額各縣市鄉鎮村里統計表-縣市別：桃 園 縣,單位：金額(千元)",,,,,,,,,,,,,,,,,,
鄉鎮市區,村里,納稅單位,合　　計,營利所得,執行業務所得,薪資所得,利息所得,租賃及權利金,財產交易所得,機會中獎所得,股利所得,退職所得,其他所得,稿費所得,申報大於歸戶,薪資淨所得,按薪資淨所得計算之綜合所得,稿費收入
,大和里,2210,1816560,32635,24254,1528332,58369,11829,6723,4273,126017,39,21829,9,2253,1230364,1519094,961
,大信里,875,576852,8599,9440,506219,15578,2550,2037,580,27107,6,4076,0,660,392618,463250,286
,大華里,829,632048,12072,9420,530808,20938,11279,3698,614,36309,462,5638,38,771,424335,525574,853
,大仁里,1352,984110,19673,7543,824638,29561,5887,3031,1906,81285,19,7053,11,3506,648790,808263,282
,大智里,1216,1136071,10529,27573,930336,44546,15677,15962,3026,63001,2589,16691,71,6072,771701,977436,779
,瑞泰里,1306,949499,15330,11092,797405,27314,10267,4522,1231,69655,780,10343,356,1206,624157,776251,1382
,大昌里,890,590146,16741,8164,505584,22260,4220,1535,595,25872,106,4629,0,440,393420,477981,237
,大正里,1433,1302879,14705,20121,1038753,42086,12293,2723,1456,152454,1261,14980,81,1966,842654,1107513,540
,大強里,1014,714650,14308,9985,597852,23294,7271,1252,850,49838,412,8781,0,807,468724,586111,308
,大發里,686,490447,7793,4733,397626,15216,11462,1124,591,46735,0,4577,0,592,309477,402298,35
,大明里,1212,977428,15092,11200,827668,27615,8321,3065,1410,72022,184,9966,288,597,662903,812603,1250
,大竹里,464,329371,10518,5163,281776,9932,2408,541,294,16407,0,2245,0,87,219513,267108,381
,大慶里,415,295271,6908,2327,226485,12024,14574,495,337,27357,0,4363,0,401,176064,245721,107
,大千里,675,524590,9248,4527,425245,19107,5025,1654,629,51207,120,6901,0,929,334083,433884,31
,大榮里,588,449302,5565,4663,379644,19872,2651,512,797,29537,947,4936,0,176,304789,374447,531
,茄明里,1385,1028086,16748,10453,865718,30392,12673,4113,2030,72327,1312,10067,68,2184,684794,847162,615
,高城里,1033,763559,7729,8259,676912,22763,3149,2000,969,33414,0,7573,0,791,542099,629321,106
,瑞興里,826,604481,14253,3370,506523,19947,7383,1785,830,43963,5,5580,0,843,398082,496040,156
,大愛里,775,670119,6358,9875,564376,29645,3091,2805,893,43241,257,6740,64,2774,458835,565433,552
,大宏里,1081,1069755,19942,30729,845134,39902,19946,4835,1154,92357,56,14715,0,985,704165,928786,603
,大漢里,1248,993182,11532,14960,871720,28391,5395,1473,2944,47432,231,8101,0,1002,694471,815933,263
,廣德里,867,810889,18325,13935,640425,42777,6967,1546,683,65660,4917,12220,167,3268,520990,691454,780
,龍友里,589,411215,3402,3328,365307,17342,1221,641,295,14765,262,3553,0,1100,285468,331376,18
,陸光里,1097,739428,11877,11961,641027,32425,2454,3015,885,26770,733,6060,47,2172,500270,598671,1027
,永豐里,888,692292,13449,10605,536337,26986,18607,1332,876,77536,347,5243,145,828,419888,576039,472
,大順里,772,523839,11074,7649,443607,16707,3818,1474,405,30199,0,8720,0,186,345074,425307,136
,其　他,51,32790,18,1730,27317,719,1398,184,51,1155,0,173,0,45,21055,26528,0
,合　計,49079,38786445,672012,540681,31895057,1357136,467657,170707,55073,3059402,21683,433579,8093,105364,25433720,32336312,30717
龍潭區,黃唐里,1328,1003952,24348,11109,836072,37021,9691,1428,1132,67244,2048,13248,4,607,661040,831714,401
,烏林里,1190,808097,18615,6978,672264,26603,7608,1491,507,62444,146,9671,57,1713,515754,652104,458
,八德里,1141,799066,16097,9919,689857,26547,6060,1136,1049,39522,0,7906,9,964,540063,649789,405
,上林里,1265,1063873,15610,20572,864285,41683,9298,1967,1436,79129,36,16156,0,13701,691593,891971,258
,龍潭里,603,472004,13759,18061,318625,28389,38559,2026,282,43123,298,3816,0,5067,260420,413957,244
,九龍里,1059,839588,17571,8312,706838,34345,7821,1673,642,55245,81,5575,35,1449,562651,697704,800
,佳安里,1109,1121880,7845,10335,953719,68968,12746,3563,727,52874,1584,7292,28,2198,808612,977139,945
,三坑里,379,273610,6431,1540,226253,11264,6787,332,783,15729,16,3854,0,620,179759,227137,20
,大平里,560,603558,6255,19801,457315,34639,11486,2226,361,64734,946,4234,21,1539,388147,534683,811
,三林里,935,1051541,6511,12654,836871,69856,9847,1755,612,93534,2095,16854,399,553,712606,927132,1968
,高平里,908,689787,11715,8609,560728,27555,8000,2917,801,56685,36,11303,0,1437,440184,569784,136
"表166-H(103年度)各類所得金額各縣市鄉鎮村里統計表-縣市別：桃 園 縣,單位：金額(千元)",,,,,,,,,,,,,,,,,,
鄉鎮市區,村里,納稅單位,合　　計,營利所得,執行業務所得,薪資所得,利息所得,租賃及權利金,財產交易所得,機會中獎所得,股利所得,退職所得,其他所得,稿費所得,申報大於歸戶,薪資淨所得,按薪資淨所得計算之綜合所得,稿費收入
,高原里,1372,1165447,29621,11314,925340,38068,23394,3199,965,105458,8246,18215,0,1626,739474,979922,579
,三和里,740,1107098,4100,24626,777062,50663,11096,9846,941,193229,244,25211,1381,8699,679362,1009377,3518
,三水里,163,118604,1661,2677,100200,5376,580,352,56,5774,0,1872,0,56,79218,97622,2
,中興里,1342,1129786,17319,8757,991638,34734,5232,1418,1207,46462,439,21614,0,966,810168,950590,630
,中正里,1600,1748119,22182,22510,1349052,69385,16457,7736,2308,226038,3837,26594,0,2019,1130008,1529878,1318
,中山里,1523,1395328,30746,35278,1057679,77711,38934,5508,924,123773,1094,17792,0,5889,872042,1210085,417
,凌雲里,984,667228,12017,6729,579328,20084,2248,1781,691,33030,57,10573,239,451,445623,533941,549
,永興里,833,619119,9839,7349,517960,24234,4567,1232,614,44392,237,7172,936,587,410597,512515,2057
,烏樹林里,710,494576,5490,5843,411937,19373,11238,3893,818,30618,43,4307,0,1017,320580,403219,169
,百年里,1343,1535762,14070,20300,1213410,66726,8516,4800,1482,179002,6572,19607,402,872,1032688,1355033,2749
,龍祥里,1037,812647,7773,6897,704243,23493,3763,2632,772,51870,1006,8091,0,2105,562780,671183,140
,聖德里,924,631487,6937,2805,540769,15833,6606,1153,576,46647,43,7746,0,2370,414997,505715,13
,龍星里,1310,1247949,9211,28576,1027587,58316,18483,1847,1951,86905,568,13407,5,1093,853414,1075192,659
,上華里,1016,946975,12907,4113,806593,37322,9572,1237,848,50190,1267,21757,151,1020,667385,808630,802
,武漢里,778,560250,13913,3550,468156,20331,10078,832,554,33354,115,7386,0,1981,365516,459219,333
,東興里,1196,1112053,11979,8198,984814,45741,2971,2098,1587,44495,1000,8344,0,828,815521,944351,323
,北興里,626,385718,3259,3827,337524,10336,2288,786,464,21959,262,3792,17,1206,253342,304670,369
,建林里,1299,1478380,15479,18198,1118396,81976,7477,4123,1238,204608,3089,15527,490,7777,948081,1308065,2159
,富林里,1153,1077303,10513,8460,906274,66915,8119,1724,816,62917,1312,8844,72,1337,757824,929223,783
,其　他,6,4228,11,535,2944,0,0,0,0,583,0,155,0,0,2404,3688,0
,合　計,30432,26965015,383782,358432,21943734,1173488,319522,76713,27145,2221568,36722,347915,4245,71747,17921851,22965235,24016
平鎮區,忠貞里,134,119193,2027,2534,94396,7236,1424,1406,71,6915,0,3179,0,5,76658,101455,44
,東社里,959,660401,6946,8145,558349,27414,6644,4313,825,41864,139,5358,0,403,437313,539646,140
,東勢里,1636,1205356,19556,12926,1014219,35400,17929,2878,1045,84475,102,13949,301,2577,794458,987027,1402
,山峰里,718,492974,10782,8227,415213,19535,3953,3086,545,23061,75,6636,9,1852,324803,402569,210
,平鎮里,1393,1110441,21695,11685,927648,45902,7912,2568,1966,79861,36,9612,0,1554,738358,921151,184
,北勢里,805,734372,8008,14355,558173,55620,21062,2615,1964,63868,204,6134,0,2370,464122,640321,264
,南勢里,1851,1498903,18831,14590,1269463,49683,15617,5316,3215,105055,479,15131,7,1517,1020325,1249764,832
,宋屋里,1209,922876,8626,7887,799616,27924,8940,2611,748,56473,247,8796,177,831,633486,756746,549
,高雙里,1373,1407503,27157,16756,1065338,48637,24877,4246,1248,176741,1177,20121,0,21204,884720,1226885,1012
,復旦里,1816,2171446,30711,52594,1706140,76710,22091,4346,2997,221455,1530,32370,167,20336,1451831,1917104,2611
,新勢里,1192,962090,13757,9339,780080,56292,11178,7035,825,71307,1871,8659,445,1301,632093,814657,1272
,建安里,1286,951263,17489,9688,777416,35465,7807,2333,903,86331,61,10844,50,2875,607953,782197,451
,中正里,544,522614,6102,15199,450993,16326,765,4351,606,18183,644,9265,0,179,373385,445005,167
,貿易里,620,539780,9366,3401,461813,18646,2890,819,570,33693,121,7888,0,573,378056,456023,96
,湧光里,1667,1177027,18428,16323,1015363,35634,14254,1583,1668,58293,276,14131,0,1074,798089,959753,337
,義民里,1677,1595707,28254,25957,1265504,60386,27070,5903,1827,154124,79,21749,2,4852,1040961,1371167,975
,雙連里,1457,1314005,36254,18427,1008638,47992,32424,6138,1967,138147,3286,15961,81,4690,820183,1125609,1115
,東安里,729,544978,7225,3757,473103,18517,5475,1108,718,29029,100,5479,0,469,375294,447169,18
"表166-H(103年度)各類所得金額各縣市鄉鎮村里統計表-縣市別：桃 園 縣,單位：金額(千元)",,,,,,,,,,,,,,,,,,
鄉鎮市區,村里,納稅單位,合　　計,營利所得,執行業務所得,薪資所得,利息所得,租賃及權利金,財產交易所得,機會中獎所得,股利所得,退職所得,其他所得,稿費所得,申報大於歸戶,薪資淨所得,按薪資淨所得計算之綜合所得,稿費收入
,龍恩里,761,533063,8061,4062,472376,18421,1223,813,595,22105,363,4731,0,314,371318,432005,156
,龍興里,710,538962,8724,9896,458177,24491,3965,3391,423,23281,0,6314,0,301,366371,447156,165
,廣興里,1819,1905652,38143,51147,1459397,95017,30022,7413,1664,194356,1258,24500,56,2680,1230184,1676412,1501
,莊敬里,1275,918505,13823,6224,779506,31784,3620,4043,1377,62424,499,13143,34,2031,610075,749074,347
,新富里,1899,1860053,20726,25337,1503586,68767,32222,10465,5532,166591,2065,20822,315,3624,1251090,1608068,2091
,北興里,1372,1016811,15301,15326,848280,35031,13035,1795,1359,71724,83,13415,0,1464,667978,836509,223
,北貴里,1367,1062762,16793,16974,917066,35445,7829,1620,1145,50968,0,12469,0,2453,737145,882841,424
,新安里,1173,843153,18489,6850,740054,24821,3011,1691,1257,37972,249,7704,332,721,575662,679889,784
,鎮興里,920,654095,9112,7557,556727,19512,3519,1050,515,47116,69,8372,0,547,436624,533992,24
,義興里,2216,2020365,29859,47514,1583658,87583,26840,6994,1876,206158,2015,21119,0,6750,1299145,1736288,1223
,湧豐里,607,456854,6469,6903,385511,15605,6549,639,882,30061,39,3954,0,242,305133,376881,18
,湧安里,1400,954282,12427,11737,856701,21348,4913,3487,1400,28638,384,11401,243,1605,663312,761292,674
,廣達里,1107,932452,12576,18585,750922,46977,17191,6190,1847,66021,113,10589,0,1439,613474,795004,500
,福林里,1019,894391,14520,6108,751241,31054,9908,1931,1226,65215,1168,11637,0,382,606376,749893,160
,金星里,1927,1678279,15546,38439,1455182,45222,8311,6356,1959,85389,832,20245,53,746,1183455,1406444,516
,廣仁里,1346,964099,22858,10371,809256,26132,6490,2150,892,72779,229,12585,0,355,633195,788467,479
,新貴里,1036,839036,29063,19597,651911,30004,11880,2210,848,82706,517,9459,30,811,518148,705273,358
,北富里,1304,1174015,9316,16379,979596,39798,7970,1325,1188,103021,745,10204,13,4459,801461,995883,577
,新榮里,1782,1521945,20781,22181,1202594,53853,12237,6493,1572,174796,1755,15102,495,10087,979025,1298377,1445
,華安里,1206,836002,18643,10095,722778,24372,2115,1577,1274,46309,15,7709,0,1116,558795,672019,244
,金陵里,1036,1047719,13573,13512,813999,45744,7824,2250,1069,88228,5049,55379,63,1029,680137,914361,1030
,北安里,513,441310,4845,11384,333124,35406,9084,751,281,42335,0,3415,0,686,274663,382849,379
,北華里,1303,1370205,19887,21199,1025403,67760,13446,4088,988,188622,680,25647,830,1656,859487,1204301,1791
,復興里,1642,1586127,31334,26852,1248990,69272,30217,3607,1910,150408,1391,19316,25,2806,1032344,1369888,1247
,平興里,1816,1899993,17104,41202,1598820,51493,21647,9851,2392,131681,1619,22034,831,1319,1334924,1635966,2536
,新英里,1100,1033560,6235,20095,884436,31591,4584,6701,1126,63099,593,13953,442,704,729234,878521,1516
,平安里,1329,1036805,15610,13609,897262,30319,5285,3943,1019,51619,322,15072,255,2490,714518,854439,576
,平南里,2010,1660628,23126,21441,1382114,51580,8756,6720,1568,145847,80,18020,0,1375,1107535,1386270,204
,其　他,0,0,0,0,0,0,0,0,0,0,0,0,0,0,0,0,0
,合　計,58061,49612054,764159,772365,40710133,1841721,546007,172196,62888,3948343,32559,633573,5255,122854,32992893,41902613,32868
新屋區,新屋里,872,646888,11097,10809,515763,32141,11526,1156,907,48124,291,11458,0,3615,405680,537241,274
,新生里,1242,959019,26116,10191,782666,49332,11862,8167,1115,57899,59,9116,0,2497,617953,794305,257
,後湖里,449,347186,9722,2606,294853,11015,4201,125,292,19561,0,4076,0,733,230747,283079,67
,清華里,1190,894232,21596,6321,728337,27618,13313,1078,911,84513,20,8806,0,1719,568741,735100,292
,石磊里,584,423357,5239,7529,355454,11772,4720,922,498,32542,0,4465,126,91,275470,344027,831
,東明里,419,300890,8060,3189,253602,9544,3087,468,489,18933,0,2968,0,549,196321,243608,8
,社子里,413,305412,6518,4291,261415,11883,2407,1726,188,14339,58,2424,0,163,206888,250885,244
,九斗里,704,615278,8611,2087,440497,17210,5455,702,1586,100438,351,5981,0,32360,342906,517969,181
,埔頂里,816,567826,9048,1744,477047,17607,6356,782,468,47899,0,6624,17,235,362622,453402,425
"表166-H(103年度)各類所得金額各縣市鄉鎮村里統計表-縣市別：桃 園 縣,單位：金額(千元)",,,,,,,,,,,,,,,,,,
鄉鎮市區,村里,納稅單位,合　　計,營利所得,執行業務所得,薪資所得,利息所得,租賃及權利金,財產交易所得,機會中獎所得,股利所得,退職所得,其他所得,稿費所得,申報大於歸戶,薪資淨所得,按薪資淨所得計算之綜合所得,稿費收入
,頭洲里,1246,973074,26848,13350,790175,34076,18670,5980,966,70306,3044,7171,0,2489,619539,802451,162
,大坡里,349,274659,4127,2109,229945,9778,1003,1449,296,22094,338,2921,0,598,181744,226458,50
,望間里,381,277188,5609,2561,231996,10907,2442,419,164,20025,0,2432,0,634,180420,225611,111
,後庄里,289,217090,4367,5519,175577,6933,3838,241,122,17142,89,3260,0,0,136213,177726,4
,槺榔里,296,189277,6933,694,157015,5736,1106,142,117,14254,940,1999,0,341,117022,149283,2
,深圳里,143,99682,1729,1452,83832,3877,2133,120,59,5566,0,915,0,0,63952,79803,3
,蚵間里,226,149643,4397,675,128034,4515,2540,21,129,6181,0,1283,0,1868,96777,119634,1
,笨港里,251,179708,4298,1625,152293,6364,3118,290,158,10241,0,944,0,378,120048,147845,6
,永興里,247,171157,6493,1434,132995,6528,2806,85,238,18353,0,2125,0,101,101366,139528,24
,下埔里,168,120321,2987,998,98671,5927,1440,47,192,8013,15,725,0,1305,75227,96877,2
,石牌里,232,147710,2600,293,129162,4217,931,89,141,8291,0,1282,0,703,97206,115754,10
,下田里,484,326588,4897,808,269861,10438,3516,463,737,29715,0,3023,0,3128,207267,263989,96
,赤欄里,349,264452,2220,2092,226028,8536,7245,685,257,15469,0,1682,0,238,177349,215773,1
,永安里,649,435654,6761,3896,367039,15774,8791,229,424,27510,0,4370,0,861,281612,350640,26
,其　他,0,0,0,0,0,0,0,0,0,0,0,0,0,0,0,0,0
,合　計,11999,8886291,190271,86274,7282259,321727,122507,25386,10453,697409,5204,90050,143,54608,5663071,7270988,3079
觀音區,觀音里,816,572803,14696,4185,494724,22314,6532,936,617,19136,0,9375,0,287,384302,462380,81
,廣興里,380,274027,3903,3234,230937,10049,5599,251,157,18011,0,1738,0,147,176640,219917,11
,白玉里,302,208814,7120,434,173752,5649,1646,3285,168,14804,0,1871,0,85,131041,169011,13
,武威里,256,182325,2142,1572,158211,5182,519,297,117,12589,144,1346,0,207,123667,147781,4
,大潭里,455,308503,5961,2182,263040,9340,2203,401,257,22742,0,2310,0,65,200454,246414,22
,保生里,587,413517,4602,3381,359450,11083,3077,731,431,26587,0,3961,0,213,280879,334946,213
,三和里,232,190290,2278,1441,170442,4094,187,179,171,5869,0,5350,0,278,137901,157749,142
,新興里,220,155348,4316,1183,127287,3890,2175,396,641,13315,0,1605,0,540,98403,126464,2
,新坡里,787,586997,12986,4790,459520,20303,8961,2982,575,61484,0,6447,0,8949,358346,485823,414
,廣福里,646,452425,9807,5855,367417,12783,14119,1649,345,34613,0,5769,0,68,281162,366170,140
,金湖里,782,617291,7551,4914,523380,18266,4291,864,3022,37739,1010,15712,0,541,407892,501804,51
,坑尾里,479,340924,6817,3167,294012,8669,1800,708,264,20533,0,4788,0,165,225038,271950,96
,藍埔里,719,558546,9516,12836,461637,15030,3172,512,863,49226,30,5294,0,431,360389,457687,136
,大堀里,442,337582,6485,562,292486,8211,5246,547,1110,19512,0,3161,64,197,228385,273422,271
,大同里,958,759266,12513,4408,640308,22283,8705,1307,968,49952,90,13153,38,5541,506280,625238,807
,上大里,705,535229,9179,5402,440626,17903,6161,1655,509,48090,0,5180,99,425,342596,437123,427
,崙坪里,1439,1085718,25135,12908,891715,35630,6688,2859,1122,89701,884,15068,42,3967,695289,889292,533
,保障里,625,458599,15231,4389,363984,14858,7402,1527,556,41633,786,6951,0,1284,279213,373828,20
,草漯里,566,424939,19179,4780,315286,15585,10397,2595,391,48887,0,6844,0,995,244403,354303,2
,樹林里,987,674383,12731,3948,584836,12562,11131,1823,512,35994,0,8512,0,2334,444969,534517,180
,富林里,570,401148,8588,1237,350177,9169,3130,638,411,22100,77,5084,0,537,267701,318676,17
,塔腳里,256,194175,8328,4814,144840,7786,2474,224,82,23648,259,1450,0,269,110327,160170,18
,富源里,1194,927277,18628,7869,793834,23904,8362,3583,1495,57054,1562,8718,0,2269,623854,757298,319
"表166-H(103年度)各類所得金額各縣市鄉鎮村里統計表-縣市別：桃 園 縣,單位：金額(千元)",,,,,,,,,,,,,,,,,,
鄉鎮市區,村里,納稅單位,合　　計,營利所得,執行業務所得,薪資所得,利息所得,租賃及權利金,財產交易所得,機會中獎所得,股利所得,退職所得,其他所得,稿費所得,申報大於歸戶,薪資淨所得,按薪資淨所得計算之綜合所得,稿費收入
,草新里,1638,1305357,11123,8294,1165176,25991,6008,1967,1216,68660,331,15099,137,1356,914349,1054971,425
,其　他,1,432,0,0,429,0,0,0,0,0,0,3,0,0,321,324,0
,合　計,16042,11965915,238814,107787,10067505,340535,129986,31917,16003,841878,5171,154789,380,31150,7823802,9727258,4346
復興區,長興里,77,55821,1990,463,49580,1464,465,298,31,971,0,443,0,116,38868,45109,12
,三民里,319,219405,3629,2465,183307,8073,4554,869,201,14890,0,1222,0,195,144480,180578,77
,澤仁里,240,180483,3273,6325,156682,7711,1406,275,110,2392,0,2305,0,3,125254,149056,0
,霞雲里,65,47803,4719,41,38813,894,1828,0,12,1116,38,343,0,0,29372,38755,1
,義盛里,92,63279,509,205,57441,2128,903,79,24,1851,0,139,0,0,45646,51484,56
,高義里,89,49294,2057,168,45655,93,69,145,108,863,0,134,0,0,33467,37106,45
,三光里,79,53674,3995,345,46552,1300,983,165,8,78,0,246,0,0,36019,43141,0
,奎輝里,91,60601,845,196,57034,1520,135,379,26,196,0,246,0,24,43978,47545,2
,華陵里,134,106080,6395,506,82011,5168,5430,216,291,4805,0,343,0,915,64062,88131,127
,羅浮里,168,120181,3289,277,101103,4679,963,407,185,8541,0,723,0,14,78995,98074,7
,其　他,0,0,0,0,0,0,0,0,0,0,0,0,0,0,0,0,0
,合　計,1354,956621,30702,10992,818177,33031,16735,2833,999,35704,38,6144,0,1267,640142,778979,325
其　他,其　他,119,108372,2373,406,85667,4768,1307,1017,2062,6512,0,1256,0,3004,71135,93840,43
,合　計,119,108372,2373,406,85667,4768,1307,1017,2062,6512,0,1256,0,3004,71135,93840,43
