"表166-B(103年度)各類所得金額各縣市鄉鎮村里統計表-縣市別：臺 中 市,單位：金額(千元)",1,2,3,4,5,6,7,8,9,10,11,12,13,14,15,16,17,18
鄉鎮市區,村里,納稅單位,合　　計,營利所得,執行業務所得,薪資所得,利息所得,租賃及權利金,財產交易所得,機會中獎所得,股利所得,退職所得,其他所得,稿費所得,申報大於歸戶,薪資淨所得,按薪資淨所得計算之綜合所得,稿費收入
中　區,繼光里,476,388209,15110,7848,223173,28310,31974,1160,1127,74413,89,1964,0,3041,183352,348389,176
,大墩里,689,670888,14452,22704,371037,54223,39662,4041,443,149769,233,6571,64,7689,304321,604171,1252
,綠川里,527,383656,14243,10064,235958,23233,23863,2788,283,63906,0,2999,0,6321,188447,336145,306
,公園里,495,491532,18240,30947,199759,40494,74884,1774,235,115477,0,3231,23,6467,158372,450145,361
,光復里,611,844526,18730,24572,346931,45281,29769,724,563,273334,149,4001,58,100414,288840,786434,826
,柳川里,454,517259,5761,10603,257537,17301,22978,1436,336,194308,113,1857,70,4960,210372,470043,827
,大誠里,571,542459,9573,14154,317544,27904,18957,2032,449,143642,12,2109,0,6084,256485,481403,143
,中華里,435,362201,8417,7885,229703,20703,19036,1288,243,68536,0,2502,0,3890,186988,319486,252
,其　他,0,0,0,0,0,0,0,0,0,0,0,0,0,0,0,0,0
,合　計,4258,4200731,104525,128776,2181642,257449,261123,15243,3678,1083384,596,25234,216,138865,1777176,3796216,4143
東　區,新庄里,862,768230,19322,28756,452967,59676,35169,1657,310,157422,113,7512,312,5012,369841,685104,1297
,泉源里,474,351413,11636,8215,258017,16067,6255,783,230,43700,46,5277,0,1186,204658,298053,246
,東門里,2173,1570118,73154,20702,1061293,64845,33181,2706,970,296720,26,11638,124,4760,811113,1319935,1487
,東勢里,741,541292,14324,18485,391575,32908,10011,1167,311,60775,0,9168,173,2394,310458,460035,1006
,合作里,1045,751988,8818,18735,605048,47651,11116,1619,506,48041,662,4764,0,5028,479618,626559,417
,振興里,961,767799,20492,30314,498063,39611,25394,1254,1074,146025,21,3775,0,1775,390057,659792,399
,東橋里,1153,903436,36869,14064,559770,51376,25385,9931,529,192337,1106,6386,0,5683,430991,774663,790
,旱溪里,664,522849,15010,8175,327076,24878,18742,517,240,124329,0,2148,0,1733,254879,450653,245
,樂成里,583,445451,13086,7251,323458,19366,11666,943,515,63692,7,3873,20,1573,253240,375232,322
,干城里,732,579489,11966,14487,387779,37950,13623,1894,261,102856,155,5651,64,2803,313628,505338,644
,東南里,1070,822665,20760,17070,621244,51142,13719,1836,769,82672,464,9637,159,3192,495139,696553,801
,十甲里,1340,1084312,35325,24495,735331,49355,37983,5923,600,180947,406,6873,637,6436,581906,930785,2300
,富臺里,419,274037,4247,4824,225089,13412,5170,384,243,17151,0,1700,0,1817,175960,224919,619
,富仁里,1139,1003334,9312,22392,771037,67247,14435,2396,655,103706,1378,6245,239,4291,640980,873277,1652
,東興里,963,817306,26712,8769,527676,56080,26330,1639,943,155982,520,6192,80,6382,420798,710428,767
,東信里,2933,2246128,82801,42985,1567858,87500,50081,6296,1415,368802,530,16683,642,20534,1209513,1887782,2287
,東英里,2053,1807255,68836,33726,1194415,101643,45998,6589,2095,314134,664,22580,1816,14759,948022,1560775,4421
,其　他,2,505,0,0,504,0,0,0,0,0,0,0,0,1,288,289,0
,合　計,19307,15257604,472671,323447,10508200,820707,384259,47536,11664,2459292,6099,130104,4267,89360,8291089,13040171,19701
西　區,民生里,711,741249,7713,36147,515899,58923,12144,1692,763,91477,531,3437,0,12523,437630,662980,421
,利民里,526,617773,4274,27541,430597,54377,10998,471,431,79295,302,4318,320,4847,369404,556477,2046
,三民里,653,789297,4430,41261,555318,54554,14302,4251,569,94503,46,6004,2343,11716,479399,713170,5006
,東昇里,870,882506,11447,31047,588867,76281,27058,3447,616,118981,985,6028,210,17539,495511,789209,1522
,廣民里,466,423742,8450,11430,245865,33579,35374,1399,410,78956,188,4855,0,3238,201921,379798,273
,平和里,692,675902,6640,31893,494260,42196,19351,2364,672,65278,302,5320,191,7435,416146,597787,1329
,公民里,1701,1872638,21815,51788,1148980,139538,65973,3588,1647,396109,3076,11386,481,28258,971540,1695198,4431
,公舘里,1793,1636755,34756,74934,1095751,88600,47912,6915,1189,233744,1407,16623,230,34693,895656,1436608,2116
,和龍里,642,491147,11381,16008,350799,27858,20771,1707,356,48570,0,4205,94,9399,281795,422138,504
,民龍里,1108,1211237,18257,62687,746570,64374,54772,6867,1157,212822,462,10297,508,32464,627415,1092191,3583
"表166-B(103年度)各類所得金額各縣市鄉鎮村里統計表-縣市別：臺 中 市,單位：金額(千元)",,,,,,,,,,,,,,,,,,
鄉鎮市區,村里,納稅單位,合　　計,營利所得,執行業務所得,薪資所得,利息所得,租賃及權利金,財產交易所得,機會中獎所得,股利所得,退職所得,其他所得,稿費所得,申報大於歸戶,薪資淨所得,按薪資淨所得計算之綜合所得,稿費收入
,後龍里,1190,1511337,20496,40215,780580,73017,49850,4269,923,516828,2821,7802,181,14353,656914,1387234,2164
,安龍里,1022,1708085,15401,35128,686472,89629,46944,5703,1430,806090,2568,6666,261,11794,582640,1604216,2008
,忠明里,1969,3002451,40267,106506,1396713,132660,108113,15647,2076,1149549,435,13721,966,35797,1192359,2798060,5835
,公正里,2273,2366363,55581,77481,1678309,112922,94038,8436,2220,286951,2029,19808,48,28539,1411118,2099211,2274
,昇平里,1914,2101465,33051,55976,1310574,111298,55893,7704,1380,480511,1067,16918,399,26694,1094971,1886232,3499
,土庫里,1998,2835846,77469,113781,1494361,170183,57402,12366,1826,793168,2060,45802,832,66595,1271057,2612397,5787
,藍興里,1401,1459106,14846,39342,1007871,111270,32327,7947,1184,222144,2709,11301,551,7614,841339,1292449,2650
,吉龍里,2385,3220390,45713,106704,2014839,161002,71598,17140,1673,740605,3855,23312,672,33278,1741508,2947653,6527
,忠誠里,2143,3210989,55477,78864,1319311,150544,106784,7988,1224,1447852,11593,13823,318,17210,1091597,2983163,3236
,公益里,895,670208,15178,22984,461344,48004,32288,4759,527,73586,232,4829,0,6478,368673,577537,272
,中興里,1312,1965998,25026,47942,918791,79906,98754,9162,1022,732702,2156,11122,262,39154,783218,1830431,2613
,公平里,1732,1936852,29208,62406,1213524,106833,79374,7258,1559,395994,605,13116,399,26575,1020534,1743280,3603
,公德里,1539,1674174,16102,43168,1128810,88707,49774,9534,1761,281655,355,9672,268,44369,954449,1499814,3093
,大忠里,1582,1736832,23416,59546,1244799,88159,32624,5276,1546,239826,1060,21716,330,18534,1054960,1547835,3788
,双龍里,940,1358006,8324,41304,631418,57882,25441,5812,758,571550,139,5652,673,9053,529991,1256325,2738
,其　他,1,433,0,0,433,0,0,0,0,0,0,0,0,0,325,325,0
,合　計,33458,40100782,604716,1316084,23461057,2222297,1249859,161701,28920,10158750,40983,297732,10537,548147,19772070,36411719,71317
南　區,城隍里,1166,956399,12289,31999,650608,70104,39449,5590,1357,130928,13,7090,161,6811,525747,831573,1312
,南門里,1277,1210610,18993,20663,842461,79246,30913,3307,872,162770,119,42799,66,8401,700577,1068685,2092
,德義里,1059,936673,13364,22851,685965,59106,32630,3845,564,107358,462,7426,608,2492,564100,814960,3320
,積善里,842,660041,13066,7623,493563,39352,20445,876,348,75805,6,4536,199,4221,396826,563292,1877
,江川里,1049,980146,18499,35354,739604,51186,12186,2219,1250,107619,243,5510,470,6005,613349,853874,3049
,新榮里,1459,1314262,24953,42136,1023378,61801,13062,4774,1258,124068,1966,9397,507,6964,842916,1135428,3110
,福興里,1291,1040296,26597,24918,799702,59592,13999,2585,847,97413,112,4984,356,9192,646835,887429,2115
,和平里,1370,1198566,27375,38002,853488,54439,27824,4145,820,178939,298,9075,199,3962,687051,1032129,1122
,永興里,2431,2256313,42528,63930,1718020,90600,38580,13130,2344,248485,1331,21877,298,15189,1405834,1944057,4055
,樹義里,3523,3160046,68122,63001,2420227,123587,52492,8077,2418,370360,5848,29889,235,15791,1956091,2695884,3151
,樹德里,2672,2479513,44564,60994,1914597,101920,61083,22571,2248,233561,899,18933,278,17866,1557071,2122133,2927
,西川里,1483,1380682,17546,44311,1072938,63304,13043,4079,1832,137814,135,11885,612,13183,887696,1195480,2965
,國光里,1313,1085023,26169,23521,771616,81560,25126,1878,786,133643,775,14843,85,5021,628349,941752,1388
,福平里,1680,1359860,27987,31091,1041840,62906,24650,4112,735,150267,1751,9943,145,4433,842728,1160748,1355
,長榮里,950,795051,20611,21222,513015,59020,29555,1450,531,128523,709,7582,441,12392,411598,693634,1675
,長春里,714,638053,12577,18277,411290,46176,22572,1253,3940,111785,424,7439,98,2222,336660,563424,1036
,福順里,1854,1640572,20709,53771,1278501,81997,26932,3793,1397,145417,2977,17327,96,7655,1049474,1411546,2473
,平和里,1164,974514,18264,15768,720095,57301,16223,2584,607,131970,280,7604,375,3444,580092,834218,2669
,南和里,2061,1842307,34441,64515,1431783,80200,20201,6791,1463,175167,1716,15861,1076,9093,1171042,1581440,5773
,永和里,1445,1158182,15977,25333,943024,51687,12702,4008,906,88556,407,10780,155,4647,763364,978522,2373
,工學里,2210,2061221,36874,57921,1650753,85723,23999,12469,1910,155523,2750,21610,174,11515,1358727,1769104,3165
,崇倫里,1891,1645349,35649,42473,1318895,66267,21513,6619,1389,126631,1867,15767,0,8279,1077212,1403916,1696
"表166-B(103年度)各類所得金額各縣市鄉鎮村里統計表-縣市別：臺 中 市,單位：金額(千元)",,,,,,,,,,,,,,,,,,
鄉鎮市區,村里,納稅單位,合　　計,營利所得,執行業務所得,薪資所得,利息所得,租賃及權利金,財產交易所得,機會中獎所得,股利所得,退職所得,其他所得,稿費所得,申報大於歸戶,薪資淨所得,按薪資淨所得計算之綜合所得,稿費收入
,其　他,0,0,0,0,0,0,0,0,0,0,0,0,0,0,0,0,0
,合　計,34904,30773680,577153,809674,23295363,1527073,579178,120155,29822,3322602,25089,302157,6635,178780,19003341,26483225,54698
北　區,光大里,535,380745,13269,10983,252346,21732,10564,1794,234,62346,0,4464,79,2934,199723,328122,777
,新興里,427,325238,6010,10183,200497,21325,28520,12257,304,39301,1332,2368,0,3141,160018,284759,507
,錦村里,1052,870058,7787,21627,660683,68806,11134,1825,743,77944,144,6336,455,12573,541539,750627,1802
,邱厝里,765,844188,9489,30946,586077,54178,36787,3425,728,103227,2194,6558,319,10262,503798,761651,2523
,賴厝里,1395,1450192,32752,56440,1036958,76331,24991,5974,1564,184517,2151,13610,105,14799,866182,1279416,2571
,賴村里,1361,1248737,17189,36727,844855,69289,28081,3365,833,232199,100,8009,27,8063,694803,1098702,1727
,淡溝里,1700,1844097,21400,95043,1248876,112939,41562,5760,1752,270138,328,12972,1195,32133,1062647,1657842,6180
,中達里,748,601675,10120,21657,444629,41728,16240,1874,511,54210,400,5228,0,5077,363270,520315,903
,新北里,666,1315892,11381,16090,422593,53539,81946,15331,446,680895,197,7970,195,25310,359780,1349186,1893
,樂英里,693,485078,5656,6835,370162,43033,3734,1219,981,46769,1104,3666,6,1912,297822,412868,463
,錦洲里,1057,886988,14676,34895,655877,53177,15521,3608,721,92188,323,9822,319,5861,534733,765866,1395
,金龍里,1301,996996,16247,45791,702161,72193,18838,1710,765,125208,571,9471,601,3440,566361,861119,2793
,文莊里,1013,816127,8593,36001,577318,64704,19539,4913,388,86243,1045,4856,163,12366,468487,707296,1359
,金華里,815,905678,16084,40166,612679,59907,21567,4277,386,120466,1592,6002,480,22073,525172,818168,2585
,五常里,350,290169,4602,7740,206348,17607,21068,555,115,26783,0,1874,0,3476,169125,252946,301
,育德里,1161,1343003,15579,104629,874812,82009,32395,8283,1380,206436,754,6951,150,9625,746760,1214948,3240
,頂厝里,1389,1478270,26379,41948,1002600,72641,48424,10548,1524,248677,1317,17280,379,6552,848406,1324076,2514
,建興里,1833,1551205,31773,49797,1115112,96010,39347,5326,4936,176196,355,15862,61,16431,915708,1351805,2502
,建成里,1562,1080920,36047,15712,834177,41463,16038,2764,1058,117760,523,9991,255,5134,641634,888667,1227
,健行里,2068,2698614,33252,88521,1485117,121008,75071,7532,1879,856606,2234,15267,134,11995,1248598,2462100,2268
,明德里,1841,1696449,27372,51372,1201381,105335,51635,9071,1806,206728,1839,20821,163,18926,996054,1491130,2082
,長青里,2001,1665864,29005,33444,1288332,93398,36392,5214,1553,154928,1855,13912,0,7830,1053901,1431433,1003
,賴興里,1342,1539712,85313,30298,874120,61101,28041,5033,1134,439676,666,9409,150,4773,718273,1383865,1818
,賴明里,1262,1091418,20181,45308,772350,54611,37414,3776,1127,137610,1126,8337,102,9475,634532,953512,1430
,錦祥里,1008,851949,8874,23934,646498,54537,19880,2202,1213,84402,556,6071,98,3683,532054,737496,1174
,建德里,1054,809342,17562,15398,593252,46555,9840,1110,789,116676,86,5709,0,2367,476911,693004,546
,崇德里,1127,1109649,14361,39574,774618,59106,19152,1520,1028,158303,805,27664,22,13495,642137,977167,1239
,賴旺里,1206,968106,23160,24946,729017,53470,28755,2134,786,91875,74,5409,321,8157,586085,825174,1085
,明新里,859,682036,13163,13320,486855,36760,28539,932,373,88178,1183,4869,0,7865,391386,586567,671
,立人里,1111,960509,22825,29056,705843,46483,15506,4714,1038,113848,1258,9405,137,10396,572678,827349,1001
,賴福里,1313,1583871,24075,73564,1078399,84858,26883,6564,886,261856,459,13193,2189,10946,924128,1429450,6647
,梅川里,994,1118777,14637,60064,720506,46794,17833,3695,943,235347,42,9324,87,9504,602493,1000783,1889
,錦平里,637,572362,9333,14379,364923,50060,33344,2288,1555,88736,24,3387,0,4333,302229,509547,338
,中正里,436,370400,5672,12159,271613,18408,13666,941,258,41794,0,3610,13,2264,223941,322727,814
,大湖里,497,318767,5891,9555,252738,13460,6271,718,234,22691,0,2728,821,3660,197481,263520,1452
,六合里,475,358967,5912,17992,252693,22634,14784,1194,226,38135,803,2388,0,2207,204730,311004,72
,其　他,1,534,0,0,0,17,60,0,0,457,0,0,0,0,0,534,0
"表166-B(103年度)各類所得金額各縣市鄉鎮村里統計表-縣市別：臺 中 市,單位：金額(千元)",,,,,,,,,,,,,,,,,,
鄉鎮市區,村里,納稅單位,合　　計,營利所得,執行業務所得,薪資所得,利息所得,租賃及權利金,財產交易所得,機會中獎所得,股利所得,退職所得,其他所得,稿費所得,申報大於歸戶,薪資淨所得,按薪資淨所得計算之綜合所得,稿費收入
,合　計,39055,37112582,665620,1266092,25147013,2091209,979363,153447,36196,6089349,27438,314791,9024,333039,20773577,32834743,62789
西屯區,西安里,1623,2585610,26823,28000,1131683,73470,49658,5446,1383,1231096,3656,11399,1106,21888,936552,2390353,3861
,西墩里,1470,1733299,32467,58907,1044044,79605,60974,15379,1659,308791,2116,23928,1151,104280,874168,1563385,3483
,潮洋里,1585,2432471,75941,86616,1226010,101048,109230,16574,1223,753673,6270,14533,614,40739,1043480,2249942,3429
,龍潭里,224,176640,6177,1417,128369,8665,12427,211,286,17412,294,1255,0,127,101831,150103,178
,惠來里,4809,14088616,146681,475998,5014899,431916,405700,147198,4134,7109957,22531,117590,1457,210555,4456417,13525087,16693
,何安里,1793,1716399,35258,49511,1142946,88638,86386,7840,1671,248348,1955,8987,105,44754,940651,1513233,2251
,何厝里,1071,1089107,19286,24684,607635,44285,42298,2757,999,330433,402,11741,0,4587,489092,970563,912
,上石里,1713,1611259,22389,65465,1244949,64049,42867,6593,3284,137177,603,13047,64,10772,1022308,1388618,1819
,大河里,1273,1092185,20528,22488,761804,52783,53041,6175,660,161157,266,5533,126,7626,612720,943101,1185
,大石里,566,395743,6724,6356,320680,34733,2770,2079,426,18187,194,2117,0,1476,259330,334392,268
,港尾里,1537,1263479,28365,20939,953000,61177,28027,2702,1075,134322,1276,18094,126,14375,763043,1073549,1086
,廣福里,756,618526,35473,9735,422223,24738,27158,1952,339,88690,381,7133,0,705,331100,527424,108
,林厝里,1111,1602678,97107,50630,939818,62848,35872,5009,835,385027,361,14891,706,9573,799034,1461476,3917
,永安里,4056,4247103,80208,88242,3245439,145248,80983,26656,3812,496754,1214,27555,1088,49903,2724965,3725206,6973
,福安里,1018,1434237,28188,37643,847406,54825,21738,4730,1478,417606,4442,10615,96,5470,715905,1302530,1674
,協和里,1431,1725493,38838,13655,903702,51367,51092,2214,1558,646062,313,6762,477,9452,718745,1540348,3800
,鵬程里,673,483722,3999,9059,388609,38843,3100,2031,590,28117,659,5188,0,3528,309712,404825,187
,逢甲里,1442,1236615,17561,29074,886003,60080,50129,5138,1048,161616,739,13062,928,11237,723437,1074499,3039
,大福里,815,549446,13143,7092,426934,33580,15602,927,514,45358,206,3272,0,2819,337494,460009,431
,大鵬里,1461,1160381,18978,48849,877256,47893,21099,8140,2403,104067,1452,11366,0,18877,703806,986931,1320
,西平里,1567,1479442,16316,41705,1145644,75374,61561,3442,1068,107053,1245,13180,0,12855,958367,1291980,1675
,何仁里,2209,1867118,28947,52274,1409658,93193,44794,5765,1475,195318,2778,13927,0,18988,1150964,1608276,1336
,何德里,1329,1238281,26667,37001,909039,57981,29058,5273,935,139237,516,13272,84,19217,751059,1080301,1236
,何源里,2200,2002751,28365,55243,1423649,107714,46796,5859,1836,310894,2575,13061,562,6198,1169717,1749212,3171
,何南里,1602,1542638,16204,46132,1077317,95113,54377,7974,1090,214576,2364,18730,243,8517,897477,1362556,2021
,至善里,1501,1846016,13344,32642,1174460,69130,33909,5325,1299,481583,948,8940,82,24355,982627,1654184,1765
,上安里,1866,2032490,36152,72300,1492270,80782,37049,8909,2147,252418,3427,36039,225,10771,1251959,1791512,2510
,上德里,1518,1435889,18325,41520,1074248,86424,27429,7135,1378,157585,1517,13159,615,6555,891503,1252390,2528
,逢福里,1807,1785135,41850,37230,1331984,80816,54818,22673,1554,168181,2059,13195,58,30718,1112665,1565291,1704
,何明里,1250,1098865,25728,34782,774654,61571,32220,4053,748,141580,4057,6882,103,12488,633106,957265,1592
,何成里,2546,2627567,38509,75761,1804260,124488,81543,15077,2272,361610,2358,23534,126,98029,1500968,2323247,2910
,何福里,1487,1311757,20154,46989,931479,78654,44604,4023,1332,153274,1791,12936,30,16491,761493,1141891,1346
,福和里,1355,1205451,30880,16020,800479,50012,27674,2734,1341,253341,529,11839,0,10600,634489,1039204,340
,福中里,1151,1264379,23143,16398,755705,48036,22368,5240,724,380979,789,7645,120,3231,607911,1116585,1016
,福恩里,1726,1952648,21949,42580,1485711,66822,20363,6578,1759,288420,1245,11374,0,5847,1249780,1716562,3907
,福聯里,949,1067857,15619,15318,823212,39400,21191,4507,589,134614,469,5688,148,7100,703691,948293,1793
,福瑞里,1000,1134382,12210,16737,977963,36793,6921,3914,550,67434,192,5933,712,5025,843519,999890,4849
,福林里,2619,3982162,57306,86752,2748126,140710,78521,20107,2667,732460,43792,39616,605,31501,2409541,3643428,9931
"表166-B(103年度)各類所得金額各縣市鄉鎮村里統計表-縣市別：臺 中 市,單位：金額(千元)",,,,,,,,,,,,,,,,,,
鄉鎮市區,村里,納稅單位,合　　計,營利所得,執行業務所得,薪資所得,利息所得,租賃及權利金,財產交易所得,機會中獎所得,股利所得,退職所得,其他所得,稿費所得,申報大於歸戶,薪資淨所得,按薪資淨所得計算之綜合所得,稿費收入
,福雅里,1961,2307696,25526,71073,1653875,83715,63469,37153,1548,334436,2416,16074,506,17904,1401818,2055121,4275
,其　他,4,2357,644,125,556,39,115,708,0,6,0,163,0,0,338,2138,0
,合　計,62074,74427889,1251971,1972941,46307697,3036559,1988932,446198,55690,17698849,124400,613257,12262,919134,38776781,66884901,106516
南屯區,南屯里,3005,3337208,48636,115408,2414966,136956,85692,18979,3967,451086,2025,35945,553,22995,2038534,2960814,4542
,豐樂里,3908,5176241,95057,191839,3116596,278166,175314,25527,3797,1180378,3458,37407,872,67829,2638682,4700895,9955
,楓樹里,1733,1620467,36125,33567,1139693,72910,31162,3555,1591,274296,2371,12618,137,12442,918433,1399842,2503
,中和里,1396,1018036,25709,8410,784292,50477,13362,1699,838,118490,1213,8145,0,5401,612194,845938,441
,鎮平里,492,387839,13619,5571,263221,20549,19919,1182,481,54104,5,3051,0,6138,204111,328729,106
,春社里,1785,1425763,30418,18057,1100215,53929,30592,5376,1348,151338,1115,14561,69,18744,877400,1202861,877
,文山里,3058,2734146,50716,40947,2182295,75818,42003,11166,2248,278002,552,33880,3,16516,1761633,2313486,2049
,新生里,277,217996,9959,4193,144326,11926,15712,1305,70,28365,0,954,0,1188,113948,187618,115
,永定里,1540,1468082,31564,26748,1082420,59292,38577,4854,2603,201917,270,11814,0,8023,891020,1276682,988
,三厝里,2272,3042601,47298,106104,1956966,105858,45391,11539,2641,731207,3860,21431,762,9544,1651286,2737688,3740
,溝墘里,1983,2694516,37390,96314,1534899,138197,144793,9155,1528,658329,4500,14206,397,54809,1305870,2465621,4461
,田心里,2100,2502927,35210,109206,1616448,119573,76395,9840,1894,463027,2605,22751,75,45903,1360864,2247156,3098
,春安里,185,180300,586,1900,144372,4550,1397,681,79,21056,0,3699,82,1898,119000,154929,421
,黎明里,1545,1494999,7496,52580,1075044,128264,18161,2885,2938,144981,37558,18370,135,6588,898590,1318458,2397
,大同里,1711,1832793,26910,78550,1167640,99657,53697,4175,1406,366766,3614,14723,57,15598,972653,1637773,2113
,文心里,1222,1669216,27326,58501,945923,70724,39923,15410,994,472020,4910,7305,94,26086,801260,1524553,1782
,同心里,1785,2010726,24281,45920,1273907,87444,65028,8533,1699,454545,1062,16666,247,31394,1056558,1793124,2588
,向心里,1450,1771161,29890,51572,1125256,88332,64505,8612,1298,364643,564,18683,297,17509,959845,1605227,3660
,大業里,2357,2908339,59752,120524,1771222,145739,104421,10621,2099,622645,7191,25296,797,38032,1499942,2635721,4524
,惠中里,2572,4334382,124108,176607,2173098,169777,134967,43715,2390,1372830,1501,60218,970,74201,1870468,4031263,7485
,大誠里,1280,1450054,15681,48694,979002,71245,37941,6839,1074,268160,1814,10137,201,9266,828216,1299277,3349
,大興里,1413,1441995,38563,53205,968769,59131,44780,3846,1838,240406,9963,8184,108,13201,795565,1268791,1782
,寶山里,1732,1625190,28621,20239,1208833,47442,45496,5302,1649,252228,977,10800,0,3602,971309,1387666,459
,三和里,2960,4528625,55644,136540,3054102,161077,74174,18352,4478,935783,7350,26487,952,53687,2657306,4131275,8906
,三義里,2258,2813762,28462,79605,2139347,116430,41552,19168,2708,324052,4635,23378,477,33948,1835964,2508494,5403
,其　他,1,459,0,0,0,0,0,0,0,459,0,0,0,0,0,459,0
,合　計,46020,53687826,929021,1680800,35362853,2373464,1444953,252317,47656,10431114,103114,460705,7287,594541,29640650,47964338,77745
北屯區,北屯里,1154,1117291,14663,31330,781886,62892,24878,2460,1543,168486,1217,6013,278,21646,647094,982491,2021
,三光里,2308,1992205,31149,52774,1472425,111467,33391,5764,2113,252402,1396,19335,156,9834,1199887,1719667,1538
,舊社里,1861,1575564,25655,36682,1205602,75417,23294,8040,1396,161327,507,28032,352,9261,972469,1342431,1234
,水景里,4335,4596640,120619,110328,3083135,190872,84200,20733,3861,879774,4370,46381,1401,50968,2545233,4058304,5847
,軍功里,3505,3259881,70705,76486,2439269,139408,72246,13281,2569,386220,2484,24812,223,32177,1995324,2815938,3246
,和平里,2448,2124402,59266,54487,1519347,106409,52363,12557,1636,271824,1109,28052,648,16705,1229079,1834660,3204
,平田里,1768,1489197,31243,39377,1125520,68582,34458,3819,2480,160089,1127,14766,17,7719,913224,1276925,1054
,東山里,596,496119,12022,10729,333745,24630,14573,3303,448,88831,1102,4936,0,1799,269198,431572,448
,大坑里,507,425020,12206,11215,287648,18344,13572,2007,531,72485,77,3969,0,2965,228195,365567,234
"表166-B(103年度)各類所得金額各縣市鄉鎮村里統計表-縣市別：臺 中 市,單位：金額(千元)",,,,,,,,,,,,,,,,,,
鄉鎮市區,村里,納稅單位,合　　計,營利所得,執行業務所得,薪資所得,利息所得,租賃及權利金,財產交易所得,機會中獎所得,股利所得,退職所得,其他所得,稿費所得,申報大於歸戶,薪資淨所得,按薪資淨所得計算之綜合所得,稿費收入
,民德里,211,187282,5373,6031,126580,10105,4407,1269,80,31595,0,884,0,957,102452,163154,78
,󿾴子里,1544,1851943,52864,41109,1071035,71385,39199,12505,2029,529229,1350,16034,932,14272,883674,1664809,2604
,平和里,1738,1612782,24252,45137,1158551,83815,37662,6747,1527,213300,1995,16082,187,23527,951952,1406139,2135
,民政里,248,264476,7748,7972,135728,10187,7339,2270,141,85896,114,5565,0,1515,108706,237530,75
,松竹里,2858,3093136,49913,107227,2155024,142701,69105,17509,2655,464393,7462,29483,178,47485,1811789,2748137,3089
,仁美里,2510,2845458,59650,62847,1964400,121446,59540,13893,2632,493130,867,28153,1333,37567,1638003,2519278,4807
,仁和里,2609,2956383,62567,82688,1984578,144728,90119,11296,2594,523793,12273,17173,529,24044,1664740,2636542,4259
,四民里,453,331371,7422,8630,243963,22834,10939,845,191,29639,0,4044,913,1951,194676,282048,1883
,同榮里,1696,1636053,24446,22781,1132403,74313,35937,4809,2954,311646,4432,11129,431,10771,925207,1428857,1634
,陳平里,1379,1110714,43386,31376,841570,55397,19317,3386,834,93947,1835,10799,3,8863,674107,943251,998
,后庄里,3103,2976949,51677,69774,2187288,142889,55747,11190,2381,396894,22117,20116,364,16512,1797961,2587306,3726
,仁愛里,295,210192,3504,4583,161263,11306,3757,746,89,20520,0,4168,0,255,126559,177180,149
,北興里,1064,835426,7874,10857,615321,57864,27126,1993,557,100151,2968,6721,99,3895,499821,719830,886
,東光里,1369,1059335,23389,16900,834518,50977,16580,3919,1193,88494,3243,10792,137,9193,666479,891295,1225
,新平里,1165,823717,16518,14652,648715,47923,18359,1365,1452,68660,237,4281,8,1549,516407,691409,709
,水湳里,1943,1736940,32202,59001,1205384,87682,37375,2998,1954,282594,2127,9277,769,15577,977009,1508563,2677
,平安里,1761,1461441,26504,45462,1065703,87331,42593,3932,1366,167475,1695,9284,186,9908,872163,1267893,2336
,平德里,2122,2000183,31591,60771,1388006,103935,63988,12780,2274,291490,4698,20807,0,19845,1150735,1762922,2247
,平順里,1034,830186,16156,27589,638103,37523,19145,3608,737,72341,618,6368,0,7998,513097,705168,713
,大德里,1490,1254908,23612,30326,976178,68074,34662,2571,1176,93200,5405,10462,1171,8071,794882,1073600,3217
,松安里,1589,1297191,24804,24985,994227,61018,20741,3451,1276,148542,2304,11154,0,4690,801518,1104485,734
,松茂里,1714,1477452,13221,35711,1146438,80372,15644,3496,1698,152453,114,14247,217,13842,935595,1266499,1800
,平心里,1531,1291033,17843,44011,983176,57853,25615,2899,1155,140319,610,11852,0,5700,803857,1111721,1640
,平福里,1362,1442059,19257,58507,1043095,77676,27798,6651,1483,182891,3948,12619,74,8059,882865,1281293,1219
,平昌里,1343,1170637,22024,40417,839869,64275,22230,3568,720,156277,2991,10279,179,7808,687679,1018448,2069
,平陽里,1601,1501080,24530,51224,1061498,70598,30623,11284,1253,207551,810,12073,4,29633,872520,1312101,1105
,忠平里,1210,1111252,9672,29069,778100,58599,15200,3990,1020,175882,8860,25684,72,5105,629791,962943,541
,松勇里,1657,1447589,38779,34452,1116271,67959,19306,3194,954,144775,1751,12925,0,7222,904998,1236344,760
,松強里,2023,2458784,50358,54582,1585875,93081,26733,19775,2622,579404,486,14896,0,30973,1326815,2198003,1317
,松和里,1889,1500045,25827,33967,1154548,64171,27375,2096,3039,159408,1273,19055,314,8972,923709,1269152,1448
,平興里,1959,1652675,27692,46937,1297304,68672,22995,6171,1763,154213,609,11616,56,14647,1052719,1408091,1163
,北京里,986,930811,13634,35525,589096,56051,27616,1994,699,192108,1722,8983,61,3321,485412,827127,844
,三和里,1775,1349601,23768,25889,1088427,63479,13291,4694,1273,107349,993,10486,0,9952,875188,1136362,715
,其　他,0,0,0,0,0,0,0,0,0,0,0,0,0,0,0,0,0
,合　計,69713,64785402,1259584,1694396,46460813,3114238,1341041,264859,64348,9300996,113293,593791,11291,566753,38052788,56375035,73628
豐原區,豐原里,728,587645,15144,26631,386523,38253,27350,1719,681,86994,353,3369,102,527,308141,509264,931
,頂街里,345,317993,25430,18465,153240,22370,40930,814,171,53528,0,1391,0,1655,121808,286562,205
,中山里,334,527019,9893,12806,149560,29409,56554,2223,172,262631,142,1199,0,2429,123505,500965,201
,豐榮里,390,487616,13271,18904,212970,26052,30865,830,270,177087,2111,1409,0,3846,173739,448384,139
"表166-B(103年度)各類所得金額各縣市鄉鎮村里統計表-縣市別：臺 中 市,單位：金額(千元)",,,,,,,,,,,,,,,,,,
鄉鎮市區,村里,納稅單位,合　　計,營利所得,執行業務所得,薪資所得,利息所得,租賃及權利金,財產交易所得,機會中獎所得,股利所得,退職所得,其他所得,稿費所得,申報大於歸戶,薪資淨所得,按薪資淨所得計算之綜合所得,稿費收入
,下街里,259,215776,4205,7066,131814,12665,17330,861,171,37395,414,1883,0,1973,105702,189689,29
,豐西里,544,537175,7294,25741,283729,37091,11995,1224,327,161615,695,5897,0,1567,228808,482036,183
,葫蘆里,247,191138,4889,11589,103458,13286,15485,364,188,37269,0,885,130,3596,81663,169344,583
,富春里,293,225806,6424,4668,115977,18538,28154,346,95,47017,97,1439,0,3051,90729,200558,234
,東勢里,476,407038,8595,17885,281734,24054,15404,517,263,51278,4,2985,0,4320,229196,354500,264
,西勢里,709,629889,14413,31824,369478,52534,27473,1272,590,122376,435,6619,0,2874,295458,556227,414
,圳寮里,405,303162,6185,10104,220483,16836,8336,1514,582,36046,0,2183,0,893,171382,254060,281
,大湳里,882,702020,32518,25833,488376,41366,15195,656,568,91561,97,4600,25,1224,387873,601568,646
,東湳里,1295,893524,57548,16807,592429,32805,29710,1747,768,138581,0,21345,252,1533,436493,737587,721
,西湳里,2806,2132121,79533,27800,1525917,79060,44134,5006,1250,335328,1523,26567,0,6004,1177890,1784094,608
,南陽里,3418,2905196,78055,48792,2173462,134691,58556,8613,2984,368279,3319,19758,153,8534,1748936,2480589,1769
,北陽里,4360,3567504,97631,55602,2550054,165415,78255,21330,5363,553465,156,29516,1129,9588,2014760,3032633,4095
,東陽里,505,330102,15710,1525,232128,16670,11594,555,195,44344,0,3015,0,4367,176030,274005,23
,田心里,1981,1560321,43302,46969,1113812,72345,43437,3330,2745,211368,1242,16560,0,5211,877505,1324070,503
,鎌村里,1476,992229,40043,16895,771319,32329,17033,1216,1214,102016,192,6522,286,3164,586780,807690,981
,社皮里,3131,2238371,75497,38066,1699434,95145,42977,6356,2173,255089,115,15062,227,8230,1311309,1850237,1788
,三村里,2163,1819761,58680,22419,1226276,84838,40279,5344,2923,358612,1649,12080,0,6660,960726,1554211,569
,南村里,1824,1541702,49114,33117,971713,82150,40643,5810,1394,339805,652,11180,20,6104,756634,1326623,454
,南田里,1071,714036,25775,4882,540264,27461,14720,1006,481,91840,225,5519,0,1865,405858,579630,153
,南嵩里,1036,755906,27336,13274,510166,37452,19942,874,588,123613,0,21550,139,973,388362,634089,710
,翁明里,740,712588,24614,8548,410928,26584,13529,1061,678,219849,23,3478,1,3296,321159,622820,267
,翁子里,989,671980,27717,5077,484949,31056,19823,2535,373,92579,0,7018,2,852,367919,554950,477
,翁社里,673,561450,22532,4089,316412,17772,7924,254,327,185675,0,4945,1167,353,233940,478978,2131
,朴子里,991,723137,57628,3529,450021,22209,22942,1433,272,156146,0,5371,0,3586,332841,605958,319
,豐田里,3241,2331015,93397,42819,1733039,103945,40524,3985,2426,278733,348,21130,216,10453,1336801,1934775,1102
,豐圳里,1075,774061,17797,20390,576180,41962,13698,1626,600,93517,345,5770,0,2176,449855,647735,252
,北湳里,1012,1082334,23825,14578,578293,41324,14578,947,1314,401053,223,5221,213,765,455850,959891,1044
,陽明里,981,794555,28518,24995,568253,50090,29298,1160,1073,77720,566,6641,317,5924,455927,682124,1449
,民生里,341,272955,5904,12065,175242,13177,15674,727,103,36253,10,4421,0,9380,138035,235749,115
,中陽里,1808,1399669,40688,35812,977726,85486,45408,5335,970,180328,631,18596,239,8450,774475,1196418,1320
,西安里,1797,1446479,32783,34835,976105,101918,47792,2598,1436,217523,356,15277,99,15757,775895,1246211,1274
,中興里,912,646713,8143,9916,509101,46357,11418,823,434,51900,18,6447,0,2156,399487,537099,450
,其　他,5,2354,0,0,2165,9,0,0,1,73,0,106,0,0,1625,1814,0
,合　計,45243,36002342,1180028,754316,24562731,1774703,1018957,96012,36163,6078488,15942,326951,4716,153337,19203098,30643135,26682
東勢區,北興里,400,301151,9624,5767,233990,14868,2912,511,490,27134,357,1741,0,3757,188719,255880,46
,中寧里,254,141443,2916,2684,107947,10733,2917,218,157,11444,0,665,0,1762,83467,116968,42
,東安里,334,264622,8579,12439,171808,18489,11042,8208,227,22833,473,1586,0,8938,138465,231279,41
,南平里,497,339925,11069,11394,264196,16998,6905,314,218,22311,331,2295,365,3529,210113,285715,897
,新盛里,1381,894734,30791,15482,711090,31127,9577,938,747,84806,149,5983,394,3649,553628,737272,1136
"表166-B(103年度)各類所得金額各縣市鄉鎮村里統計表-縣市別：臺 中 市,單位：金額(千元)",,,,,,,,,,,,,,,,,,
鄉鎮市區,村里,納稅單位,合　　計,營利所得,執行業務所得,薪資所得,利息所得,租賃及權利金,財產交易所得,機會中獎所得,股利所得,退職所得,其他所得,稿費所得,申報大於歸戶,薪資淨所得,按薪資淨所得計算之綜合所得,稿費收入
,詒福里,367,248777,6771,2150,202096,11163,2076,358,153,22382,14,1178,0,435,159409,206089,13
,下城里,198,122279,2592,394,104877,5231,158,29,104,8163,0,638,0,92,82544,99945,17
,上城里,238,177221,5024,3453,147103,7770,668,138,77,10537,6,2333,0,114,116842,146960,7
,慶東里,398,256988,7187,4194,209247,12882,4572,296,240,14933,68,1269,0,2099,163829,211570,54
,慶福里,219,132232,3543,777,101719,3795,5021,155,102,16210,0,606,0,305,78781,109294,15
,隆興里,259,156121,3991,1415,131007,5547,1907,912,98,9648,0,1585,0,12,101888,127003,57
,福隆里,879,601020,11662,6632,517016,25356,2275,611,545,29916,293,3364,58,3291,410637,494603,513
,中嵙里,420,295474,4502,4768,253378,11619,1459,64,385,16369,71,2938,82,-161,202887,244983,432
,上新里,299,202996,4854,1437,162170,13802,2079,308,118,15055,0,1667,0,1505,129834,170659,200
,廣興里,413,329901,5462,7000,243975,25307,2888,653,263,40676,82,1856,0,1740,197807,283733,213
,粵寧里,583,380109,9245,2547,314219,18614,2867,162,373,27366,38,3508,47,1122,245884,311775,655
,下新里,435,279068,8295,2770,230154,11603,5017,209,318,16101,552,2453,0,1596,181432,230347,156
,興隆里,261,154078,4736,1822,134222,5533,304,32,122,6076,0,859,0,374,102985,122841,18
,茂興里,407,234902,6544,611,189462,12047,3258,307,144,18494,13,1007,0,3015,142960,188401,78
,泰興里,163,104418,2151,1013,85685,5066,389,135,99,8085,0,1103,0,692,65576,84310,61
,埤頭里,166,99356,2724,858,74987,2927,866,109,27,16325,0,527,0,6,55705,80074,2
,明正里,218,123037,2993,2534,100387,3321,1046,44,141,11541,0,1015,0,15,75799,98449,2
,泰昌里,1011,761481,8026,9005,628775,42625,5213,735,656,58706,857,4700,45,2138,506938,640124,618
,延平里,655,445336,15671,7370,331953,24184,10876,361,482,45108,472,2544,0,6316,264031,377414,121
,東新里,551,385634,6483,4033,311656,26559,3123,119,219,29023,120,2891,0,1407,248120,322097,227
,其　他,0,0,0,0,0,0,0,0,0,0,0,0,0,0,0,0,0
,合　計,11006,7432302,185436,112552,5963118,367166,89414,15925,6505,589241,3895,50310,991,47749,4708280,6177786,5622
大甲區,朝陽里,481,388605,10876,14288,238325,29453,10189,862,438,76877,297,3180,0,3821,190056,340336,39
,大甲里,387,354050,14869,10486,183546,22438,24028,495,481,92312,89,1059,0,4246,147158,317662,321
,順天里,493,419939,11597,14884,229962,28063,18739,1026,287,111776,95,2312,0,1199,182337,372525,119
,孔門里,238,573702,46134,8546,147215,21342,13312,326,132,334273,0,1219,0,1204,121615,548103,56
,岷山里,676,559118,12480,8291,370159,30174,12014,431,387,118233,0,5544,0,1405,290430,479388,320
,中山里,1254,907595,20882,6085,750850,33273,5799,716,743,79399,308,7038,190,2310,593556,750300,627
,南陽里,238,175360,2665,5873,134402,12963,1405,359,103,15671,0,1266,0,653,105547,146505,111
,薰風里,276,365255,4028,9024,154656,16040,8973,133,122,170095,0,1961,0,222,126716,337314,49
,義和里,947,702832,29201,5725,497887,31423,7661,665,647,124720,92,3336,204,1270,381453,586398,698
,武陵里,338,230632,13957,2133,175088,9762,5082,302,168,22710,22,1339,0,70,133461,189005,213
,文曲里,278,173530,8386,2305,131703,6928,1493,233,135,18698,0,3559,33,57,99184,141010,254
,平安里,672,554786,10756,9887,383723,34518,10743,1607,933,94976,0,6486,0,1158,304018,475082,108
,庄美里,705,805447,20903,13999,397484,29725,16614,541,561,318358,0,3603,0,3659,313425,721388,150
,武曲里,570,935540,30865,3061,298441,17694,43597,2736,194,529685,2,6966,0,2298,228688,865786,295
,文武里,1755,1572459,30861,38458,1096251,102816,15194,574,786,274060,669,11322,90,1378,889568,1365723,1100
,奉化里,644,550942,16172,4086,428577,20693,6145,476,226,69937,8,4045,0,579,345571,467936,157
,德化里,524,348180,11593,4485,279665,10766,2079,2236,305,34324,0,2464,0,262,214276,282791,17
"表166-B(103年度)各類所得金額各縣市鄉鎮村里統計表-縣市別：臺 中 市,單位：金額(千元)",,,,,,,,,,,,,,,,,,
鄉鎮市區,村里,納稅單位,合　　計,營利所得,執行業務所得,薪資所得,利息所得,租賃及權利金,財產交易所得,機會中獎所得,股利所得,退職所得,其他所得,稿費所得,申報大於歸戶,薪資淨所得,按薪資淨所得計算之綜合所得,稿費收入
,江南里,387,263565,5760,7605,197167,8840,3619,236,138,36944,0,2682,219,354,145937,212335,535
,頂店里,1387,1138691,36732,11172,810493,52960,14076,1524,3289,197731,292,7042,0,3380,637325,965523,380
,太白里,348,246643,7694,1418,194261,5320,1574,297,117,33979,0,1847,0,136,147105,199486,12
,孟春里,1138,789764,40100,10111,597333,30272,10090,640,764,91816,87,6803,0,1746,456339,648770,112
,幸福里,682,486972,21409,3027,385237,15140,4121,706,390,52730,20,3691,18,483,294411,396146,252
,日南里,1816,1246206,23349,11291,956022,43297,9053,2143,1045,187130,18,10780,0,2078,716354,1006538,211
,龍泉里,422,265026,9575,5477,215758,6757,2878,213,412,19122,0,3696,0,1138,162066,211334,40
,銅安里,388,250023,9430,546,205356,8336,1211,430,276,21707,0,2453,0,278,152758,197429,39
,西岐里,498,357103,11865,1812,249087,9710,9346,2385,194,70339,544,1718,0,104,187432,295448,217
,福德里,283,165154,4371,941,140416,4944,1303,1418,131,10551,0,1080,0,0,104280,129019,35
,建興里,376,227441,7342,2300,198169,5237,570,99,160,10828,0,2146,0,590,147485,176757,109
,新美里,1044,798419,23890,9543,603118,44487,6947,700,530,102341,138,5692,19,1015,478783,674084,843
,其　他,0,0,0,0,0,0,0,0,0,0,0,0,0,0,0,0,0
,合　計,19245,15852980,497741,226859,10650351,693370,267855,24509,14095,3321325,2680,116328,773,37093,8297333,13500123,7418
清水區,鰲峰里,317,250979,3290,7401,180610,16698,4334,440,199,35661,106,1541,0,698,145702,216070,135
,靈泉里,352,287116,3439,16057,191419,25750,3567,1068,312,42296,99,1308,0,1801,153380,249077,57
,清水里,736,571102,11588,16480,390032,45905,11149,1591,443,87247,1385,3228,46,2006,309988,491028,343
,南寧里,587,469191,8515,16048,312075,51179,11107,743,272,61993,1698,3077,0,2485,251906,409022,345
,西寧里,515,331652,7772,4973,256523,22143,4330,164,254,29453,601,3674,41,1725,197979,273109,324
,北寧里,219,157809,7934,5626,96419,7599,3240,87,100,34265,0,904,0,1636,73806,135197,1
,中興里,142,101215,2412,4334,72748,9527,1817,5,213,9567,89,344,0,157,58832,87299,104
,西社里,726,587079,19450,13844,400314,36229,6634,1366,865,102538,737,3556,84,1461,315551,502786,1063
,南社里,2864,2280505,54844,27827,1846390,92332,11209,5689,2199,190830,2131,43534,304,3217,1463557,1898788,1847
,裕嘉里,461,291770,7602,1229,243578,12439,914,221,243,23701,0,1535,0,307,187328,235520,229
,臨江里,431,308724,6848,5167,228571,8708,6177,302,237,28388,869,2350,0,21108,176321,256474,315
,秀水里,1272,900690,30919,14631,691196,37646,5211,815,925,111057,30,6799,0,1460,534209,742096,200
,武鹿里,1043,759223,29976,15283,581773,30879,4378,603,1001,88648,0,5692,0,991,447299,624749,337
,海濱里,533,345974,14045,2194,238011,12061,4191,120,228,73455,0,1307,0,361,178802,286765,83
,槺榔里,1470,1078536,28528,16413,886022,37514,4508,1533,1147,88877,38,11267,0,2688,691789,884303,310
,中社里,817,595430,4537,4830,501671,31277,2430,4088,367,41838,542,3152,0,698,397840,491598,244
,高西里,305,173400,15373,1490,129817,7085,238,95,72,18104,0,615,0,511,94806,138389,14
,高南里,339,234417,16310,3355,174526,8719,1665,269,210,27760,0,1589,0,13,132152,192043,49
,高東里,295,202328,13348,3227,167670,5176,361,162,119,8577,0,3616,0,70,129051,164057,33
,高北里,297,197487,16510,2135,137000,8558,690,48,156,31175,0,1192,0,23,101923,162410,48
,高美里,339,228424,10539,2812,174198,8632,1758,2530,74,25678,0,2105,0,98,132403,186628,2
,國姓里,600,404669,26015,4150,296551,12567,2608,836,195,58016,0,3631,0,101,222298,330416,15
,菁埔里,659,398684,16939,4692,331336,14672,4844,866,171,22416,9,2672,0,67,250609,318780,72
,頂湳里,458,296594,15188,963,248103,11059,719,40,261,17427,0,2020,350,464,189784,238590,705
,田寮里,641,401731,22368,3699,318671,15350,2019,134,383,35097,0,2993,0,1018,240467,323527,25
"表166-B(103年度)各類所得金額各縣市鄉鎮村里統計表-縣市別：臺 中 市,單位：金額(千元)",,,,,,,,,,,,,,,,,,
鄉鎮市區,村里,納稅單位,合　　計,營利所得,執行業務所得,薪資所得,利息所得,租賃及權利金,財產交易所得,機會中獎所得,股利所得,退職所得,其他所得,稿費所得,申報大於歸戶,薪資淨所得,按薪資淨所得計算之綜合所得,稿費收入
,橋頭里,2270,1691807,54314,23975,1306274,74686,16310,4229,1243,196250,134,11410,37,2943,1022518,1409059,404
,下湳里,914,639393,21217,7209,480849,30890,11862,511,654,80893,0,3211,0,2096,368618,527162,236
,東山里,306,176556,5930,578,146345,6254,923,960,143,12164,0,873,0,2387,105342,138981,25
,楊厝里,256,141006,4718,1419,109665,6054,2039,51,177,13494,2198,1191,0,0,76711,112093,12
,海風里,349,235416,8974,2227,166865,6785,8531,87,280,35490,0,5403,0,773,121966,193478,135
,吳厝里,376,211314,4604,5494,178232,5056,1944,205,121,11614,7,3762,0,274,129150,164607,77
,文昌里,243,180352,6450,1903,110773,13131,4639,248,103,41663,0,886,0,557,88561,158139,107
,其　他,1,721,696,0,6,19,0,0,0,0,0,0,0,0,0,715,0
,合　計,21133,15131292,501191,241667,11594233,712578,146349,30106,13369,1685633,10674,140436,863,54194,8990649,12542957,7893
沙鹿區,居仁里,423,360284,9314,11522,243134,18026,7545,344,158,68184,0,1569,0,489,193539,310928,214
,洛泉里,688,699958,8939,11081,386078,47932,29519,438,735,207249,91,5140,0,2756,313332,627212,438
,沙鹿里,372,491830,24514,23906,156600,28557,25344,632,229,225400,221,3680,0,2747,127273,462504,65
,美仁里,131,135303,6000,1548,64416,5435,5722,104,40,50362,0,1013,0,663,50326,121212,62
,興仁里,761,569206,10823,6057,407621,25049,19349,387,373,92052,388,3724,0,3383,319787,481372,154
,斗抵里,1361,1098987,28913,15644,817005,40920,17161,3540,870,164432,291,8213,0,1998,645451,927433,166
,鹿峰里,1494,1157710,31588,12341,885242,54040,19723,1569,934,139963,453,10101,0,1755,701219,973687,311
,鹿寮里,2030,1665864,47868,43204,1191028,86536,32750,2827,4751,231015,333,17711,0,7841,950165,1425000,341
,竹林里,2214,1883070,37794,27890,1385029,101966,19697,4119,1452,177562,994,20775,0,105791,1106281,1604322,449
,犂分里,298,199189,3335,4367,159137,7187,1266,3374,163,19222,0,1048,0,91,122084,162136,148
,福興里,1025,862188,20014,8073,665085,25665,9848,678,634,124316,128,5717,0,2031,529869,727411,293
,北勢里,1412,1160247,26948,21402,886364,48969,18876,4887,1014,135085,357,10380,181,5786,707724,981608,676
,晉江里,470,370335,7545,12739,276516,13724,15329,868,217,36760,0,4544,0,2092,221721,315540,79
,六路里,1507,1288802,23747,11478,1056951,40039,13116,4288,797,122185,377,10072,2,5752,858113,1089965,856
,南勢里,988,791873,20102,7539,654851,23443,4604,3385,813,66821,177,6050,70,4017,522596,659618,367
,埔子里,1578,1524269,34079,23224,1243091,44517,11067,13953,1461,137092,700,9246,181,5659,1024102,1305280,1554
,公明里,1216,878367,21825,7851,761626,26105,5556,1358,439,46924,727,4748,15,1195,598279,715335,504
,西勢里,534,319200,26011,1799,243638,9659,4816,182,175,28689,7,2270,421,1533,177716,254571,972
,清泉里,722,545049,11244,6055,470165,16225,4071,208,408,33161,255,2656,31,569,370423,445307,383
,興安里,1105,1326903,19281,20549,640311,38090,21193,3919,579,577539,0,4557,13,873,504408,1191000,420
,三鹿里,2037,1590474,28256,16772,1391350,33270,7432,12335,1393,79924,152,14949,51,4590,1108113,1307243,1184
,其　他,1,148,0,0,148,0,0,0,0,0,0,0,0,0,40,40,0
,合　計,22367,18919256,448140,295041,13985383,735354,293983,63396,17635,2763938,5649,148162,965,161610,11152561,16088725,9636
梧棲區,頂寮里,935,658552,26890,9134,506637,27035,8393,976,519,72375,6,4152,0,2434,390568,542483,216
,下寮里,606,445409,18919,5135,329726,22823,6639,247,346,56598,569,4259,0,147,253708,369391,137
,中正里,1303,1012017,18989,15544,755145,55389,16437,951,721,137716,12,8829,90,2194,592375,849414,571
,中和里,166,137875,6034,7743,104380,7240,2358,548,184,8301,0,1031,0,56,83351,116847,37
,文化里,415,336058,11892,8081,261110,18872,2086,99,253,28006,348,5015,0,295,209114,284062,61
,安仁里,244,173410,4292,3123,132802,6322,3993,590,255,20617,6,1088,0,322,103464,144072,85
,草湳里,1935,1420445,50874,12963,1042891,55355,11431,1896,1033,231204,49,10711,363,1674,798332,1175886,956
"表166-B(103年度)各類所得金額各縣市鄉鎮村里統計表-縣市別：臺 中 市,單位：金額(千元)",,,,,,,,,,,,,,,,,,
鄉鎮市區,村里,納稅單位,合　　計,營利所得,執行業務所得,薪資所得,利息所得,租賃及權利金,財產交易所得,機會中獎所得,股利所得,退職所得,其他所得,稿費所得,申報大於歸戶,薪資淨所得,按薪資淨所得計算之綜合所得,稿費收入
,南簡里,1502,1102750,28972,10257,899006,39236,8229,1507,842,101506,211,10450,167,2367,700758,904493,746
,福德里,1306,981906,35051,16655,782437,33766,9890,1338,1156,89474,56,8969,0,3116,613894,813363,95
,大庄里,2303,1709015,49259,26926,1351024,62867,12245,3537,1158,180551,150,14492,19,6787,1054780,1412770,410
,大村里,1758,1346721,43340,17109,1079188,46189,8753,2297,1153,136553,171,9916,155,1897,842354,1109887,1094
,永寧里,730,578375,16487,1532,382459,21648,13758,214,390,135234,45,5122,0,1485,290074,486236,88
,永安里,821,635162,30008,5417,401826,21324,10546,545,731,157096,2,4053,250,3365,300886,534096,832
,興農里,716,513837,11051,5018,421133,13979,3273,594,374,54266,0,4026,0,123,323347,416051,54
,其　他,2,814,0,0,753,0,0,0,0,61,0,0,0,0,537,598,0
,合　計,14742,11052344,352057,144636,8450518,432044,118031,15340,9114,1409558,1625,92115,1043,26264,6557541,9159647,5382
神岡區,神岡里,992,667734,24401,16318,498334,30955,15538,418,692,71017,53,7356,0,2654,377866,547266,250
,庄前里,676,466791,26905,2237,329039,19170,19732,402,243,66437,44,2310,0,274,244839,382593,242
,庄後里,628,409422,23769,2730,286046,13759,16021,563,189,63097,0,2547,0,701,209019,332394,119
,北庄里,840,540490,23087,7376,386575,23293,22968,1023,517,71976,0,2373,0,1302,284098,438013,437
,圳前里,666,428014,15159,5145,331964,18804,13805,191,333,39068,0,2662,0,883,251831,347881,52
,圳堵里,557,335830,13160,3452,258210,14647,8304,333,344,28014,0,7826,0,1540,191365,269888,137
,新庄里,1115,673141,30281,5616,523643,21633,21997,1119,750,55305,0,8111,0,4686,383961,531529,13
,山皮里,282,181410,9467,953,126184,6521,3520,81,64,32854,0,1198,0,568,92079,147667,15
,社口里,2348,1692843,65893,16061,1222272,60206,31048,2129,1620,275451,756,11683,216,5507,924173,1395155,982
,社南里,1737,1191287,58539,18953,825802,42562,46479,2090,939,181208,100,10026,0,4588,615300,980889,280
,三角里,835,704832,43084,6840,415632,22737,17102,585,464,191370,6,5796,0,1218,311884,601084,119
,大社里,1354,950756,29463,11371,775791,30514,14117,1884,638,76163,343,9293,45,1133,598547,773512,530
,岸裡里,997,680049,37910,7263,466831,35935,22973,755,522,100205,0,4468,0,3189,347368,560586,62
,豐洲里,2319,1569394,92956,23795,1069211,77378,50154,3347,1675,232940,243,11999,102,5595,801351,1301522,549
,神洲里,875,589453,42627,4850,361085,23209,36198,583,847,103289,0,15822,0,943,260600,477693,369
,溪洲里,777,460580,27690,3095,327350,18620,16254,599,258,63644,0,2414,0,654,232698,365927,46
,其　他,0,0,0,0,0,0,0,0,0,0,0,0,0,0,0,0,0
,合　計,16998,11542026,564390,136056,8203969,459942,356211,16101,10094,1652038,1544,105884,364,35434,6126978,9453599,4201
后里區,廣福里,433,256705,6779,3437,208327,8132,2693,1126,289,23111,22,2069,0,720,155426,203803,22
,仁里里,208,123184,2588,1694,98321,6211,1859,184,105,10847,0,1242,0,133,75117,99980,15
,義里里,908,671239,19709,9904,527790,31586,7824,780,543,65794,0,6281,0,1028,417657,561106,93
,后里里,1122,777277,23768,17016,574589,32350,23754,1665,636,86585,18,8881,0,8013,445232,647920,326
,厚里里,654,422217,10301,8597,320205,21402,10110,1660,305,44356,0,4262,0,1020,245312,347324,48
,墩東里,1447,1063204,31083,15053,840713,48989,22108,1871,760,81825,209,17458,184,2948,665287,887777,1140
,墩西里,561,416399,10784,11014,311543,19039,6377,1126,342,43476,0,11310,0,1387,243016,347871,109
,墩南里,998,697013,27601,7203,513383,26418,6702,516,454,103588,0,7562,0,3588,393110,576741,192
,墩北里,1082,789756,26127,16380,580116,38228,13605,3572,1895,91487,765,14187,0,3394,452183,661823,259
,中和里,764,543102,19176,3126,429646,19514,7290,2288,642,49970,0,9462,0,1989,332214,445676,17
,舊社里,533,347939,7952,5833,281020,10342,4203,92,300,28502,43,9166,24,462,212240,279159,234
,聯合里,408,270256,12409,2695,203440,7581,2734,145,214,37618,0,3340,0,80,154688,221504,20
"表166-B(103年度)各類所得金額各縣市鄉鎮村里統計表-縣市別：臺 中 市,單位：金額(千元)",,,,,,,,,,,,,,,,,,
鄉鎮市區,村里,納稅單位,合　　計,營利所得,執行業務所得,薪資所得,利息所得,租賃及權利金,財產交易所得,機會中獎所得,股利所得,退職所得,其他所得,稿費所得,申報大於歸戶,薪資淨所得,按薪資淨所得計算之綜合所得,稿費收入
,太平里,593,376229,17867,1034,313598,16523,4092,339,213,18255,0,4107,0,200,237183,299814,30
,眉山里,921,660483,19607,7663,533254,23925,5176,689,414,58591,0,7432,27,3706,414259,541470,272
,月眉里,479,314280,9276,2009,254916,15809,2405,402,166,26391,0,2417,198,290,198679,258043,595
,公館里,506,311967,14690,2082,234995,11440,3638,2309,211,38698,0,3744,0,159,173891,250862,65
,泰安里,324,230928,5747,1166,174073,8921,2347,70,129,36074,727,1166,0,507,134432,191287,7
,義德里,795,540582,9781,9175,448110,24736,7835,1534,607,31677,668,4946,0,1514,350266,442738,300
,其　他,0,0,0,0,0,0,0,0,0,0,0,0,0,0,0,0,0
,合　計,12736,8812760,275246,125079,6848040,371146,134753,20368,8228,876846,2452,119031,434,31139,5300192,7264899,3744
大雅區,大雅里,1488,1153220,33308,39956,783177,65039,57322,4387,894,147531,1597,14129,0,5879,617191,987233,324
,員林里,2871,2318567,106701,29220,1668675,86786,65635,4130,2239,324599,769,18889,529,10393,1294876,1945158,1973
,六寶里,1667,1116903,29537,15287,873644,43563,27913,1402,1765,108336,587,9888,0,4979,662641,905914,372
,秀山里,984,703180,44700,4912,493176,31810,19798,539,619,92828,0,11202,0,3596,374336,584341,272
,橫山里,1243,1019891,57459,13556,677381,36705,61112,2592,698,144724,303,19992,0,5370,522824,865334,143
,三和里,1687,1385300,50693,12956,987387,60580,24473,1938,1060,231358,533,10783,0,3540,768201,1166114,432
,西寶里,1506,1220231,60611,6304,818322,46483,45497,8913,769,216443,1416,12290,0,3183,621370,1023279,245
,上楓里,1893,1371424,81889,11896,1005903,47962,23266,2473,1001,185465,34,7568,30,3936,761881,1128087,533
,忠義里,846,582600,9272,13550,470411,21234,3019,2713,422,51165,216,6722,0,3876,361080,473270,295
,四德里,1463,1198438,45659,11682,877058,47595,48245,2221,834,150442,434,13258,41,969,688708,1010088,789
,上雅里,1770,1386026,44489,30596,1038156,54547,27008,3902,1838,160925,2453,16142,1319,4651,812042,1159912,2634
,二和里,1873,1590521,44714,27470,1209853,66527,40891,3384,1281,164557,302,20014,0,11528,958787,1339455,741
,文雅里,1874,1493533,38902,31630,1121680,63881,22382,5934,903,187743,3430,11474,25,5549,880554,1252712,632
,大楓里,1453,967047,30593,9184,735015,28642,39222,1515,715,102301,305,6853,0,12702,549323,781357,215
,雅楓里,1045,660771,21199,5134,510018,24566,11297,647,464,81082,163,5068,0,1133,380666,531418,199
,其　他,2,640,66,25,368,0,0,0,0,0,0,182,0,0,260,532,0
,合　計,23665,18168293,699792,263359,13270224,725921,517082,46691,15502,2349500,12541,184453,1943,81284,10254739,15154205,9801
潭子區,潭秀里,470,466875,19971,18753,199937,23369,36335,778,373,163450,0,2606,0,1305,153729,420667,56
,潭北里,752,595120,18758,9733,437407,27118,11686,1150,422,83262,52,3313,0,2218,345209,502922,117
,潭陽里,3544,2557664,117930,55908,2002671,98716,30454,10635,2474,198607,657,28407,62,11142,1552660,2107617,1047
,福仁里,3208,2219490,53816,38134,1815142,76717,25047,6658,2217,169603,613,24344,0,7200,1407445,1811838,464
,頭家里,1577,1221450,27655,20272,952789,44780,21077,2434,977,136683,12,13102,0,1669,746749,1015411,155
,甘蔗里,3079,2432250,57175,49596,1839831,99613,41215,4099,2240,298524,2062,25977,62,11857,1438631,2031003,965
,東寶里,3838,2733944,95302,37932,2099742,119217,58041,5006,3195,277838,2787,29081,0,5803,1614736,2248971,738
,大富里,837,628083,32900,4310,461643,20175,14033,2116,418,86781,0,4601,198,908,352907,519221,539
,大豐里,1979,1675964,51817,20166,1223336,52936,33385,11352,1817,257322,299,20991,168,2375,957382,1410324,1201
,栗林里,1615,1220052,44017,15159,800535,54392,33850,2264,2033,255473,77,8557,0,3695,606254,1025789,384
,嘉仁里,1146,800603,30609,9611,616918,32540,14173,1849,716,86963,66,6820,0,336,471068,654953,340
,新田里,404,278656,8130,752,193313,8653,5025,530,322,59987,0,1737,0,206,143178,228521,4
,聚興里,1166,874461,27255,7768,670615,28909,9872,2321,802,114513,446,10036,0,1924,525209,729055,338
,頭家東里,1326,1061891,31021,14000,821102,40845,12381,5323,1280,108067,538,26033,0,1301,652492,893280,391
"表166-B(103年度)各類所得金額各縣市鄉鎮村里統計表-縣市別：臺 中 市,單位：金額(千元)",,,,,,,,,,,,,,,,,,
鄉鎮市區,村里,納稅單位,合　　計,營利所得,執行業務所得,薪資所得,利息所得,租賃及權利金,財產交易所得,機會中獎所得,股利所得,退職所得,其他所得,稿費所得,申報大於歸戶,薪資淨所得,按薪資淨所得計算之綜合所得,稿費收入
,家興里,2190,1729809,31777,39251,1425142,61629,10169,6206,1790,133897,1248,13855,139,4706,1137599,1442267,1246
,家福里,1303,1027059,30200,16766,805840,45687,12315,2087,805,95178,851,11991,0,5339,636877,858121,279
,其　他,0,0,0,0,0,0,0,0,0,0,0,0,0,0,0,0,0
,合　計,28434,21523370,678334,358111,16365964,835296,369059,64807,21881,2526148,9709,231451,628,61983,12742126,17899958,8263
新社區,新社里,858,609782,14543,12688,500700,37983,4851,1018,695,32280,748,3337,0,937,397930,507012,165
,復盛里,383,273225,9510,4885,235266,11154,552,146,190,9988,0,1292,0,243,187295,225368,77
,中正里,340,231523,4261,831,195115,10076,2788,421,269,15847,24,1803,0,88,152516,188923,11
,月湖里,219,143196,2846,1302,120561,5480,404,263,512,11227,0,446,0,156,94289,116924,12
,崑山里,179,111319,3771,590,88236,4273,2595,60,54,9508,0,2195,0,35,67198,90281,29
,慶西里,137,85104,2927,567,69390,3663,1680,522,68,5850,14,402,0,20,53454,69169,62
,東興里,245,177658,1499,1875,140736,11455,3611,255,51,14863,0,1848,0,1464,111566,148488,11
,大南里,447,328676,4182,5709,255051,20527,4079,307,337,32806,0,1890,63,3726,200867,274492,430
,協成里,472,292344,15179,3171,224200,11918,5922,1403,481,22322,0,2144,2944,2659,172808,240937,4493
,永源里,512,354067,5014,3832,282993,17988,4903,1073,313,33800,79,2708,0,1365,226095,297169,68
,中和里,119,80203,6306,1992,54362,2270,1222,92,71,13102,0,416,0,369,41569,67409,0
,福興里,201,113478,2882,4074,95469,3565,1501,0,92,4599,0,989,175,133,73075,91084,436
,中興里,94,59384,2963,461,43028,3103,3472,8,120,5845,0,259,0,125,33158,49514,0
,其　他,0,0,0,0,0,0,0,0,0,0,0,0,0,0,0,0,0
,合　計,4206,2859960,75884,41977,2305109,143455,37580,5569,3254,212036,865,19731,3182,11320,1811819,2366769,5795
石岡區,石岡里,314,211722,5454,3501,171202,8895,5291,31,88,14418,60,1937,0,844,133340,173860,227
,萬安里,420,294301,9908,7823,231126,12467,2586,1532,147,24405,0,3098,0,1209,180535,243716,66
,九房里,335,225369,2846,4881,166532,9396,4824,269,139,32678,88,3483,0,235,126020,184856,40
,金星里,308,203650,7109,1511,150904,8272,2849,401,176,29862,0,2315,0,250,116077,168822,18
,龍興里,149,92220,2948,1759,70668,3598,1533,45,85,10726,27,414,0,417,54059,75611,39
,和盛里,321,219275,6040,1389,178776,10361,852,129,127,18939,13,955,0,1693,139133,179632,139
,德興里,428,297015,4452,1290,259302,12398,1668,100,286,15102,200,1953,0,265,203497,241210,47
,土牛里,278,184194,3073,5844,144231,8992,1465,87,320,17991,103,1794,0,295,111871,151834,180
,梅子里,496,955658,613157,4638,276724,14192,6276,995,218,34379,73,2419,192,2393,216513,296256,498
,萬興里,431,383053,9943,6772,233888,12788,2784,253,429,113602,0,2009,2,583,180262,329427,287
,其　他,0,0,0,0,0,0,0,0,0,0,0,0,0,0,0,0,0
,合　計,3480,3066456,664930,39408,1883354,101359,30127,3843,2014,312102,564,20377,194,8184,1461306,2045223,1540
外埔區,永豐里,269,173054,5206,976,137789,5175,3499,481,131,16779,72,2944,0,1,104878,140142,25
,六分里,616,406048,7294,4740,340786,12752,2033,477,192,31839,95,5035,5,799,260165,325426,270
,三崁里,461,312138,9728,1416,255199,8815,2306,383,210,30440,0,2877,0,764,194422,251361,151
,大同里,1323,1003408,32495,15313,778682,37778,7777,559,923,119329,56,9254,0,1242,604970,829695,384
,水美里,948,983585,53234,8524,563512,26245,8508,535,484,309642,1183,10704,0,1015,438574,858647,479
,大東里,1740,1193017,36155,16682,1000805,31960,5780,738,1280,87249,909,8858,0,2601,769311,961523,437
,馬鳴里,374,235296,9678,5009,178107,9356,2089,129,271,27735,161,1947,0,815,131674,188864,29
,中山里,331,240017,10135,885,187164,8371,1512,273,221,18722,46,12333,0,354,144380,197232,69
"表166-B(103年度)各類所得金額各縣市鄉鎮村里統計表-縣市別：臺 中 市,單位：金額(千元)",,,,,,,,,,,,,,,,,,
鄉鎮市區,村里,納稅單位,合　　計,營利所得,執行業務所得,薪資所得,利息所得,租賃及權利金,財產交易所得,機會中獎所得,股利所得,退職所得,其他所得,稿費所得,申報大於歸戶,薪資淨所得,按薪資淨所得計算之綜合所得,稿費收入
,鐵山里,537,366579,18593,6536,272262,10438,1577,80,185,46413,0,10335,0,159,206859,301175,35
,土城里,385,288847,36893,3512,193080,5068,1584,198,113,42345,0,5660,0,395,142852,238619,112
,󿾴子里,273,169403,6236,1233,143335,4958,953,323,269,11279,95,678,0,42,108796,134864,43
,其　他,0,0,0,0,0,0,0,0,0,0,0,0,0,0,0,0,0
,合　計,7257,5371391,225647,64825,4050722,160917,37618,4175,4278,741772,2617,70625,5,8188,3106880,4427549,2034
大安區,東安里,363,233994,8841,1311,193112,11026,2410,99,89,13745,29,3058,0,274,147871,189079,0
,南埔里,224,143371,7920,499,114072,7052,819,3,75,12542,0,388,0,0,86169,115468,0
,南庄里,251,159722,11267,428,131084,4751,397,104,63,10956,0,610,0,62,99180,127818,5
,中庄里,754,503701,29909,5870,391701,17625,2642,360,324,49443,285,4993,0,550,297144,409144,158
,龜売里,430,286399,13535,1508,215726,12310,5340,113,336,34121,0,3224,0,187,161141,231814,46
,福興里,325,216620,9995,1688,167463,6569,1396,1016,186,26452,0,1521,0,333,125496,174653,179
,頂安里,219,134693,8317,393,106981,3047,530,88,89,13533,0,1634,0,80,79580,107291,10
,永安里,405,252941,7274,2125,208405,5921,2207,132,163,23568,879,1924,0,343,154708,199244,72
,福住里,264,163394,10755,1665,118504,6407,1662,534,210,22022,0,1587,0,48,85996,130886,32
,海墘里,350,243056,11101,1693,198233,8218,2053,930,302,19053,0,1066,0,407,154700,199523,16
,西安里,494,338443,12870,1170,268323,14361,4423,377,207,34934,113,1455,0,210,205562,275682,115
,松雅里,247,194594,10521,141,148883,10496,2046,245,177,20515,25,1163,0,382,117653,163364,175
,其　他,0,0,0,0,0,0,0,0,0,0,0,0,0,0,0,0,0
,合　計,4326,2870928,142305,18491,2262488,107782,25925,4002,2221,280884,1331,22622,0,2877,1715199,2323965,808
烏日區,烏日里,2716,2237509,61127,44076,1679383,105300,56800,3328,2444,253596,114,23495,573,7273,1344298,1902481,2349
,湖日里,685,493871,17204,6208,392657,22477,5148,872,400,43664,683,3658,150,748,305925,407139,551
,三和里,1158,923791,23195,16221,721016,35890,14404,1661,923,99049,240,8665,0,2526,566224,768998,129
,榮泉里,1179,890100,19946,15175,670546,43197,21899,6168,557,103017,215,5764,1,3614,520934,740488,560
,學田里,670,926137,10963,3524,409595,18326,9351,1571,451,463899,317,8024,0,116,323575,840117,100
,九德里,3889,2957630,80072,56541,2344142,125431,50214,7497,3231,251993,991,32482,511,4525,1842456,2455944,3129
,前竹里,726,736745,30440,9573,358085,20487,18290,660,155,292446,583,3198,0,2828,270203,648863,29
,五光里,467,333314,19285,1146,228310,10629,9294,1338,308,57545,21,5348,0,91,170531,275535,144
,光明里,657,444687,29772,3523,295553,13929,9831,646,272,88134,0,2699,21,307,215941,365075,240
,東園里,521,388101,29853,3789,238407,14727,8572,1008,174,89102,0,1719,0,750,170117,319811,61
,溪埧里,1305,950849,53357,32022,627061,32593,39811,1152,702,154988,645,6980,0,1539,465301,789089,118
,螺潭里,643,503197,26137,5779,297365,19150,33204,544,221,113161,0,6986,359,291,220073,425905,714
,北里里,470,452402,16314,3520,212785,12955,18686,579,150,186015,0,1112,51,235,156222,395944,354
,南里里,333,239206,5710,2072,171011,7412,5718,981,316,43967,215,1318,0,486,129317,197513,0
,溪尾里,164,103593,3937,68,76097,2589,714,135,31,19611,0,408,0,3,55473,83116,0
,仁德里,2350,2153413,43922,35579,1478656,92008,32297,4580,1556,431527,1945,24782,627,5935,1176285,1851042,2941
,其　他,1,333,9,0,319,4,0,0,0,0,0,0,0,0,211,225,0
,合　計,17934,14734879,471242,238816,10200989,577105,334232,32720,11891,2691712,5970,136640,2293,31269,7933087,12467286,11420
大肚區,王田里,1344,941695,30854,8674,674399,30018,7949,1253,613,179618,0,7527,0,790,505596,772893,355
,中和里,256,198421,4422,497,137095,6168,2829,130,129,45491,0,792,0,868,104097,165423,29
"表166-B(103年度)各類所得金額各縣市鄉鎮村里統計表-縣市別：臺 中 市,單位：金額(千元)",,,,,,,,,,,,,,,,,,
鄉鎮市區,村里,納稅單位,合　　計,營利所得,執行業務所得,薪資所得,利息所得,租賃及權利金,財產交易所得,機會中獎所得,股利所得,退職所得,其他所得,稿費所得,申報大於歸戶,薪資淨所得,按薪資淨所得計算之綜合所得,稿費收入
,福山里,1147,769722,14993,12669,616987,23946,7434,500,833,84384,33,5701,0,2242,471938,624673,222
,社腳里,782,533593,9689,2388,426800,14068,4302,1219,242,69076,16,4047,0,1746,324307,431100,92
,營埔里,444,309782,16735,2975,233824,9012,1472,116,180,41634,0,3773,0,62,174401,250359,42
,新興里,810,538211,14487,5503,391155,19051,5567,1420,1560,95691,0,3532,0,246,290204,437259,57
,大東里,970,716850,14382,5093,579674,28057,4523,1119,939,68985,48,13510,14,506,448850,586026,268
,大肚里,647,573969,11576,12205,395017,32679,8465,1092,255,105689,0,3643,0,3347,316032,494987,223
,永和里,256,185246,3196,1899,147844,7787,2133,182,279,20693,39,1157,0,35,116512,153914,7
,磺溪里,497,393863,8985,3380,298496,12974,2956,1684,306,59871,55,5009,0,147,230508,325874,7
,永順里,483,301334,10725,2098,238869,11771,4305,2621,195,27998,68,1465,0,1218,176771,239237,62
,成功里,274,189041,5045,2508,146832,9713,1810,178,247,20134,0,1986,0,589,111762,153972,4
,頂街里,2365,1991395,41575,20402,1512689,82211,16209,6051,1497,290582,227,16502,273,3176,1190239,1668777,1249
,山陽里,426,287460,10081,3008,212918,10741,3895,134,150,42907,605,2611,0,409,159439,233980,187
,瑞井里,1431,944924,20529,7337,788816,27646,7354,2833,869,80247,16,7454,0,1822,601769,757877,168
,蔗󿾴里,1369,951834,22306,9964,805860,27793,16148,3696,759,57108,52,6719,390,1041,626100,772075,1105
,自強里,995,645740,11286,10231,535900,34435,6341,1674,450,38750,1048,5208,0,416,411288,521127,159
,其　他,0,0,0,0,0,0,0,0,0,0,0,0,0,0,0,0,0
,合　計,14496,10473079,250866,110832,8143174,388068,103693,25902,9504,1328858,2207,90636,676,18661,6259812,8589552,4236
龍井區,竹坑里,958,707067,22413,3592,526324,23247,6447,613,1153,110033,209,7032,0,6004,396109,576852,136
,龍東里,881,600396,19344,6220,493527,21912,3581,2769,386,43795,137,7712,3,1010,379693,486563,235
,龍西里,556,378086,12454,4093,305815,16739,1351,630,609,33057,10,2838,0,490,233830,306100,77
,田中里,1027,705804,16736,8712,582414,23862,6306,962,1014,58953,27,5873,0,944,445041,568430,159
,福田里,307,209396,7216,1002,173089,8758,1492,195,117,11107,0,6288,0,132,133306,169612,69
,麗水里,658,433929,16422,10361,337090,20856,2239,1346,229,38492,2,5711,0,1181,250922,347761,27
,龍津里,1513,999728,39713,10950,802565,35360,11695,372,1102,86490,146,9842,0,1494,608136,805299,125
,三德里,902,608447,17255,2324,475955,19852,14973,5212,659,63578,0,5646,0,2993,356855,489347,32
,忠和里,1584,1170060,50488,14806,808310,45771,27709,1493,910,208207,119,10585,0,1663,609535,971285,212
,山腳里,1701,1187286,43367,9936,977884,33616,10750,1069,3298,94354,389,11852,0,771,753236,962639,464
,龍泉里,2216,1878667,27311,36657,1473402,74965,16588,9527,2517,203455,1286,28625,0,4335,1180095,1585361,464
,龍崗里,799,582098,28309,8789,452997,19596,6190,1976,776,56991,0,6117,0,356,350241,479342,130
,新庄里,1773,1375469,32475,28260,1057585,49031,28174,3333,1293,161241,447,9167,126,4336,832236,1149993,726
,南寮里,420,276257,6050,5975,217671,7238,3212,317,293,31868,0,3095,0,538,163776,222362,37
,新東里,1458,1295358,27155,19737,878338,57406,49962,7609,1056,229505,363,7234,973,16019,710496,1127456,2150
,東海里,2618,3012933,37046,49057,2117818,106083,26181,8104,2064,632214,7314,13025,839,13191,1773985,2672303,6250
,其　他,0,0,0,0,0,0,0,0,0,0,0,0,0,0,0,0,0
,合　計,19371,15420981,403754,220472,11680784,564293,216848,45527,17478,2063338,10448,140642,1941,55458,9177491,12920706,11293
霧峰區,桐林里,263,199461,8415,2637,146810,7556,2705,849,74,27483,0,2360,541,33,116286,168936,1164
,吉峰里,2680,1994458,56248,26479,1420486,87090,50557,4021,1252,325271,1329,13365,722,7636,1089026,1662974,2918
,甲寅里,1325,888585,35026,19934,697012,45803,13272,728,760,66525,14,6459,0,3052,540304,731877,477
,本鄉里,687,542637,11400,12753,401710,26008,19732,1249,547,64707,31,3111,13,1377,322230,463149,387
"表166-B(103年度)各類所得金額各縣市鄉鎮村里統計表-縣市別：臺 中 市,單位：金額(千元)",,,,,,,,,,,,,,,,,,
鄉鎮市區,村里,納稅單位,合　　計,營利所得,執行業務所得,薪資所得,利息所得,租賃及權利金,財產交易所得,機會中獎所得,股利所得,退職所得,其他所得,稿費所得,申報大於歸戶,薪資淨所得,按薪資淨所得計算之綜合所得,稿費收入
,中正里,592,480031,11344,15789,364173,25369,12332,1556,965,42869,87,4066,0,1480,299063,414922,279
,錦榮里,325,247465,6649,3597,191894,17527,3860,401,190,18597,1781,1929,312,728,152049,208091,810
,本堂里,1799,1518492,37361,33265,1083669,122577,32318,7859,1043,179561,578,11965,466,7830,879577,1314519,2372
,坑口里,800,572512,12248,16043,422492,35124,10718,2084,713,63944,1701,4260,224,2960,321411,472391,600
,北柳里,1086,821335,30778,6788,598631,29742,13459,2122,1091,118777,60,6237,175,13473,459893,682597,902
,南柳里,485,322570,13845,3227,246558,12226,10224,1007,176,32441,0,1313,0,1553,185837,262139,89
,四德里,613,475530,15578,5964,308542,18270,8602,1782,691,99140,31,16456,0,473,232526,399514,314
,五福里,741,497212,26585,6581,341853,19998,12097,1974,402,70804,128,7607,0,9182,252357,408111,271
,萬豐里,687,477934,15401,3450,392853,19383,5070,734,281,28472,0,10729,233,1326,309656,394737,843
,舊正里,527,369004,6661,4089,293990,15466,3303,133,198,42024,0,2604,139,397,223697,298712,536
,峰谷里,261,161792,3796,2350,134916,5124,3635,178,43,8938,0,2080,0,733,99077,128579,64
,六股里,637,403409,13761,3081,322845,18029,3053,210,461,36920,0,3730,0,1319,243699,324262,72
,丁臺里,604,437561,24191,7305,305331,12087,4588,424,329,78987,0,2321,17,1982,229266,361496,382
,北勢里,511,350694,16242,3385,266029,11714,8257,798,233,38771,170,1770,0,3325,198449,283115,20
,南勢里,308,199870,10544,5473,141105,6534,2805,144,98,32159,20,500,0,488,100724,160596,3
,萊園里,261,189792,3101,2962,141179,9753,6324,333,173,20366,0,4764,0,838,110527,159582,70
,其　他,0,0,0,0,0,0,0,0,0,0,0,0,0,0,0,0,0
,合　計,15192,11150343,359174,185153,8222077,545379,226912,28587,9719,1396757,5932,107626,2843,60185,6365654,9300299,12574
太平區,太平里,1850,1448581,76076,21652,759338,62525,83857,1734,696,430844,13,8711,0,3134,552480,1241723,143
,中平里,1157,840454,28923,23553,611645,28324,11052,1829,426,123993,25,5957,1825,2904,468026,696835,2956
,東平里,1147,885456,43420,9068,592603,25127,11656,2912,558,171828,0,26138,0,2145,447436,740582,149
,坪林里,856,613957,15962,12207,490985,38957,5861,1095,387,38596,78,7881,73,1876,389672,512656,562
,新光里,1929,1416798,51958,20571,1074455,61941,36223,2547,971,150071,1090,9726,14,7231,845368,1187711,739
,頭汴里,408,246223,13689,2953,175172,7281,2311,270,233,33779,0,5466,225,4844,129018,200333,539
,東汴里,183,94429,3007,927,73284,3652,4155,234,20,7681,0,857,53,560,51957,73102,258
,興隆里,739,446089,18916,6597,332548,13223,9896,1624,328,49836,0,12112,0,1010,243843,358424,117
,光隆里,794,506453,24057,10022,361809,18906,18271,1792,397,65303,14,2442,0,3441,267699,412343,106
,黃竹里,103,63995,5523,109,43424,3929,1516,361,28,8234,0,431,0,441,31604,52175,0
,中興里,1167,863851,50580,21650,492855,41892,44055,2175,455,199909,962,3487,0,5830,360432,731788,142
,建國里,808,570803,28290,4868,414545,17870,6810,620,441,88899,1846,5082,0,1533,309967,467024,64
,光華里,1362,954375,28103,15787,734505,46120,7528,1022,728,96193,0,22206,0,2185,571219,791090,272
,中山里,792,540794,14996,8461,442309,26131,4552,691,360,32816,0,6980,23,3476,346405,444891,485
,宜欣里,1768,1153815,58888,18668,844682,48957,20441,5319,1068,146820,141,6801,0,2030,639071,948203,537
,新坪里,1964,1505906,34291,35034,1203515,47683,16112,8200,1771,135149,3094,13054,606,7396,953128,1255518,2562
,新福里,1573,1279227,34109,30341,962645,61336,30656,6446,687,136334,66,11067,200,5339,770805,1087246,1896
,長億里,1695,1185099,54130,19878,909144,37497,8802,4245,582,135830,1756,10044,39,3150,696012,971967,439
,德隆里,1286,909325,49879,4440,595472,26322,11770,594,501,213588,158,6206,0,395,433120,747360,214
,永成里,1807,1247157,45883,22358,943441,41951,17009,2586,1435,158696,147,10673,0,2978,717166,1020636,305
,中政里,962,663338,15888,12584,513414,32654,18831,1933,377,57194,1242,6318,0,2903,396533,546457,55
"表166-B(103年度)各類所得金額各縣市鄉鎮村里統計表-縣市別：臺 中 市,單位：金額(千元)",,,,,,,,,,,,,,,,,,
鄉鎮市區,村里,納稅單位,合　　計,營利所得,執行業務所得,薪資所得,利息所得,租賃及權利金,財產交易所得,機會中獎所得,股利所得,退職所得,其他所得,稿費所得,申報大於歸戶,薪資淨所得,按薪資淨所得計算之綜合所得,稿費收入
,平安里,636,377072,21907,5902,283879,15061,5204,350,325,39873,0,4217,0,355,208722,301915,164
,永平里,1142,881151,23358,19979,626731,31276,17770,1550,763,151278,0,6866,0,1582,485475,740307,150
,建興里,726,478810,26081,2789,324474,12339,7568,559,355,101964,0,2324,0,357,235118,389454,16
,成功里,934,638048,21248,17702,441801,20511,18186,1858,355,107288,0,7618,0,1480,329239,525486,197
,東和里,700,457728,19332,3154,348658,17542,10654,665,357,51607,24,4960,5,770,264546,373616,431
,宜佳里,1577,1126856,47803,24035,878149,47792,10678,3920,876,97283,448,13486,448,1938,685254,933836,1229
,宜昌里,986,675910,24626,14762,514383,25660,13550,1162,602,69982,1185,5703,0,4295,397767,561258,231
,豐年里,1202,886695,15923,26480,697382,40983,9532,1873,417,83126,963,7108,242,2665,554129,743442,1412
,大興里,632,452474,10841,11092,354701,20232,7373,1183,654,37597,313,4383,0,4106,276568,374342,492
,勤益里,639,461186,9223,5210,369045,28439,5933,1915,498,34027,1417,4080,0,1401,293189,385554,342
,光明里,1002,877886,10111,15480,743134,30447,4092,11004,467,54068,248,7560,56,1220,615624,750683,730
,新吉里,1451,1087363,19782,19384,861800,42733,16735,3166,780,74609,25486,9989,0,12901,681805,907368,663
,新城里,1299,958988,19140,31926,784969,32833,8429,3462,1044,58733,505,12597,0,5349,622291,796321,378
,新興里,1335,1181142,18580,24509,956578,39832,18112,9924,935,88949,868,12593,0,10261,780168,1004733,563
,新高里,1440,1369205,29906,30192,971002,48443,15103,5969,1409,245002,128,15719,250,6084,793125,1191328,1049
,聖和里,355,269524,8480,1132,183433,8727,3777,6233,162,53802,114,3426,0,238,141603,228571,98
,福隆里,918,598004,30006,10711,464765,27345,10487,1093,665,42385,708,8763,2,1072,357218,490457,764
,永隆里,646,389589,14644,6615,294156,14446,7576,1371,492,45996,65,3101,311,817,215137,310526,718
,其　他,0,0,0,0,0,0,0,0,0,0,0,0,0,0,0,0,0
,合　計,41970,30603756,1067559,572780,22670831,1196919,562120,105485,23606,3919161,43104,316128,4372,121690,17557942,25497260,22168
大里區,大里里,954,671034,33210,6655,471458,29283,17326,1017,808,101766,19,5021,0,4471,357106,556683,283
,新里里,2759,2518991,69442,53791,1808668,114337,55431,3802,2223,376221,7213,17837,126,9900,1459396,2169715,2606
,樹王里,990,736051,32563,12048,502941,30130,29301,1163,652,120785,427,3051,0,2990,382848,615958,363
,祥興里,2090,1539328,37999,21124,1146678,68077,19555,2582,1265,221770,1212,13925,56,5086,898251,1290911,819
,內新里,2495,1949175,35786,38610,1500038,79300,30355,7033,1730,227755,2114,19237,40,7178,1194370,1643480,2816
,東昇里,973,761388,16481,10770,579670,39564,14146,1689,742,87488,893,6136,0,3808,460332,642050,199
,大元里,1388,1008423,44539,17316,637576,48040,41314,1616,1034,203029,74,9027,0,4857,478376,849223,123
,仁化里,2530,1838473,60826,20771,1323082,48629,27348,2493,1872,327978,205,19330,0,5937,998410,1514229,321
,健民里,1118,711409,33437,8717,526436,21794,11445,1660,1181,98841,0,5231,67,2600,391606,577518,732
,塗城里,2272,1416560,46346,15821,1140977,46003,11134,4954,1464,129049,1146,15005,500,4160,855879,1131762,1383
,東湖里,2846,2026826,64002,29583,1612478,75801,29259,4440,3122,179927,4553,18459,16,5185,1250024,1664369,1452
,西湖里,837,611683,37179,5474,404850,18721,39786,646,493,92442,0,8418,294,3379,305407,512240,877
,夏田里,274,194594,12609,2999,133440,8843,7523,1067,336,25608,0,1406,0,765,103390,164545,0
,東興里,2283,1790363,34001,37261,1344881,96786,47236,1485,1641,201115,4716,12827,0,8414,1071738,1517219,1163
,日新里,1096,812276,19309,20921,640793,31051,8886,1472,705,77433,1037,7753,0,2917,506881,678364,200
,西榮里,1698,1275787,24466,36120,959790,59280,26590,4158,1368,149036,202,10382,63,4333,759929,1075890,656
,金城里,2694,1833326,44800,37117,1465618,70939,28925,4035,1373,150858,44,20496,778,8342,1132780,1500935,2762
,立仁里,1422,923948,36330,15368,705607,32447,12235,4261,610,104079,0,11751,0,1261,529914,748684,629
,新仁里,2122,1443107,47798,24031,1078944,54087,18449,4336,1455,190383,21,21839,0,1765,816557,1180721,884
"表166-B(103年度)各類所得金額各縣市鄉鎮村里統計表-縣市別：臺 中 市,單位：金額(千元)",,,,,,,,,,,,,,,,,,
鄉鎮市區,村里,納稅單位,合　　計,營利所得,執行業務所得,薪資所得,利息所得,租賃及權利金,財產交易所得,機會中獎所得,股利所得,退職所得,其他所得,稿費所得,申報大於歸戶,薪資淨所得,按薪資淨所得計算之綜合所得,稿費收入
,瑞城里,3469,2476678,72750,37978,1905266,87524,46987,6711,1869,278725,514,30594,241,7520,1469313,2040725,1263
,中新里,1539,1278128,33936,30200,978616,55837,18935,3666,1419,139667,2038,9804,121,3887,780349,1079861,813
,仁德里,1894,1315340,58663,16608,955211,54041,35999,2037,1157,170443,60,13940,0,7182,726106,1086699,568
,立德里,2266,1643041,63534,20469,1272832,47034,14896,4133,1512,193676,1906,18099,0,4950,981352,1351561,898
,國光里,1884,1935521,49028,43543,1213408,82293,52064,2375,1433,468272,426,13818,240,8620,977796,1699865,1658
,大明里,1264,926234,22399,14719,734323,41004,17774,1248,746,80542,982,6067,0,6429,580522,772433,676
,永隆里,3066,3361881,83069,83656,2348844,153349,74477,7886,3224,551740,485,24464,1070,29619,1944069,2956702,5869
,長榮里,2745,2379800,60784,69784,1746953,120339,42722,5789,5214,291276,1674,18614,281,16371,1407716,2040455,3136
,其　他,4,1833,52,39,821,839,68,0,0,0,0,13,0,0,520,1532,0
,合　計,50972,39381200,1175339,731493,29140199,1615373,780165,87753,40648,5239906,31961,362544,3893,171926,22820938,33064331,33148
和平區,中坑里,83,48991,4623,40,37049,2533,552,328,31,3595,0,239,0,1,28376,40317,13
,自由里,137,94407,2402,649,83902,3534,462,18,134,2658,0,612,0,36,66183,76688,11
,平等里,113,69306,1777,1822,60591,1650,1114,0,144,1851,0,355,0,0,47811,56830,0
,南勢里,371,262296,7537,7403,213180,10461,2940,176,306,17616,124,1737,0,815,167405,216234,121
,博愛里,327,261792,5209,3689,181038,9810,5708,1022,147,53648,378,834,0,309,141755,222509,162
,梨山里,226,141221,2455,1292,113939,5616,3111,562,399,11015,0,405,0,2427,87794,115080,13
,天輪里,93,63824,1180,822,52872,2301,1137,48,110,3701,0,1605,0,48,41373,52326,90
,達觀里,124,95065,784,1613,78591,3587,1710,41,88,3592,0,4031,0,1029,62816,79290,19
,其　他,0,0,0,0,0,0,0,0,0,0,0,0,0,0,0,0,0
,合　計,1474,1036902,25967,17331,821162,39491,16735,2195,1360,97677,502,9818,0,4664,643513,859274,429
其　他,其　他,73,69370,2952,3511,47245,2072,5149,699,30,5927,0,1192,0,594,39507,61633,64
,合　計,73,69370,2952,3511,47245,2072,5149,699,30,5927,0,1192,0,594,39507,61633,64
