"表166-D(103年度)各類所得金額各縣市鄉鎮村里統計表-縣市別：臺 南 市,單位：金額(千元)",1,2,3,4,5,6,7,8,9,10,11,12,13,14,15,16,17,18
鄉鎮市區,村里,納稅單位,合　　計,營利所得,執行業務所得,薪資所得,利息所得,租賃及權利金,財產交易所得,機會中獎所得,股利所得,退職所得,其他所得,稿費所得,申報大於歸戶,薪資淨所得,按薪資淨所得計算之綜合所得,稿費收入
東　區,路東里,545,636376,21036,12917,381091,30198,9455,1264,1566,172690,10,5110,9,1030,318152,573437,896
,大福里,549,759577,5236,11826,278894,27214,5840,1803,570,424378,0,3579,0,237,219932,700615,108
,東安里,455,403124,7062,12326,279611,27091,6566,859,704,61070,90,6599,80,1063,229415,352919,710
,德高里,832,693853,19704,10055,569467,26671,12028,1486,870,45577,1236,5955,0,804,465710,590096,502
,小東里,1453,1522868,25466,47761,1135264,102881,18190,4041,922,169656,107,15035,443,3102,963116,1350677,4448
,後甲里,871,664730,23869,17053,524035,30594,10982,416,565,49774,90,6546,0,806,422191,562886,671
,關聖里,1547,2706337,42747,71765,1643071,97890,31732,9244,2184,776548,884,26129,252,3890,1434656,2497907,4923
,圍下里,720,776985,10692,29632,519592,53232,21858,2373,503,127556,318,8004,219,3006,445618,703035,1968
,虎尾里,1584,1472643,26364,27943,1162321,64262,15646,3599,1402,149946,289,20015,49,806,965269,1275732,2255
,中西里,1161,1538765,17444,66920,943623,97580,32892,2157,957,342194,1909,16010,944,16135,814592,1409492,6729
,泉南里,1649,1768433,25760,95450,1254671,108413,33749,5650,1288,221427,2562,13238,1185,5040,1069378,1583093,5459
,龍山里,1758,3494779,33455,73563,1618030,119156,53334,6202,1921,1567044,1268,16630,717,3458,1413141,3290440,6409
,忠孝里,1452,1472587,38651,27264,1044784,91011,23815,2058,1477,226131,4716,8995,287,3399,872078,1299838,2310
,崇誨里,793,572543,7477,14765,434903,55600,8109,897,540,42683,916,5117,249,1286,351490,489115,1105
,大學里,515,703611,5161,16285,489915,68790,18402,1853,474,93351,159,3003,857,5361,433351,646914,6202
,大德里,446,311701,3060,5025,233919,22797,3760,276,290,38929,15,3455,0,177,187268,265050,159
,東光里,1849,2753411,29414,114095,1677692,161710,41210,3923,1610,675219,2739,27017,950,17832,1459823,2537097,7321
,大智里,2109,1799879,28172,35313,1494598,84959,12174,4963,1720,115898,1006,18633,102,2342,1219667,1524949,1949
,新東里,899,929167,14087,35631,672459,67340,11163,1403,1150,111653,1606,8175,1413,3089,569337,826006,4023
,仁和里,1348,1018307,27117,19829,858973,37986,4985,1583,1355,56701,180,8654,145,798,688471,847809,979
,富強里,1513,1433249,15296,31094,1088300,62173,21919,3706,1879,190527,3911,12169,566,1710,908230,1253062,3472
,衛國里,466,485844,4864,6348,340286,20219,1739,350,627,107730,1011,2248,66,355,285716,431274,931
,自強里,1779,1917177,40162,64466,1292870,83656,33758,3061,1818,374511,868,16916,0,5093,1078924,1703232,2304
,崇善里,1688,1711040,36735,41315,1357116,69080,24317,2738,1760,144239,2901,22929,261,7648,1144553,1498460,2435
,崇學里,1041,1179620,12965,81765,723359,69768,25515,3072,1785,242416,1990,9617,6,7361,609206,1065576,1564
,崇明里,1466,1887164,21698,61474,1273060,96663,26558,4040,1059,356617,1622,38792,154,5425,1097532,1709513,3234
,裕農里,983,958480,18029,24592,671969,53459,19930,1112,708,156171,1121,10419,383,585,558091,844602,2069
,莊敬里,1357,1505141,20781,51469,1096366,86862,12147,2334,1782,207779,164,16604,761,8091,935260,1344033,4369
,和平里,1640,1861670,27303,61097,1410524,69993,26157,7388,1529,238165,914,16374,289,1937,1199729,1650838,3045
,富裕里,693,663621,10649,15487,436704,35169,8082,4520,709,145117,877,5902,89,317,356076,582945,1494
,東明里,1167,1307723,17011,35938,886571,94366,17733,3136,758,238274,2125,10728,204,880,756807,1177960,2731
,崇德里,1657,1655142,30248,43559,1142221,98539,30367,6894,1894,281625,2020,14907,173,2696,949341,1462247,1634
,東智里,682,524792,8180,7340,433997,27392,3927,382,637,35083,416,6733,0,706,349426,440299,321
,東聖里,718,564193,13638,5078,439784,27408,11762,658,544,47170,2,5172,0,12977,356333,480742,642
,崇成里,1019,1063010,16032,33999,760873,53894,32402,2387,1112,150688,1279,9019,50,1275,634568,936855,1428
,東門里,665,910256,10576,15464,428075,50465,20131,2261,451,374043,0,3882,639,4269,361111,843254,2683
,成大里,630,615391,11614,13895,449443,50734,14402,1683,337,65561,101,5937,0,1683,382347,548333,421
,大同里,852,731666,15948,14815,527249,47607,6367,946,5562,104933,547,6997,2,693,435999,640416,1050
,德光里,1495,1852005,27706,75582,1224770,103603,31577,5716,1078,361450,319,16568,1661,1974,1048915,1675818,6756
"表166-D(103年度)各類所得金額各縣市鄉鎮村里統計表-縣市別：臺 南 市,單位：金額(千元)",,,,,,,,,,,,,,,,,,
鄉鎮市區,村里,納稅單位,合　　計,營利所得,執行業務所得,薪資所得,利息所得,租賃及權利金,財產交易所得,機會中獎所得,股利所得,退職所得,其他所得,稿費所得,申報大於歸戶,薪資淨所得,按薪資淨所得計算之綜合所得,稿費收入
,崇信里,1289,1179125,35332,39622,868423,64515,35161,2413,1277,119995,171,10341,37,1837,717911,1035022,1923
,崇文里,2020,2018301,34132,58233,1509976,107111,20225,4218,1753,243639,7073,28577,1236,2128,1255629,1763818,4433
,復興里,1073,901135,16630,25844,731006,37518,8458,1501,901,67074,1005,9032,127,2039,598571,768700,900
,裕聖里,1616,2220611,32108,51692,1768885,96671,18271,3994,2677,216331,1137,22918,596,5331,1535293,1987019,5005
,文聖里,1502,2162630,34032,66635,1631375,81607,19420,8042,2215,270701,728,37388,778,9709,1420116,1951232,5012
,南聖里,865,1233159,15511,15765,932870,42143,11323,2607,866,180017,521,28294,351,2890,817509,1117798,2241
,其　他,1,420,0,0,0,0,420,0,0,0,0,0,0,0,0,420,0
,合　計,52412,58542243,939155,1687990,40642986,3005989,857958,135209,57786,10388282,52925,594362,16332,163270,34335848,52240574,121228
南　區,竹溪里,632,787317,16549,22276,483064,51151,13125,1166,382,188055,136,10155,385,873,413566,717809,1629
,新昌里,676,485663,9268,19499,367573,28631,14486,694,787,39734,38,3886,411,657,296492,414743,1507
,田寮里,1002,767575,20394,32261,557902,54813,9557,977,677,78452,0,9929,514,2099,447274,656947,1636
,荔宅里,43,48581,1213,49,40338,1445,787,1688,48,2766,0,248,0,0,34914,43158,113
,明亮里,989,681449,15749,9756,552322,25981,6806,1218,661,59951,1449,6852,11,692,435569,564691,600
,日新里,552,405432,12539,18351,267107,18975,6126,852,226,77749,0,2666,204,636,207170,345495,574
,光明里,1102,725944,10308,7105,607371,22657,8200,667,944,62264,14,6204,0,212,474615,593188,719
,白雪里,453,292861,17415,3991,228594,11544,2426,121,310,24768,0,2981,0,711,177816,242083,70
,喜東里,588,444885,26670,3569,334909,12729,3616,451,516,54835,300,7276,0,14,261686,371662,189
,喜南里,248,156044,3375,2178,130520,4615,216,122,94,12885,86,1641,0,312,102206,127730,149
,喜北里,477,287607,12191,1990,247846,9108,700,760,316,12194,0,2502,0,0,188722,228482,326
,省躬里,687,432589,13341,3492,356223,13616,5591,1713,365,31478,245,2358,0,4167,273824,350190,446
,佛壇里,604,407938,9878,5077,334449,11767,3262,225,592,36653,16,4855,0,1164,260008,333521,79
,同安里,542,354847,15433,6584,272646,15690,2029,735,419,36844,0,4085,0,380,207698,289898,284
,興農里,514,314006,14394,7212,254278,8925,2512,1298,151,21763,0,3209,173,90,195893,255620,647
,明德里,143,123899,2542,6373,98154,8151,515,949,92,4670,0,1817,0,637,81005,106750,83
,廣州里,716,591819,14297,32858,393076,34264,19846,3984,643,87110,382,3622,0,1737,319408,518151,497
,新興里,893,766326,22348,27161,509076,46642,18103,1635,677,119795,1990,8630,0,10269,413149,668917,519
,大成里,270,214941,13081,4712,138437,19092,5640,1589,218,30396,0,1238,0,539,111975,188479,144
,國宅里,778,566239,10801,18287,447157,30042,4039,674,516,47970,1111,3890,0,1751,358329,477412,240
,新生里,951,634292,9135,17358,527469,39135,3047,1966,737,26312,1416,7207,0,509,425241,532064,583
,大林里,753,767828,11021,16953,561351,54345,15655,715,500,96371,459,9007,163,1287,475856,682333,2517
,大忠里,1301,925794,24440,11681,715147,53143,17918,1358,774,92113,785,7306,0,1129,574745,785687,553
,大恩里,1082,831739,16567,13046,648525,49107,7180,465,1278,82245,3316,9176,0,834,522608,705822,559
,明興里,924,614911,28079,13195,483754,24617,6761,747,593,50010,236,4124,533,2264,376850,508008,1208
,文華里,1055,866991,18339,19684,549601,42642,11431,1324,971,210799,432,9889,161,1719,435882,753293,1745
,再興里,723,767556,14488,12285,391736,39140,19889,615,473,282074,1171,4334,20,1332,317818,693638,825
,金華里,1530,1241527,39257,41693,837055,74376,29633,1673,1196,203334,378,9171,7,3753,670985,1075457,756
,南都里,583,376232,6895,4594,313528,11855,2089,864,453,31545,638,3762,0,9,241272,303976,79
,開南里,1548,936272,20022,8319,823962,22637,2110,1519,773,44890,21,9997,577,1446,634050,746359,1547
,彰南里,594,810391,21572,2402,311336,31242,20718,2511,337,415413,50,1699,0,3112,246506,745562,276
"表166-D(103年度)各類所得金額各縣市鄉鎮村里統計表-縣市別：臺 南 市,單位：金額(千元)",,,,,,,,,,,,,,,,,,
鄉鎮市區,村里,納稅單位,合　　計,營利所得,執行業務所得,薪資所得,利息所得,租賃及權利金,財產交易所得,機會中獎所得,股利所得,退職所得,其他所得,稿費所得,申報大於歸戶,薪資淨所得,按薪資淨所得計算之綜合所得,稿費收入
,建南里,1511,1060823,46991,17489,832326,37393,11563,1820,1234,97162,544,9948,0,4353,654040,882537,460
,郡南里,1046,688358,27443,11086,536020,35441,6631,1150,1019,60882,1422,5891,0,1373,414082,566420,125
,府南里,1433,1074515,25061,14418,869338,54133,9358,1989,1101,85757,1470,8573,37,3281,696541,901718,818
,文南里,1739,1595645,45178,32550,1049050,85295,44716,3535,1779,314180,3274,11230,1128,3730,851104,1397671,3053
,鯤鯓里,349,207217,7443,2371,169506,7926,1212,443,280,15381,0,2553,0,103,129867,167578,67
,松安里,386,237664,6788,3734,197522,6781,2010,1179,152,14673,0,4184,0,642,150309,190451,17
,永寧里,379,216513,7111,4723,172166,7340,2332,394,675,18770,0,2169,0,835,129449,173796,18
,南華里,650,389282,8071,9742,337155,10891,1115,825,446,17675,13,2885,0,463,260580,312706,82
,其　他,0,0,0,0,0,0,0,0,0,0,0,0,0,0,0,0,0
,合　計,30446,23099511,645685,490100,16947589,1117276,342950,46610,23406,3189917,21391,211150,4322,59114,13469103,19620003,25740
北　區,振興里,560,509122,7209,14618,377111,42083,9319,2015,808,50166,478,3749,0,1564,315781,447792,954
,新勝里,536,369154,6748,8290,278466,32214,5546,766,218,32770,117,3307,381,330,223949,314636,1262
,開元里,661,474710,11197,5508,350176,25907,3832,322,285,71523,1100,4474,0,387,277601,402135,472
,大道里,539,373123,5207,8758,310593,23239,1451,2078,333,17523,0,3209,85,645,246318,308847,432
,大山里,95,56063,807,64,46997,2301,113,1,166,4565,0,905,0,145,36266,45332,0
,和順里,2504,2999365,68233,103856,1950454,148747,55749,6286,2458,625152,3560,27166,876,6829,1658505,2707267,5992
,興北里,388,275896,13352,7153,194047,22119,4301,431,411,29360,2021,2298,0,403,151575,233425,252
,興南里,507,459118,6335,13417,341962,22757,8776,1295,314,59209,198,3999,0,856,282925,400081,573
,六甲里,682,508705,16724,5054,396676,26222,4894,1384,874,51996,1211,3309,0,361,318416,430445,146
,安民里,323,251167,7180,8329,173279,12738,7048,457,215,37586,1371,1641,4,1320,138202,216090,281
,成功里,1557,1746880,61572,43797,1130712,71676,24596,3489,1000,389540,74,15363,379,4680,938905,1555172,2441
,文元里,2098,2235711,58269,46717,1696419,80909,34985,6365,2030,278075,5162,25284,168,1329,1425266,1964558,1961
,大港里,1632,1256530,42722,19632,1002030,47327,11309,2003,1778,109647,6894,11585,525,1079,806472,1060635,2013
,大仁里,231,157705,2447,7262,118186,10237,853,370,293,11804,0,4821,533,899,95173,134691,997
,國姓里,409,340238,12513,7974,204235,18410,8278,1211,247,78550,58,8366,0,395,159871,295874,310
,實踐里,597,441215,6198,8638,363068,20992,2987,1173,422,31531,441,5721,0,44,291310,369457,293
,延平里,414,269347,7479,3357,206394,21870,3147,432,256,23932,67,1709,96,609,163489,226346,427
,光武里,372,265078,4907,2872,213606,16047,1957,392,283,20963,172,3307,27,545,171404,222877,378
,勝安里,310,309699,2076,6493,198314,14259,3070,2153,168,80398,16,2013,104,634,165002,276388,492
,東興里,672,900003,13480,27435,642980,45643,12683,918,728,145340,285,5563,938,4010,560358,817360,4851
,力行里,793,698310,9443,6333,576718,42605,4361,762,395,49105,2255,5833,158,342,480289,601865,1423
,裕民里,387,367329,15042,13248,243809,19295,8902,627,288,64146,0,1428,4,539,201334,324854,580
,仁愛里,667,783802,21431,12333,561290,51471,10264,924,335,107744,7723,7979,440,1869,486980,709475,3758
,正覺里,848,741973,27462,12645,443085,38949,22328,1649,722,184644,2984,4830,0,2676,353870,652758,393
,正風里,388,276633,20006,5966,176666,12205,7230,227,163,51131,0,2498,483,59,136426,236299,1178
,小康里,602,414504,21066,5530,318291,18569,3833,448,828,42202,188,3426,0,123,248833,345047,164
,華興里,653,580502,13131,9468,389192,31521,6143,873,675,121609,455,6518,0,918,319912,511223,1149
,大豐里,1282,1078295,30783,24103,767632,44781,15762,3113,1078,171869,0,16369,2239,567,621054,931511,4782
,重興里,722,854451,11747,22758,630769,48839,11273,685,1102,115282,1467,4748,286,5495,544670,768473,3831
"表166-D(103年度)各類所得金額各縣市鄉鎮村里統計表-縣市別：臺 南 市,單位：金額(千元)",,,,,,,,,,,,,,,,,,
鄉鎮市區,村里,納稅單位,合　　計,營利所得,執行業務所得,薪資所得,利息所得,租賃及權利金,財產交易所得,機會中獎所得,股利所得,退職所得,其他所得,稿費所得,申報大於歸戶,薪資淨所得,按薪資淨所得計算之綜合所得,稿費收入
,國興里,557,525416,7337,20186,387744,31152,6858,2085,548,62944,2,5714,427,419,324073,462307,1964
,長榮里,723,543897,6395,12185,443319,38339,3004,1667,563,33652,106,4524,0,142,361709,462287,835
,中樓里,500,514811,7045,11069,322885,27460,7179,1314,311,133615,0,3975,0,-43,268381,460356,487
,公園里,562,498863,8865,17945,338834,49956,9090,1254,416,63277,841,5994,277,2113,283487,443516,1654
,玉皇里,443,418485,15225,13757,238804,22816,5700,743,405,118340,0,4096,0,-1401,191984,371665,192
,長德里,359,271518,6833,7397,202450,11073,4581,153,382,35502,0,2242,0,905,162759,231828,256
,三德里,313,239794,10333,4699,173345,14029,3886,5075,300,23062,801,3981,4,279,141644,208089,381
,五福里,307,211344,4860,9678,150538,11629,6080,350,223,25894,10,1686,300,97,121134,181827,1065
,元寶里,1057,989895,8590,23091,861570,32179,4815,2166,959,46137,286,9889,95,119,730490,858815,1925
,永祥里,800,517069,10532,6055,417416,35325,3841,2173,376,32733,0,7250,0,1368,325482,425135,642
,成德里,4314,5618638,127878,137043,4039662,238233,89245,13229,5304,892113,2528,64807,504,8091,3473414,5051036,7770
,文成里,1124,1263183,29733,36394,823675,59376,30930,3300,2496,259058,4513,12145,540,1022,686867,1126376,1597
,大和里,1164,886499,44768,14834,663149,38884,18541,1801,1076,94489,0,7706,126,1125,530211,753436,720
,賢北里,1220,1372708,22649,29073,861896,63455,26000,3294,1073,347984,672,12790,232,3591,714179,1224991,2283
,其　他,0,0,0,0,0,0,0,0,0,0,0,0,0,0,0,0,0
,合　計,34872,33866750,835809,805016,24228445,1687836,514740,81455,33303,5226160,48057,338218,10232,57479,20135972,29772578,63555
安南區,󻕯南里,1234,886362,46652,8991,707213,23589,10233,1912,1399,74381,6,11543,0,442,551588,730736,71
,東和里,825,1064881,34098,11819,776627,22829,11678,4167,467,190754,1732,10426,0,283,662492,950746,250
,州北里,1328,1032813,36598,14905,830844,41601,17228,950,916,77785,38,10460,0,1487,658194,860162,731
,州南里,1358,935161,45796,20673,708716,38124,27031,2547,576,75867,180,13917,162,1572,544361,770806,831
,安順里,1442,1206167,53271,13464,881218,35313,25012,4468,1306,177332,130,13033,546,1074,696288,1021238,1188
,新順里,1994,1656321,77411,19702,1208202,63147,35805,3733,1296,228312,66,16955,459,1233,956589,1404707,1752
,安東里,786,530771,18992,10505,414158,22951,8216,4201,609,45629,0,5045,0,467,320079,436693,253
,安西里,978,811336,34939,11980,618857,28052,12634,7639,960,88636,397,6073,634,534,496643,689122,1519
,安慶里,1817,1368734,54104,15455,1046714,45661,18708,1397,1271,170960,0,13722,0,742,824955,1146975,418
,頂安里,1405,1207121,49517,10233,914645,30648,19050,2691,1410,164184,0,11563,200,2981,729225,1021583,1272
,原佃里,555,470079,20285,3983,348285,16478,12538,408,301,60634,0,6700,0,468,277898,397936,259
,總頭里,396,300459,13249,1876,204691,14229,15594,542,325,47385,0,2409,0,158,157974,253763,192
,長安里,1132,728767,28543,4959,612971,20562,7099,933,841,43389,0,8858,124,488,473081,588751,443
,公親里,266,181600,5011,468,149955,4791,1521,263,164,18122,0,1147,0,157,114109,145754,16
,海東里,1510,1165232,42890,11404,933191,30591,13142,2376,1023,118432,585,10217,0,1381,745151,977192,671
,海西里,565,370280,17399,4380,289409,9028,7454,1227,862,33879,0,5036,0,1606,221219,302090,15
,海南里,522,323528,19525,5834,251605,8435,5331,893,335,28087,0,2047,0,1435,192611,264534,85
,溪心里,1903,1528123,69069,30496,1177081,48666,18834,4085,1279,157465,361,16781,0,4004,939621,1290663,613
,淵東里,1204,925280,38418,17469,728127,26211,9657,1699,918,90474,402,10314,0,1592,575651,772804,450
,淵中里,825,597351,26217,12984,480350,23164,7644,1309,832,37415,65,5857,0,1513,379424,496424,188
,淵西里,713,460854,21003,5008,376575,13119,4132,991,679,33989,366,4837,0,156,289132,373411,239
,佃東里,783,489595,19550,5065,418682,12116,3229,519,822,23894,0,5191,0,527,322676,393589,91
,佃西里,419,290555,18836,4962,221563,8733,3402,1471,290,28508,100,1804,0,885,170126,239117,67
"表166-D(103年度)各類所得金額各縣市鄉鎮村里統計表-縣市別：臺 南 市,單位：金額(千元)",,,,,,,,,,,,,,,,,,
鄉鎮市區,村里,納稅單位,合　　計,營利所得,執行業務所得,薪資所得,利息所得,租賃及權利金,財產交易所得,機會中獎所得,股利所得,退職所得,其他所得,稿費所得,申報大於歸戶,薪資淨所得,按薪資淨所得計算之綜合所得,稿費收入
,公󻕯里,187,116553,4390,845,99413,3209,1026,83,89,5959,0,1539,0,0,77178,94317,157
,南興里,350,220240,18030,5415,167411,7003,1290,47,192,18627,0,1952,0,273,128333,181162,14
,學東里,435,274166,9102,3585,223065,8476,2207,248,728,19631,112,6885,0,127,169604,220706,193
,城東里,257,153459,9106,5666,119205,5929,767,492,151,8087,0,3801,0,255,89821,124075,8
,城西里,275,180808,5009,534,137783,4788,4194,352,226,17970,0,9799,0,153,104914,147939,27
,城南里,586,374447,18639,9304,297139,8824,3115,551,306,28811,0,7624,0,133,229402,306935,22
,城北里,295,188478,8644,3501,144637,5768,1755,319,128,19648,0,4010,0,68,108750,152591,33
,城中里,226,137039,5622,1682,106785,6859,1197,128,67,9900,130,4388,0,280,82229,112482,6
,砂崙里,255,154994,6422,1219,126429,3352,2104,150,117,11330,0,3848,0,23,96711,125276,0
,青草里,222,136413,4311,2539,111369,3505,676,0,275,9855,0,3826,0,58,84688,109732,12
,四草里,328,229265,7780,2347,184210,8264,2332,365,186,19042,108,3699,146,787,145603,190532,580
,𥂁田里,383,346565,8212,4262,275391,10449,3894,1807,485,36002,0,6039,0,23,226300,297474,361
,顯宮里,345,239645,8630,2971,178893,7472,2014,365,559,15571,178,22773,0,218,138308,199060,101
,鹿耳里,187,112474,5481,562,87034,2887,923,169,143,12960,0,2315,0,0,65362,90800,40
,安和里,640,420400,24375,2708,333542,10673,4733,286,389,40356,0,2973,0,368,258616,345474,103
,溪北里,846,649568,27390,10399,489110,27713,7678,11026,574,69805,115,4858,33,867,385893,546350,690
,溪頂里,1332,1013355,35314,10849,832255,32880,7450,1274,1053,80409,187,9751,13,1917,661965,843065,473
,溪墘里,835,567318,21058,12973,441390,19906,14692,1419,357,49835,5,4912,0,772,341702,467630,206
,海佃里,1126,746184,30647,9274,584201,24684,10342,1902,832,77169,0,5805,0,1329,454980,616964,519
,幸福里,986,622350,24367,8408,513181,20259,6203,1569,864,40112,0,6757,0,629,393241,503874,316
,梅花里,1157,884230,30236,16004,679986,25438,8621,1790,1272,110491,186,9627,219,361,533814,738058,794
,鳳凰里,1236,881865,28881,13915,731444,21140,7479,3440,1359,66615,2,6948,99,542,571884,722305,608
,理想里,1365,1008973,42364,11390,771868,33978,18589,1920,1184,112233,9,13884,0,1554,608220,845325,336
,溪東里,1079,905393,29502,10466,659285,28771,5922,1323,1859,150081,664,7820,151,9549,524719,770757,1010
,布袋里,454,332553,25883,3409,234075,8819,8463,702,350,45328,0,4986,0,537,177804,276282,82
,國安里,665,508612,15643,4470,428455,13485,4092,1467,617,33796,44,6446,0,98,342612,422769,120
,安富里,1391,1019756,47571,9488,835508,33336,6223,974,954,74256,1544,9096,17,789,663663,847673,684
,大安里,913,552660,24894,8627,452267,17351,9646,618,520,31447,0,6684,0,606,342339,442730,33
,其　他,1,383,0,0,243,0,0,0,0,141,0,0,0,0,135,275,0
,合　計,42317,31509516,1318878,423425,24545256,993258,442798,85209,34717,3230980,7711,376980,2803,47500,19307874,26271408,19141
安平區,西門里,284,172845,6957,600,144524,9279,702,1057,445,8198,0,929,0,153,111898,140219,125
,金城里,499,575036,8721,10654,317219,17443,3903,1547,431,209931,50,5008,0,129,256914,514730,479
,石門里,533,370876,19789,6018,284773,15308,4782,1050,476,33493,0,4345,189,652,224430,310530,944
,漁光里,80,41897,779,1432,35219,983,790,7,46,2291,0,308,0,42,25816,32494,115
,建平里,1530,1741769,36036,69538,1032001,77033,31976,7345,1569,451741,1978,27279,360,4913,855678,1565390,2838
,怡平里,1261,1556264,29599,55990,967858,59881,22374,3331,1047,397485,243,15825,36,2596,816651,1405054,857
,華平里,1480,1232964,26773,52239,925488,53725,17289,3209,1070,134867,204,17186,1186,-273,750019,1057482,3109
,平通里,2052,2081150,48652,70182,1387313,65313,34517,13483,1363,429756,770,21278,409,8112,1129670,1823507,2531
,文平里,1630,1682469,41467,33137,1136793,79140,37484,7503,1203,325465,2635,12279,67,5297,942722,1488941,1766
"表166-D(103年度)各類所得金額各縣市鄉鎮村里統計表-縣市別：臺 南 市,單位：金額(千元)",,,,,,,,,,,,,,,,,,
鄉鎮市區,村里,納稅單位,合　　計,營利所得,執行業務所得,薪資所得,利息所得,租賃及權利金,財產交易所得,機會中獎所得,股利所得,退職所得,其他所得,稿費所得,申報大於歸戶,薪資淨所得,按薪資淨所得計算之綜合所得,稿費收入
,國平里,2141,2190546,38140,74055,1626888,92093,29839,7707,4194,291417,700,17852,283,7378,1363409,1927459,3652
,育平里,2213,2034287,43380,65002,1569456,65962,20741,7259,3464,230505,628,24121,677,3093,1295634,1760330,3668
,億載里,880,873821,48726,22196,617508,28668,17846,7798,718,121844,42,7538,0,939,512300,768613,980
,海頭里,337,223988,6985,3477,168994,9354,1855,281,207,30517,0,1000,272,1046,129111,184105,778
,港仔里,283,226108,24053,5933,160133,8554,1793,48,211,21268,389,3593,0,133,129650,195625,142
,平安里,1020,825726,23366,20274,582433,43081,13727,2609,675,128478,36,9000,283,1764,468653,711947,1077
,其　他,0,0,0,0,0,0,0,0,0,0,0,0,0,0,0,0,0
,合　計,16223,15829746,403423,490727,10956602,625818,239619,64236,17119,2817255,7674,167540,3761,35973,9012555,13886424,23063
中西區,銀同里,329,301961,4433,8107,192082,24111,5754,2471,197,61901,0,2420,0,483,157692,267607,107
,福安里,328,512290,11814,18298,173719,23376,19591,3046,368,247501,0,1718,0,12860,144542,483113,342
,赤崁里,449,786074,22812,27555,238009,34822,18704,1103,961,377370,0,2060,0,62678,198078,746143,211
,法華里,930,979355,13393,43005,687235,64232,14366,1785,1129,142646,185,9877,531,973,582877,874982,3519
,郡王里,524,1230130,9479,31984,361591,50918,21251,1290,325,745992,1738,4403,0,1158,307814,1176353,691
,開山里,552,470700,6931,19523,291305,31206,10299,555,385,105782,0,3200,248,1267,235226,414373,867
,五妃里,634,637456,8203,13030,394838,60847,18550,1358,273,132577,803,6166,0,811,332795,575413,605
,大南里,457,661686,82827,22784,263800,48931,9866,364,246,227226,0,4984,249,410,219592,617475,1061
,小西里,213,174994,2925,7662,114316,6674,8995,93,157,32180,0,1824,0,167,92321,153001,234
,仙草里,769,639309,14331,18755,480955,43221,10701,1411,839,60696,18,7521,14,847,399276,557630,1038
,公正里,528,520262,9036,15892,315104,43593,25971,4226,370,89832,5174,4999,0,6066,265660,470818,588
,進學里,428,502570,7584,16451,305947,41360,19026,583,1143,105810,933,2812,0,921,264289,460912,630
,建國里,363,429278,13754,7246,172509,22340,21775,820,186,186319,0,2072,53,2203,140155,396924,501
,青年里,458,472472,10027,15890,272442,33302,20328,949,187,112295,1240,3410,0,2400,229797,429826,686
,永福里,450,910588,48547,15394,327588,28806,40560,5397,113,429584,361,12516,14,1709,286714,869149,953
,永華里,425,384151,5129,21400,238718,26779,14296,738,263,71476,62,3670,81,1539,196794,342227,640
,天后里,423,1330835,9338,14650,278107,33997,12901,487,149,976123,923,3591,22,546,238657,1292301,550
,三民里,426,389216,15330,15713,206476,33458,19427,1159,328,89756,901,5225,0,1443,167477,350217,620
,萬昌里,519,400554,12784,16362,254223,30565,17025,871,277,59184,5,6105,237,2917,205970,352301,1042
,普濟里,274,227945,8259,4765,141675,11524,13211,1016,105,46126,0,743,0,521,114896,201166,10
,水仙里,351,278207,7806,5498,180122,24169,18920,918,332,34886,0,2033,0,3523,147232,245317,542
,藥王里,1063,989871,18813,24426,669819,56242,25744,1646,838,180643,573,8650,153,2324,551062,871114,1197
,安海里,462,576122,19247,24224,294733,23868,12527,1976,443,186521,642,4995,203,6743,249127,530439,1463
,中正里,352,246239,10888,5620,152587,14255,20462,936,182,38413,0,2785,0,112,120731,214383,100
,民主里,294,190556,8632,5671,125270,11675,10828,700,104,25589,0,1452,0,636,97015,162301,108
,大涼里,942,837042,24685,22984,583325,45340,22359,1812,428,128859,474,4861,0,1915,479952,733669,1163
,元安里,361,284825,4957,8996,189624,18079,6921,489,254,42809,38,12220,129,310,155415,250616,653
,協進里,325,301262,13560,12535,208478,17829,5704,1112,153,38852,572,2350,0,116,171159,263943,128
,協和里,579,451456,18627,25649,297210,25469,15151,623,2002,63153,0,3256,55,260,239473,393719,383
,民生里,385,289735,11771,5582,210435,13913,4993,209,224,40036,0,2447,0,125,168543,247843,403
,文賢里,365,246875,7659,2737,186569,12843,6081,200,159,28239,771,1246,0,369,146750,207055,53
"表166-D(103年度)各類所得金額各縣市鄉鎮村里統計表-縣市別：臺 南 市,單位：金額(千元)",,,,,,,,,,,,,,,,,,
鄉鎮市區,村里,納稅單位,合　　計,營利所得,執行業務所得,薪資所得,利息所得,租賃及權利金,財產交易所得,機會中獎所得,股利所得,退職所得,其他所得,稿費所得,申報大於歸戶,薪資淨所得,按薪資淨所得計算之綜合所得,稿費收入
,光賢里,1174,1143092,32541,29745,781767,47416,22982,6336,932,207553,2873,9074,238,1632,642810,1004135,1161
,西賢里,1640,1959211,44412,70320,1195416,93520,27119,6832,2006,499925,2418,12670,557,4016,998358,1762057,2749
,西湖里,1812,2208345,58189,57172,1405662,106403,46708,5649,2169,486856,795,21499,0,17243,1185062,1987852,1646
,三合里,471,398654,14285,7884,283230,18064,7016,665,428,63453,0,3496,22,110,233285,348709,351
,民權里,403,367541,12609,12172,215286,19632,14793,360,186,85229,0,6966,0,308,175608,327863,246
,保安里,278,209367,6382,8302,106795,14050,14898,422,232,55958,0,1253,0,1075,84484,187056,82
,郡西里,276,184183,5551,3263,136211,13278,3184,418,138,18633,29,2717,0,763,109453,157425,158
,其　他,0,0,0,0,0,0,0,0,0,0,0,0,0,0,0,0,0
,合　計,21012,23124410,637549,687248,12933180,1270104,628988,61025,19210,6525985,21529,193288,2807,143498,10736143,20927428,27483
新營區,忠政里,1765,1644423,24357,39638,1215144,145349,11440,3196,945,180038,1248,16531,231,6306,1014411,1444235,1780
,民權里,871,788191,20829,34310,510576,76910,20799,6061,399,111570,577,5936,0,223,422703,700317,556
,三仙里,937,756789,15103,12062,573271,62098,13211,2297,695,65458,206,8883,14,3491,473084,656672,567
,民生里,1061,863555,17846,23827,657127,50269,23324,3321,451,77936,618,7606,93,1137,535660,742101,857
,民榮里,1350,1092154,24614,17630,862305,52343,13740,4754,844,100479,136,14677,0,634,701057,930907,349
,好平里,208,152924,3465,7579,112683,9553,1830,137,77,10256,0,5247,0,2097,89352,129593,89
,延平里,337,213766,6638,5942,160825,12390,2938,408,138,18446,0,5631,0,409,127757,180698,18
,南興里,760,578752,10967,12267,460310,35505,6152,1697,549,45960,183,3930,0,1232,373131,491572,334
,永生里,328,294784,8575,9793,183033,25614,16556,56,123,48612,914,1166,180,162,150208,261960,686
,中營里,449,435215,12161,25028,294299,23772,9262,1061,251,61263,115,7381,0,623,243869,384785,195
,興業里,549,508476,6802,10466,386557,37867,7451,394,410,55380,176,2900,0,72,323693,445612,267
,興安里,125,110860,2351,5004,66560,6137,5604,92,954,23080,0,988,0,91,54168,98467,321
,王公里,1437,1550605,44084,26521,1033203,92614,7166,1063,1188,327529,1019,13548,0,2669,853629,1371032,668
,大宏里,1070,986776,16461,31439,701099,93912,16744,1476,844,107493,84,16943,62,218,582739,868416,879
,護鎮里,378,286885,5792,1017,245666,9965,1468,109,308,18231,1306,2309,0,716,196318,237538,33
,埤寮里,496,399636,11535,4381,330179,18269,2903,181,968,27117,25,3942,0,135,268363,337819,148
,土庫里,383,284229,3572,3745,244862,13784,576,285,465,13105,0,3611,203,20,195983,235277,636
,太南里,383,298934,2921,3303,242460,7400,2869,399,212,35634,243,3349,0,145,195731,252206,390
,太北里,448,316252,7232,5693,259761,12046,2379,68,314,23402,14,4948,330,63,203671,260161,732
,南紙里,1131,850035,15046,5568,732316,29253,2987,891,990,53189,1028,8071,0,694,585489,703208,185
,嘉芳里,514,371529,11538,1289,283275,14264,7858,174,695,49752,56,2545,0,84,219446,307701,157
,舊󿾴里,62,42562,2309,301,33971,1596,184,0,36,3824,0,341,0,0,25844,34435,0
,角帶里,103,65811,3885,155,55329,1526,462,0,53,3818,0,583,0,0,42362,52844,3
,鐵線里,163,103619,6581,508,84222,4251,738,18,108,6264,0,698,0,230,64794,84191,1
,五興里,196,132449,3853,261,117353,4474,254,301,135,3936,167,1707,0,10,92250,107347,19
,姑爺里,111,79847,2371,194,59750,2305,1317,0,16,12998,0,557,0,338,46381,66477,0
,新北里,1693,1476408,32344,18596,1185629,89290,10082,6847,1235,115444,2210,14354,0,377,971584,1262746,971
,新南里,1578,1500872,27679,32453,1179556,77087,11924,1000,1172,144053,2143,17203,245,6358,977208,1298525,1056
,新東里,2195,2336256,24082,37656,1966559,108880,15903,5159,1382,143012,1304,31360,37,921,1656394,2026091,937
,其　他,0,0,0,0,0,0,0,0,0,0,0,0,0,0,0,0,0
"表166-D(103年度)各類所得金額各縣市鄉鎮村里統計表-縣市別：臺 南 市,單位：金額(千元)",,,,,,,,,,,,,,,,,,
鄉鎮市區,村里,納稅單位,合　　計,營利所得,執行業務所得,薪資所得,利息所得,租賃及權利金,財產交易所得,機會中獎所得,股利所得,退職所得,其他所得,稿費所得,申報大於歸戶,薪資淨所得,按薪資淨所得計算之綜合所得,稿費收入
,合　計,21081,18522595,374993,376625,14237880,1118723,218121,41445,15958,1887279,13774,206945,1394,29456,11687279,15972933,12832
鹽水區,水秀里,398,286904,13794,2927,214069,11612,1533,492,166,38149,0,4038,103,20,168014,240849,724
,福得里,169,131418,3646,3601,97539,10373,3058,29,98,11054,0,1536,0,484,78967,112846,24
,三生里,95,73151,1432,223,49572,6521,1026,77,71,12952,0,1042,0,235,40008,63587,68
,武廟里,127,104747,2490,6753,69319,12879,1935,34,79,10491,0,767,0,0,56149,91577,123
,中境里,161,115871,1305,5184,90020,9349,825,183,39,7937,0,674,0,353,72571,98422,15
,水正里,233,181867,5878,9076,128182,16879,2574,136,114,16819,0,1271,0,938,102914,156600,7
,水仙里,83,54388,448,388,41258,6496,378,79,21,4527,0,546,0,248,32696,45827,36
,橋南里,1017,705847,20615,5173,599722,28892,4980,335,583,38840,2,6491,0,213,473352,579477,76
,岸內里,972,712443,16646,4763,585215,41168,3505,1153,654,50384,370,8140,0,446,467450,594862,256
,義稠里,202,134806,1627,5618,115802,5504,549,196,121,3558,5,1826,0,0,89989,108993,2
,汫水里,199,136312,4642,4684,107637,4122,1785,220,104,10731,0,2384,0,2,84128,112803,30
,下中里,152,113056,1518,3414,97095,2408,203,181,111,5245,0,2856,0,25,77997,93958,80
,歡雅里,361,227149,6262,1873,196342,9598,1589,63,219,8423,14,2512,0,254,151016,181823,7
,大莊里,107,62417,2326,917,50380,2905,42,0,26,5393,0,357,0,70,38442,50479,0
,孫厝里,99,61439,742,32,48509,3198,1185,10,40,7191,0,532,0,0,36598,49527,0
,桐寮里,75,56312,752,266,50662,1868,607,0,27,1789,0,298,0,43,40334,45984,2
,後宅里,126,87462,5442,732,66465,3502,229,0,26,10401,0,664,0,0,51530,72527,105
,舊營里,197,146197,1940,155,128096,3593,237,36,189,10493,0,1399,0,60,100769,118869,174
,竹埔里,155,120280,1951,2743,93902,5803,645,2106,78,12301,263,466,0,22,74878,101256,0
,下林里,70,42304,2126,118,28375,1497,139,0,42,9436,0,284,0,288,21340,35270,0
,飯店里,83,51380,1811,123,44613,1284,205,0,20,2880,0,436,0,8,34237,41005,7
,大豐里,51,40027,578,16,30505,761,38,0,24,7797,0,286,0,20,24499,34021,6
,河南里,104,63760,1529,366,54837,3311,551,516,70,2256,0,324,0,0,42720,51643,44
,南港里,193,114165,3303,1000,96357,4576,1119,35,125,7108,0,540,0,0,73388,91195,12
,田寮里,49,40663,157,574,21383,2410,2097,0,85,13081,0,877,0,0,15667,34947,0
,其　他,0,0,0,0,0,0,0,0,0,0,0,0,0,0,0,0,0
,合　計,5478,3864364,102958,60720,3105858,200512,31034,5880,3134,309235,654,40548,103,3730,2449654,3208345,1798
白河區,白河里,387,291075,9849,15734,192697,24893,6168,221,205,37739,558,2653,0,357,156409,254787,174
,永安里,820,605744,21179,16433,459132,46178,9992,639,516,44688,29,6449,0,508,371952,518563,291
,庄內里,373,266892,10930,5861,202900,14037,1682,2415,227,26545,28,2097,0,172,160906,224898,12
,外角里,314,188972,2941,3918,152713,11284,1103,20,97,15148,28,1593,0,126,117405,153664,62
,秀祐里,222,135107,2631,1127,115043,6230,337,328,179,8190,0,1025,0,16,89923,109987,3
,大竹里,275,185442,2567,3166,157979,10157,1103,30,90,9199,0,855,0,295,126054,153517,24
,玉豐里,264,163066,5305,589,142297,4879,1108,815,96,6354,0,1530,0,94,112088,132856,78
,詔安里,165,103833,1941,963,90709,3041,241,32,95,5997,13,756,0,45,70615,83739,8
,蓮潭里,168,105526,4149,1401,91804,3988,51,0,72,2695,0,1364,0,0,71112,84834,81
,廣安里,148,105632,3374,2978,87531,3058,312,138,50,6901,0,1094,0,196,70054,88154,18
,內角里,163,108802,1284,748,87910,6411,1130,257,1049,6121,0,2519,0,1373,70411,91303,137
"表166-D(103年度)各類所得金額各縣市鄉鎮村里統計表-縣市別：臺 南 市,單位：金額(千元)",,,,,,,,,,,,,,,,,,
鄉鎮市區,村里,納稅單位,合　　計,營利所得,執行業務所得,薪資所得,利息所得,租賃及權利金,財產交易所得,機會中獎所得,股利所得,退職所得,其他所得,稿費所得,申報大於歸戶,薪資淨所得,按薪資淨所得計算之綜合所得,稿費收入
,草店里,174,110809,2445,1388,89707,7739,1729,226,65,5946,0,1556,0,7,70173,91275,4
,甘宅里,104,56085,3935,386,44067,2806,18,127,80,4123,0,543,0,1,33086,45105,23
,竹門里,169,116890,693,1224,101933,5031,513,279,39,4841,0,843,21,1473,81155,96112,232
,崎內里,134,87760,3158,184,74056,4696,2233,66,24,2924,0,377,0,42,58241,71946,21
,汴頭里,85,54405,1373,85,43532,2689,279,12,55,6158,0,221,0,2,33628,44501,64
,昇安里,270,185067,2337,678,157699,8214,2622,23,104,11767,0,1500,0,122,123730,151497,43
,河東里,271,193531,5029,2585,155619,10693,2161,255,77,15201,0,1906,6,0,123699,161612,372
,虎山里,86,57166,2355,2048,41978,2929,191,0,41,6807,89,727,0,0,32514,47701,10
,大林里,98,70596,620,64,60716,2842,149,17,29,5633,0,500,0,26,47899,58126,0
,崁頭里,68,35863,1203,95,31325,986,68,0,6,1828,0,351,0,0,23684,28395,0
,六溪里,82,56014,2594,655,41010,2509,5901,0,88,2506,0,751,0,0,32242,47246,5
,關嶺里,156,119256,11366,1346,84867,7317,3132,122,45,8556,5,2486,0,13,68849,103238,91
,仙草里,159,90375,5637,671,69508,6546,2312,25,36,4882,0,682,0,77,53243,74111,153
,其　他,0,0,0,0,0,0,0,0,0,0,0,0,0,0,0,0,0
,合　計,5155,3493906,108896,64326,2776731,199151,44535,6050,3366,250750,749,34379,27,4946,2199072,2917166,1905
柳營區,士林里,468,388251,6536,3807,298012,19146,3799,89,250,54127,0,2119,0,365,238387,329023,46
,光福里,532,377400,10107,7329,308311,18157,2297,680,417,25688,89,3881,41,403,246649,315919,396
,中埕里,251,196782,2306,2887,153073,12585,729,377,93,21914,130,1935,0,752,120159,163868,41
,東昇里,733,585249,9480,2773,467853,28930,3396,363,689,65087,5,6594,0,79,374395,491792,88
,八翁里,357,266958,5210,1754,208614,10972,18338,241,457,19274,18,2001,0,79,164853,223197,401
,人和里,189,129314,7147,730,104541,6803,1172,0,93,7675,30,908,0,215,82421,107194,5
,太康里,371,307455,5795,2886,254208,12321,4175,382,168,24058,1076,2235,0,150,205153,258537,110
,重溪里,418,292325,9254,3199,250982,13738,1212,475,305,11276,130,1719,0,33,196601,237944,133
,篤農里,320,216176,7174,1580,178411,11726,1330,675,290,11763,405,2627,0,195,139713,177759,42
,大農里,132,79238,2344,1244,67688,2751,191,31,76,4314,0,600,0,0,51985,63535,8
,神農里,319,205716,2772,402,181979,8638,796,171,233,8030,60,2287,39,309,142225,165962,262
,果毅里,272,179224,2802,2225,158944,6305,852,31,188,6251,128,1214,0,284,123989,145700,56
,旭山里,302,192965,7546,2686,160683,5801,3184,0,239,9463,46,3057,0,259,123661,155942,214
,其　他,1,311,0,0,311,0,0,0,0,0,0,0,0,0,203,203,0
,合　計,4665,3417364,78473,33502,2793610,157875,41472,3514,3498,268921,2117,31177,80,3124,2210394,2836576,1803
後壁區,後壁里,526,391914,13406,7854,312769,21438,3050,67,231,28356,14,4588,0,142,252252,331397,56
,嘉苳里,298,214233,6722,1454,166786,10924,972,342,109,25466,0,1159,0,297,131077,178896,20
,侯伯里,302,231841,3433,804,195991,9431,634,139,106,16489,0,4601,0,212,155395,191245,14
,土溝里,288,190067,3340,1004,163480,8938,723,160,271,7778,899,2885,0,589,127110,153697,51
,嘉田里,254,190510,5989,1176,155353,8329,2324,495,111,15719,0,958,0,55,124639,159796,158
,嘉民里,256,161053,7629,2679,128755,8519,2487,50,126,8426,83,2200,0,101,100358,132656,0
,頂安里,332,254791,4249,1113,218366,9048,1360,67,1224,16146,0,3219,0,0,176298,212723,37
,長安里,326,234111,7067,2224,192269,12981,1416,50,166,13781,151,3280,0,726,152466,194743,4
,福安里,309,252492,5096,3427,209277,12778,937,147,200,18982,80,1444,0,125,171087,214302,218
"表166-D(103年度)各類所得金額各縣市鄉鎮村里統計表-縣市別：臺 南 市,單位：金額(千元)",,,,,,,,,,,,,,,,,,
鄉鎮市區,村里,納稅單位,合　　計,營利所得,執行業務所得,薪資所得,利息所得,租賃及權利金,財產交易所得,機會中獎所得,股利所得,退職所得,其他所得,稿費所得,申報大於歸戶,薪資淨所得,按薪資淨所得計算之綜合所得,稿費收入
,烏樹里,158,113572,1302,929,89439,4574,4747,0,37,12007,48,489,0,0,69168,93302,1
,墨林里,164,120031,2909,3034,101649,5830,376,146,78,4987,12,959,0,51,82088,100469,5
,菁寮里,83,65066,846,31,50950,7007,321,588,59,4251,0,748,0,265,40815,54931,2
,後󿾴里,16,12356,0,0,11400,852,0,0,1,33,0,69,0,0,9148,10104,0
,崁頂里,102,79949,1789,515,65336,4486,140,13,30,6231,1056,339,0,15,52914,67528,0
,菁豐里,179,130517,1511,1013,107182,7824,1575,346,121,9001,0,1944,0,0,86175,109511,3
,新嘉里,175,119002,4892,41,102022,6699,907,207,88,3133,0,1012,0,0,78905,95884,10
,頂長里,100,64623,3339,114,47202,7163,1237,40,78,5099,0,351,0,0,35832,53253,27
,平安里,235,165389,7543,550,132132,6534,2440,0,104,14598,0,933,0,556,104504,137761,39
,仕安里,104,67647,2773,611,58891,2778,98,0,132,1699,0,665,0,1,45960,54716,45
,新東里,391,272499,5610,1796,229142,11083,2759,707,537,18315,0,2476,0,75,180264,223622,221
,竹新里,304,211760,3303,3533,173509,6102,1460,335,187,20155,3,2229,0,944,134779,173030,10
,其　他,0,0,0,0,0,0,0,0,0,0,0,0,0,0,0,0,0
,合　計,4902,3543424,92748,33903,2911898,173315,29966,3900,3995,250653,2345,36547,0,4154,2311235,2943567,921
東山區,東山里,288,190820,5177,1498,157777,11426,287,45,153,8262,331,5574,0,289,123932,156974,41
,東中里,571,414798,15062,12232,320391,24624,4104,534,333,33163,0,3944,0,411,256747,351293,416
,東正里,301,192616,7020,1733,159510,8111,685,30,114,14376,0,939,0,98,125106,158211,7
,三榮里,163,112955,2397,756,90522,5139,600,52,279,11301,0,1892,0,16,72078,94511,20
,大客里,168,118059,1122,485,98117,4747,1842,171,77,10283,0,1208,0,7,78251,98193,5
,科里里,220,152115,7115,221,127430,5846,729,0,95,9951,0,555,0,173,100835,125520,7
,東河里,176,105424,3921,166,94175,2382,348,104,91,3077,0,1140,0,20,72569,83818,47
,聖賢里,424,317759,11914,6286,253742,12546,2157,231,261,27973,191,2036,0,423,200969,264985,20
,南溪里,85,56330,73,102,50130,1141,138,0,27,4234,42,298,0,146,39238,45439,1
,水雲里,59,41017,605,24,37187,1159,184,0,17,1546,23,270,0,3,29517,33347,0
,林安里,66,38646,1666,179,33002,550,396,0,59,2006,90,388,0,310,25262,30981,0
,東原里,380,236679,4351,2842,198097,7866,554,606,306,20763,0,1292,0,1,156092,194955,309
,嶺南里,96,50548,1812,1290,40064,2113,53,0,40,3719,0,1367,0,89,30337,40822,19
,南勢里,157,93189,2624,1398,78765,2356,1121,157,59,5574,0,967,0,168,61322,75985,4
,青山里,153,86259,1064,225,72519,6793,131,45,36,4358,0,1088,0,0,56631,70372,39
,高原里,154,84840,2696,44,70522,3556,428,0,79,6766,0,747,0,1,55123,69669,2
,其　他,0,0,0,0,0,0,0,0,0,0,0,0,0,0,0,0,0
,合　計,3461,2292054,68619,29480,1881952,100354,13757,1975,2028,167351,677,23705,0,2156,1484007,1895074,936
麻豆區,榖興里,225,194376,6975,6563,139018,16043,4504,256,110,18411,0,2325,37,134,115303,170661,269
,保安里,178,141610,14043,6001,83956,12379,6033,920,49,17390,0,471,0,367,68445,126099,5
,東角里,913,774707,10726,13801,595700,55479,5962,1719,920,78902,136,9904,195,1262,488508,667515,881
,晉江里,787,609250,12151,23302,473189,43551,4666,1409,532,43855,583,5564,0,450,383929,519990,137
,巷口里,512,439640,3352,2210,330917,34774,3813,1161,278,36617,0,25548,0,968,270860,379582,44
,中興里,631,509947,14436,9816,390696,45608,5875,666,594,37429,144,4052,0,632,316691,435942,72
,興農里,484,383332,10994,2946,308131,22241,1641,310,277,30446,484,5382,325,154,247763,323344,1247
"表166-D(103年度)各類所得金額各縣市鄉鎮村里統計表-縣市別：臺 南 市,單位：金額(千元)",,,,,,,,,,,,,,,,,,
鄉鎮市區,村里,納稅單位,合　　計,營利所得,執行業務所得,薪資所得,利息所得,租賃及權利金,財產交易所得,機會中獎所得,股利所得,退職所得,其他所得,稿費所得,申報大於歸戶,薪資淨所得,按薪資淨所得計算之綜合所得,稿費收入
,新建里,367,300188,9180,7982,229490,21774,4922,139,226,22297,94,3967,0,118,185496,256194,107
,油車里,1100,909919,31084,13025,709955,42395,6763,648,1306,96250,170,7938,70,316,569790,769684,500
,北勢里,245,175633,7128,1483,138980,6575,3863,2708,208,13333,0,1355,0,0,110003,146657,69
,大埕里,852,668188,12909,11009,489452,40981,11618,1097,536,92567,119,7012,0,890,390524,569260,114
,總榮里,188,143961,1596,619,116005,10753,57,16,121,13019,17,1618,0,140,92266,120222,24
,龍泉里,223,150455,3900,2217,127600,6959,843,49,120,5978,0,2691,0,100,100417,123271,38
,寮󿾴里,460,309378,4235,681,262215,8811,1720,142,192,28035,0,2644,513,189,202884,250776,933
,南勢里,690,643045,8010,6996,446532,38194,5856,3496,347,126543,82,5343,0,1647,364070,560583,80
,安東里,160,123253,2440,226,100615,5848,193,11,87,11417,914,1330,0,172,80775,103412,104
,安業里,169,122644,935,854,104504,6034,1120,931,192,6941,0,1133,0,0,83695,101835,97
,安西里,188,118830,6022,90,102453,4486,92,1022,55,3878,0,717,0,15,80470,96847,100
,謝安里,228,159626,3596,4374,139670,4459,764,330,112,5184,141,994,0,0,110106,130062,3
,中民里,196,152044,15058,3483,116539,6494,657,0,148,8563,0,1075,0,29,91905,127410,186
,安正里,229,141622,2509,317,119206,6463,1691,144,147,9754,0,1213,0,178,90967,113384,6
,磚井里,297,196040,3979,490,170245,8100,872,89,83,10498,0,1437,0,246,133495,159289,121
,小埤里,263,185048,6701,628,151065,6864,4937,62,184,12523,82,1498,0,504,118210,152193,26
,埤頭里,338,228506,6423,878,187373,8971,833,234,165,19790,88,3631,0,121,144674,185807,19
,大山里,158,114852,1985,493,103925,3273,228,0,105,3043,0,1659,0,141,82036,92963,5
,海埔里,257,169890,5026,3529,138797,6597,2100,94,125,11454,0,2053,56,59,109029,140122,271
,莊禮里,91,61673,1267,889,49040,4005,171,114,77,4297,0,1812,0,0,38729,51361,50
,港尾里,311,291444,5539,13880,236241,9909,3721,552,197,14442,291,6142,283,247,196741,251944,1194
,麻口里,270,193536,13328,861,144869,5731,1903,1103,205,22462,0,3068,0,6,109505,158172,20
,其　他,0,0,0,0,0,0,0,0,0,0,0,0,0,0,0,0,0
,合　計,11010,8612637,225525,139643,6706379,493751,87419,19421,7697,805317,3346,113576,1480,9083,5377285,7284583,6724
下營區,仁里里,742,529829,6489,2223,462483,20000,3686,668,420,28330,46,4902,91,490,366141,433488,613
,宅內里,242,156131,2118,700,140930,6279,525,1,84,3965,0,1216,122,191,110433,125512,369
,後街里,411,291335,4179,4846,242979,15389,1203,146,220,19736,40,2257,0,340,191684,240040,103
,新興里,645,480692,16433,5864,395673,25021,4556,430,258,25589,691,6078,29,70,318063,403522,290
,下營里,225,167086,2940,7502,131798,10760,2384,58,274,10073,0,1289,0,8,107287,142575,166
,營前里,565,421038,7241,6025,353984,23822,2641,302,348,20197,172,5893,7,406,285809,352864,516
,大屯里,187,119098,6456,429,97888,2954,418,521,41,9732,0,659,0,0,75481,96692,8
,大埤里,160,108538,2455,541,87073,5986,1174,13,100,10457,0,738,0,0,67705,89170,2
,開化里,496,368016,8658,3178,299743,22271,2074,155,254,27333,48,4045,0,256,237500,305773,19
,茅港里,316,228199,4419,5129,180660,13864,1175,118,116,19965,0,2517,0,235,143423,190962,32
,中營里,283,199079,2853,958,173751,9475,539,129,126,9337,0,1833,0,77,137688,163016,44
,西連里,185,137260,1166,489,120200,5712,417,124,66,7870,0,1215,0,0,94541,111600,0
,賀建里,305,196382,3336,942,168292,9731,647,62,124,8305,1762,3131,39,11,130828,158919,297
,甲中里,223,163050,1112,81,144127,6415,606,78,81,7371,0,2526,0,653,115473,134396,15
,紅厝里,257,196050,4212,1713,168294,10266,578,214,398,5739,104,1306,0,3226,136302,164058,25
"表166-D(103年度)各類所得金額各縣市鄉鎮村里統計表-縣市別：臺 南 市,單位：金額(千元)",,,,,,,,,,,,,,,,,,
鄉鎮市區,村里,納稅單位,合　　計,營利所得,執行業務所得,薪資所得,利息所得,租賃及權利金,財產交易所得,機會中獎所得,股利所得,退職所得,其他所得,稿費所得,申報大於歸戶,薪資淨所得,按薪資淨所得計算之綜合所得,稿費收入
,其　他,0,0,0,0,0,0,0,0,0,0,0,0,0,0,0,0,0
,合　計,5242,3761783,74066,40620,3167873,187944,22624,3021,2911,214001,2864,39607,288,5963,2518359,3112588,2497
六甲區,六甲里,833,643809,12902,17494,513885,35264,7150,249,407,49529,16,6823,72,18,410506,541554,393
,甲東里,730,514850,14216,10921,443206,19171,1428,210,420,18789,167,6165,0,158,349644,421288,125
,甲南里,423,296090,5372,8921,243718,16221,3696,323,179,14534,0,2891,0,236,191788,244446,49
,龍湖里,263,181852,1913,629,157470,7453,1051,970,109,10040,65,2031,16,104,122979,148160,227
,七甲里,254,187629,4340,4320,154541,5694,3583,45,158,12584,549,888,928,0,119709,153711,1518
,二甲里,928,687546,16522,4134,586879,31093,3137,4045,400,33154,164,7857,0,162,464224,564891,154
,水林里,599,427027,9789,5191,360734,20034,1275,29,294,25093,81,4507,0,2,278134,345695,111
,中社里,437,304414,2921,3175,258138,12863,2124,392,318,20016,16,2405,1933,113,201546,247821,3240
,龜港里,315,228057,6307,353,197700,7171,1089,653,144,10220,0,2296,0,2123,156110,186466,14
,菁埔里,128,89556,3657,1859,69799,2989,1235,147,117,8456,2,1293,0,1,54882,74639,20
,王爺里,144,91301,2006,128,77806,4663,664,106,241,4787,0,897,0,3,59616,73126,11
,大丘里,89,59604,5860,690,46454,2590,168,19,52,3280,0,462,0,30,34803,48213,0
,其　他,0,0,0,0,0,0,0,0,0,0,0,0,0,0,0,0,0
,合　計,5143,3711736,85805,57814,3110331,165205,26598,7187,2839,210482,1060,38515,2949,2950,2443940,3050011,5862
官田區,官田里,561,404996,7619,1671,340388,18435,4231,1101,512,27369,0,3629,0,41,260570,329522,203
,湖山里,234,172170,1746,2782,144941,6639,1430,42,151,13372,34,1033,0,0,115181,142411,4
,隆田里,579,443848,8338,5155,365547,24112,7204,507,327,26225,35,4110,0,2287,288780,368588,105
,二鎮里,983,707003,15768,5007,578640,20104,4684,233,501,71741,2,8149,0,2174,444798,574932,177
,東庄里,331,236538,3388,1429,206866,8860,569,54,381,12838,86,1888,0,179,161987,192549,10
,西庄里,166,108254,445,152,99153,4314,446,0,44,2723,0,818,0,158,78094,87195,13
,拔林里,122,82539,6615,220,66698,4593,256,115,38,3015,79,910,0,0,51829,67670,57
,渡頭里,575,429838,9930,7060,327050,15129,2534,2283,175,59303,3,6303,0,68,253992,357183,343
,社子里,201,124381,2311,2389,108244,3400,216,65,48,6709,0,982,0,16,75122,98603,9
,大崎里,72,48678,941,637,41051,2593,669,0,246,1481,0,1059,0,0,32985,40612,72
,嘉南里,74,59214,390,165,41431,2439,404,65,42,14054,0,225,0,0,33166,50949,41
,隆本里,911,658658,14361,4372,553955,28498,5186,827,425,42199,14,8040,0,783,436614,542550,286
,南󿾴里,300,183051,8705,1739,150806,5847,4109,210,130,9551,0,1645,0,310,114683,146928,55
,其　他,1,231,0,1,218,0,0,0,3,0,0,10,0,0,110,123,0
,合　計,5110,3659398,80558,32780,3024988,144962,31939,5501,3024,290579,253,38799,0,6015,2347910,2999814,1375
大內區,石湖里,231,142607,2963,960,122668,6062,2681,335,164,5469,0,1306,0,0,93918,113857,207
,石林里,135,82356,3454,60,70585,2963,406,0,68,4093,0,727,0,0,54071,65842,2
,石城里,397,255455,9434,1333,224605,8133,1437,56,249,7966,56,1896,0,291,171545,203166,119
,內江里,232,154436,2202,2700,129040,7858,1180,219,168,9272,0,1254,327,215,101531,126927,772
,大內里,197,135801,5036,3577,108906,6918,647,15,119,9870,0,698,9,6,84687,112485,198
,內郭里,134,83740,1627,790,68736,2899,864,328,31,7778,0,667,0,20,52227,67231,0
,頭社里,183,103571,507,1548,90860,2997,563,226,165,5971,0,731,0,4,59745,80337,1
,二溪里,169,118581,3380,1790,92696,5133,1382,542,56,12684,0,849,0,69,71627,97512,20
"表166-D(103年度)各類所得金額各縣市鄉鎮村里統計表-縣市別：臺 南 市,單位：金額(千元)",,,,,,,,,,,,,,,,,,
鄉鎮市區,村里,納稅單位,合　　計,營利所得,執行業務所得,薪資所得,利息所得,租賃及權利金,財產交易所得,機會中獎所得,股利所得,退職所得,其他所得,稿費所得,申報大於歸戶,薪資淨所得,按薪資淨所得計算之綜合所得,稿費收入
,曲溪里,116,68747,1230,2,62793,1633,147,0,33,2577,89,239,0,6,46587,52988,0
,環湖里,101,63822,454,193,49898,2971,1025,571,40,7603,0,1068,0,0,38503,52427,0
,其　他,0,0,0,0,0,0,0,0,0,0,0,0,0,0,0,0,0
,合　計,1895,1209116,30287,12953,1020788,47566,10331,2291,1092,73284,145,9434,336,611,774443,972771,1320
佳里區,鎮山里,1680,1184096,18751,23633,982836,47690,7921,1644,1033,88795,1405,9095,0,1292,776937,978197,602
,東寧里,543,415401,7536,14019,277757,29926,10614,560,366,68842,5,4604,0,1172,223035,360424,387
,六安里,1334,1165994,58691,14526,900703,64558,9382,4452,927,103878,47,7638,3,1188,739939,1005229,529
,安西里,3716,2945203,57708,52531,2374606,161120,39595,3353,3013,216736,896,32611,189,2844,1929173,2500036,2245
,建南里,2540,2006743,50108,56777,1588244,95899,22591,1759,2861,156744,154,25598,253,5755,1280669,1699161,1791
,佳化里,601,415807,11433,2488,350215,14465,675,6550,409,23552,11,5908,0,102,273954,339547,81
,禮化里,256,218957,1531,2251,150766,9461,530,30,100,52707,0,1581,0,2,120714,188906,41
,興化里,309,215671,6335,1685,176103,14255,1078,143,175,14354,0,1542,0,1,139401,178969,30
,營頂里,149,119551,1320,2413,90779,6608,290,52,48,16971,685,384,0,1,73893,102665,41
,溪洲里,76,49265,409,394,42194,1520,275,100,167,3159,0,1047,0,0,33127,40197,0
,頂󿾴里,223,141528,2191,737,123881,4756,237,3446,238,4889,0,879,273,0,96661,114308,756
,海澄里,363,234709,4543,2027,202427,6887,2185,145,252,13374,0,2872,0,-3,159915,192197,71
,漳洲里,150,82441,2707,35,70577,1843,380,146,40,5329,0,1385,0,0,51941,63805,2
,子龍里,320,222429,8383,1522,183584,9637,4211,600,161,11401,23,2761,0,145,144821,183666,297
,三協里,238,184195,4732,751,136581,6476,2789,183,113,22367,0,959,0,9245,107041,154655,125
,民安里,368,252911,9018,2574,208905,8484,2783,479,169,17497,0,3003,0,0,163153,207159,28
,龍安里,258,171591,4494,2258,134342,7007,1316,156,206,20104,0,1288,0,421,104215,141751,93
,蚶寮里,144,83287,3500,688,69791,3626,1158,58,60,3748,0,564,0,93,53357,66853,44
,通興里,201,116081,4617,162,98500,4989,641,133,150,5991,0,843,0,55,74795,92376,1
,嘉福里,194,123049,1110,1596,109386,4427,369,146,186,5159,0,628,0,41,86060,99723,35
,忠仁里,786,560062,13461,14631,443656,38373,6886,547,650,33080,30,7338,27,1383,353747,470153,566
,其　他,0,0,0,0,0,0,0,0,0,0,0,0,0,0,0,0,0
,合　計,14449,10908971,272579,197698,8715832,542007,115905,24684,11324,888677,3256,112528,744,23738,6986549,9179978,7763
西港區,西港里,906,647818,26354,8950,524405,19788,3734,390,654,56507,0,6609,0,427,411750,535162,332
,南海里,619,395466,17663,4382,319471,17718,2039,620,336,29026,0,4106,0,104,245934,321929,83
,港東里,376,244794,6064,2286,194431,6661,944,421,346,31778,62,1755,0,46,147918,198745,130
,檨林里,315,190696,6965,440,153551,6036,805,194,109,21087,0,1508,0,0,116514,153658,61
,後營里,337,205787,7957,1435,170810,10343,485,156,505,12360,44,1636,0,55,131197,166174,99
,營西里,305,222646,11745,4020,175935,7952,1563,233,124,18440,345,2220,0,68,138386,185097,0
,金砂里,176,111461,6339,788,91479,3879,737,69,154,7461,0,549,0,7,70197,90180,6
,劉厝里,286,171821,4163,902,145361,5550,1949,179,266,11492,0,1961,0,0,109918,136379,54
,竹林里,230,156552,2957,1050,131224,4986,1681,0,140,13031,0,1472,0,11,103333,128661,47
,永樂里,194,120048,3512,1016,100320,3425,191,58,84,10658,0,783,0,0,75924,95652,5
,新復里,213,142802,8888,1249,99522,6046,2318,211,78,23144,0,1063,0,282,75261,118541,94
,慶安里,1312,913650,33611,16047,713252,42365,12457,435,1068,83741,98,9235,339,1002,558041,758439,1093
"表166-D(103年度)各類所得金額各縣市鄉鎮村里統計表-縣市別：臺 南 市,單位：金額(千元)",,,,,,,,,,,,,,,,,,
鄉鎮市區,村里,納稅單位,合　　計,營利所得,執行業務所得,薪資所得,利息所得,租賃及權利金,財產交易所得,機會中獎所得,股利所得,退職所得,其他所得,稿費所得,申報大於歸戶,薪資淨所得,按薪資淨所得計算之綜合所得,稿費收入
,其　他,0,0,0,0,0,0,0,0,0,0,0,0,0,0,0,0,0
,合　計,5269,3523539,136219,42565,2819761,134749,28903,2965,3865,318726,549,32895,339,2001,2184373,2888616,2003
七股區,後港里,93,52091,1245,513,40078,4044,0,48,125,4943,0,900,67,128,30288,42301,425
,大潭里,126,69042,357,87,57711,3823,291,0,43,6406,0,312,0,11,44501,55832,3
,頂山里,128,77678,1338,29,68159,2776,48,0,50,4766,0,512,0,0,53663,63181,26
,西寮里,46,24459,916,135,21726,431,88,0,22,810,0,311,0,20,16459,19192,8
,城內里,77,60851,376,226,46704,2167,943,62,45,10108,0,190,0,31,38142,52289,0
,篤加里,150,105688,3672,85,87294,2357,2368,52,60,9227,0,568,0,4,68377,86770,44
,中寮里,107,70839,2498,1990,55066,3562,218,175,51,6659,0,620,0,0,44048,59821,25
,𥂁埕里,51,35059,4439,24,26380,1090,428,13,24,2372,0,252,0,36,20493,29171,0
,七股里,199,128223,3783,2176,104803,2143,1163,260,152,12635,0,1107,0,0,81046,104466,176
,溪南里,65,49563,3366,392,40901,878,75,99,24,3393,0,434,0,0,33769,42431,1
,玉成里,170,104334,1117,719,90598,3556,263,35,94,6006,0,1892,0,53,72717,86213,12
,大埕里,383,242806,13931,1174,202271,9416,873,255,219,12177,401,1990,0,100,156846,197381,61
,大寮里,195,113284,4240,2603,97101,1940,327,171,55,6101,0,745,0,0,74018,90202,3
,看坪里,132,83435,2595,239,67408,1410,396,897,95,10038,0,322,0,34,50665,66692,11
,樹林里,250,158205,2338,550,136444,3513,1117,122,110,12829,0,817,59,306,105670,127431,286
,竹港里,146,89134,6812,528,63569,3592,3197,0,29,10318,0,544,0,544,46347,71912,0
,竹橋里,126,83231,773,5191,65710,3616,394,0,105,4819,0,2297,0,326,50090,67611,5
,義合里,245,162260,3716,2005,135892,6980,516,111,356,11722,51,826,0,85,106410,132778,14
,槺榔里,144,86331,395,1631,71973,2405,466,241,340,8217,14,594,0,57,53716,68074,0
,永吉里,170,102471,5333,188,86989,2440,420,0,139,5535,0,1353,0,75,66163,81646,85
,三股里,205,121944,3006,3251,101065,3804,451,158,69,9167,0,860,0,112,78041,98919,29
,十份里,196,129365,4961,2096,89768,2896,556,3851,179,13000,10761,951,0,345,69160,108757,5
,龍山里,260,153218,6808,1495,120627,4370,784,25,47,12069,0,6896,0,97,92925,125515,0
,其　他,0,0,0,0,0,0,0,0,0,0,0,0,0,0,0,0,0
,合　計,3664,2303509,78014,27329,1878237,73210,15382,6576,2433,183319,11228,25294,126,2363,1453554,1878585,1219
將軍區,長榮里,278,164911,4096,669,138665,7285,1457,141,127,11082,0,1296,0,93,108195,134442,168
,西華里,366,237395,11006,2875,193475,15244,1390,257,258,10850,0,1990,0,50,149553,193473,48
,西和里,197,133369,4015,2251,109928,3428,212,0,194,12170,0,1119,0,52,87245,110686,0
,忠興里,403,246338,5604,4332,208671,10055,1545,174,272,13209,0,2461,0,15,159684,197350,26
,嘉昌里,155,101698,4495,577,78441,4319,1268,0,89,10810,145,1330,0,224,59965,83222,0
,保源里,201,112267,1491,1681,95720,4824,609,72,123,6651,0,896,0,200,72304,88852,56
,苓和里,225,155719,3492,2453,124471,9830,1201,362,126,12689,0,974,0,120,96355,127602,10
,仁和里,115,78977,4167,720,62268,4169,2132,0,47,3777,0,1636,0,61,49018,65728,30
,北埔里,81,53485,1838,1467,41088,1012,1282,0,28,6554,0,202,0,13,31763,44160,1
,將富里,121,84236,1483,92,67991,5161,303,1752,70,6881,0,443,0,59,53148,69392,185
,將貴里,93,63811,809,17,50081,3124,2871,170,78,6303,0,358,0,0,39324,53054,0
,三吉里,81,44801,1640,286,39234,1089,185,0,25,1925,0,336,0,82,30184,35751,0
"表166-D(103年度)各類所得金額各縣市鄉鎮村里統計表-縣市別：臺 南 市,單位：金額(千元)",,,,,,,,,,,,,,,,,,
鄉鎮市區,村里,納稅單位,合　　計,營利所得,執行業務所得,薪資所得,利息所得,租賃及權利金,財產交易所得,機會中獎所得,股利所得,退職所得,其他所得,稿費所得,申報大於歸戶,薪資淨所得,按薪資淨所得計算之綜合所得,稿費收入
,玉山里,113,66546,411,990,53129,1728,542,96,18,9188,0,371,0,72,41298,54715,1
,廣山里,89,56884,2672,628,44516,1421,492,0,31,6939,0,185,0,0,34307,46675,1
,長沙里,250,130044,3564,699,110325,2892,1561,145,162,9874,0,679,0,144,83167,102886,4
,平沙里,195,110516,4836,512,94905,3371,351,29,117,5672,0,586,57,79,73361,88972,262
,鯤鯓里,346,206127,2770,2387,184277,5319,415,393,129,6376,0,3456,0,604,142582,164432,5
,鯤溟里,126,71611,1549,2817,61321,1394,158,94,38,3491,0,748,0,0,46625,56914,57
,其　他,0,0,0,0,0,0,0,0,0,0,0,0,0,0,0,0,0
,合　計,3435,2118734,59939,25454,1758505,85664,17974,3684,1934,144441,145,19067,57,1869,1358077,1718306,854
北門區,北門里,153,91531,784,698,80643,3135,619,410,108,4404,0,730,0,0,62535,73424,42
,永隆里,82,50436,2488,1177,38417,2503,194,0,28,5310,0,318,0,0,29834,41852,3
,永華里,59,41190,223,26,32655,2178,457,0,18,5203,0,237,186,6,25312,33847,446
,玉港里,133,84419,2828,183,71916,2636,213,15,66,6004,0,558,0,0,55571,68074,9
,東壁里,156,93353,4650,172,83287,1631,262,139,45,1909,0,605,503,150,64814,74879,908
,鯤江里,156,97738,2667,2625,81198,5811,516,0,37,2815,260,1049,0,761,64171,80711,3
,保吉里,302,184002,4065,949,153488,6022,1907,227,146,14932,81,2011,0,175,118235,148749,14
,雙春里,80,44432,1957,228,36039,1535,396,0,21,4061,0,148,0,47,27764,36157,0
,錦湖里,149,101167,4139,1008,85459,3925,224,0,141,5792,0,467,0,12,67347,83056,0
,慈安里,134,85016,385,351,75811,3336,686,296,179,2269,0,649,0,1055,59559,68764,58
,三光里,225,142247,1835,582,124664,4131,1934,1091,205,5492,0,2305,0,9,96860,114443,10
,中樞里,140,88811,2259,648,72356,4409,425,268,45,7760,0,634,0,8,55242,71698,25
,仁里里,126,74669,932,1098,61747,4250,555,45,42,4651,0,1313,0,34,46501,59424,6
,其　他,0,0,0,0,0,0,0,0,0,0,0,0,0,0,0,0,0
,合　計,1895,1179012,29211,9747,997680,45503,8388,2491,1081,70601,341,11025,689,2256,773745,955078,1524
學甲區,仁得里,1149,803985,17976,23376,636088,47215,9094,1287,978,57844,319,8514,36,1258,506573,672886,581
,新榮里,589,406447,7443,2378,350326,14890,751,307,543,25689,286,3752,0,82,275802,331923,220
,光華里,311,176446,993,773,154934,4373,1708,110,181,11377,155,1740,0,103,117775,139287,178
,宅港里,169,107716,3760,708,94456,3621,323,0,97,3989,0,623,0,138,73991,87252,0
,明宜里,551,398329,11402,4650,303538,17674,2043,241,344,54523,122,3443,0,349,238838,333629,34
,慈福里,519,371967,5083,3022,306182,16655,5153,321,355,29839,0,4394,0,964,243693,309478,142
,新達里,578,395615,12387,3325,312862,19007,5558,495,433,36562,0,4539,0,448,248555,331311,169
,大灣里,292,202079,5356,849,169707,7875,2677,897,346,12434,0,1887,0,53,134473,166845,22
,中洲里,364,233180,4590,2831,192857,10885,1750,290,331,17467,0,2103,0,76,149849,190172,111
,平和里,215,132503,3742,2928,108720,6220,1704,26,97,7281,0,1361,0,424,84579,108362,8
,豐和里,272,165824,4126,301,144851,5109,1729,229,287,7973,0,995,0,224,113315,134288,0
,三慶里,307,192226,4985,874,153303,8388,629,231,148,20234,46,3373,0,15,117601,156525,65
,秀昌里,637,461475,6728,3823,367944,18372,1337,192,456,55227,0,7284,1,110,288994,382525,466
,其　他,0,0,0,0,0,0,0,0,0,0,0,0,0,0,0,0,0
,合　計,5953,4047792,88569,49836,3295767,180285,34456,4626,4595,340439,929,44008,37,4244,2594039,3344483,1996
新化區,武安里,584,435520,8402,6126,349420,29315,6573,444,421,29968,0,4205,0,646,280955,367972,372
"表166-D(103年度)各類所得金額各縣市鄉鎮村里統計表-縣市別：臺 南 市,單位：金額(千元)",,,,,,,,,,,,,,,,,,
鄉鎮市區,村里,納稅單位,合　　計,營利所得,執行業務所得,薪資所得,利息所得,租賃及權利金,財產交易所得,機會中獎所得,股利所得,退職所得,其他所得,稿費所得,申報大於歸戶,薪資淨所得,按薪資淨所得計算之綜合所得,稿費收入
,東榮里,1097,934576,15510,8655,667646,53838,6602,2096,941,170562,351,7324,325,727,529592,799609,1908
,護國里,527,390201,9132,7866,297783,24468,6160,247,232,36734,47,6610,0,922,234984,327403,127
,太平里,1181,897811,31366,13485,730781,46809,6383,471,1083,55986,623,9747,0,1075,578923,748028,579
,中央里,117,76290,2131,2227,54159,6329,1397,77,52,8487,0,513,170,749,43202,65332,435
,觀音里,130,107990,3459,3523,81207,4746,518,85,546,12138,0,1472,21,275,66683,93453,623
,竹林里,109,73567,709,139,60212,3977,406,347,85,6487,0,337,0,867,46980,60655,10
,清水里,262,176084,12357,7870,128321,7884,2743,134,154,15092,13,1260,0,257,100321,148084,69
,協興里,979,669283,17780,14165,541662,33999,8624,352,1039,43672,733,6738,0,519,425304,554090,155
,唪口里,585,435909,15264,2465,366485,15695,2221,418,368,27859,114,5020,0,2,289584,359482,313
,北勢里,416,273937,4714,767,245160,7291,842,434,191,10987,16,3491,0,45,190040,219613,1
,豐榮里,849,659856,31392,12484,495073,31495,8612,380,663,68479,0,9821,0,1456,387628,553542,436
,全興里,817,736744,16918,14417,599081,26348,5239,2085,952,56701,172,13671,122,1037,491303,628844,1033
,崙頂里,475,350613,21572,3065,273700,13539,3133,237,325,17062,15120,2843,0,16,214003,290916,236
,知義里,462,338114,10171,3169,246236,13420,1010,931,362,59521,0,3192,0,102,191892,283770,236
,山腳里,363,254001,15920,802,213338,9885,1028,196,351,10063,0,2269,0,149,166050,207464,189
,大坑里,64,41078,1660,843,30386,2111,1714,198,30,4051,0,85,0,0,24021,34712,0
,𦰡拔里,529,346274,6475,2383,299349,17353,2287,22,512,15020,0,2837,0,35,231905,280098,102
,羊林里,194,124723,6072,911,103334,4817,234,33,106,7345,0,537,0,1333,77480,99189,0
,礁坑里,156,105241,1913,760,81773,6202,761,57,109,12947,39,679,0,0,61891,86650,132
,其　他,0,0,0,0,0,0,0,0,0,0,0,0,0,0,0,0,0
,合　計,9896,7427813,232917,106123,5865106,359524,66487,9245,8521,669160,17228,82649,639,10212,4632741,6208906,6955
善化區,東關里,367,393377,8506,12811,311704,18067,4948,1171,465,29790,307,5222,0,383,268018,349690,183
,文昌里,799,689368,19073,15424,506389,36238,12845,4548,538,83427,0,9879,0,1009,412385,595365,123
,南關里,506,418399,10252,5203,338171,17152,5591,938,343,37339,13,3280,0,117,273300,353894,33
,西關里,198,153291,3666,1421,118021,9922,3138,114,55,14505,0,2450,0,0,94450,129720,7
,北關里,141,124842,2584,2110,105962,6433,890,123,154,5324,0,1262,0,0,87993,106873,10
,文正里,471,457940,12104,4934,386897,14987,8792,253,513,20591,0,8720,0,149,320657,392197,67
,坐駕里,1317,1257591,18623,15015,1037579,56546,11618,5322,1251,92501,308,18173,1,653,868504,1088516,503
,胡家里,304,202395,3904,1350,171806,6392,819,134,779,15155,0,2050,0,7,132418,163007,15
,胡厝里,413,311152,9364,1968,262779,11789,1225,372,270,19968,46,3142,0,226,208424,256797,61
,什乃里,341,258076,4073,1690,230524,5802,590,0,304,12006,0,2794,0,293,182328,209881,260
,溪美里,518,569583,6579,2196,449213,24119,4249,877,308,73613,0,7590,0,840,377240,497967,162
,六分里,169,132853,5739,1015,111421,3427,878,251,106,9092,0,924,0,0,90005,111438,91
,田寮里,447,321867,9146,938,278229,11712,1376,160,255,15965,26,3989,0,71,218541,262179,23
,六德里,269,179621,4255,469,151976,6970,1324,324,146,12679,0,1434,0,43,116281,143926,47
,東昌里,239,171483,5356,2466,141357,8076,956,178,185,11036,0,1833,0,40,110563,140689,92
,東隆里,227,169774,4874,1129,148422,5465,179,975,177,6002,141,2365,0,44,116953,138305,18
,牛庄里,462,485593,7004,3101,283676,12931,1026,335,381,173981,16,3073,0,68,225937,427854,14
,嘉南里,253,183438,3528,1386,149321,9053,1786,181,279,15947,82,1848,0,28,115794,149911,3
"表166-D(103年度)各類所得金額各縣市鄉鎮村里統計表-縣市別：臺 南 市,單位：金額(千元)",,,,,,,,,,,,,,,,,,
鄉鎮市區,村里,納稅單位,合　　計,營利所得,執行業務所得,薪資所得,利息所得,租賃及權利金,財產交易所得,機會中獎所得,股利所得,退職所得,其他所得,稿費所得,申報大於歸戶,薪資淨所得,按薪資淨所得計算之綜合所得,稿費收入
,嘉北里,408,300542,4415,746,253145,10697,2275,74,332,25603,0,3229,0,27,198577,246506,4
,小新里,2131,2374005,45009,12852,2049889,62627,9580,8137,2121,144002,319,34559,62,4849,1742042,2066961,559
,光文里,1873,1894964,43130,35141,1490338,87909,20387,6373,1896,180541,405,26222,170,2451,1252319,1656946,716
,其　他,0,0,0,0,0,0,0,0,0,0,0,0,0,0,0,0,0
,合　計,11853,11050155,231182,123367,8976819,426316,94471,30840,10860,999068,1664,144038,232,11297,7412731,9488622,2989
新市區,新市里,867,717707,12644,17692,523388,34302,15299,4235,675,98942,249,9217,155,909,415698,610017,524
,新和里,2071,1695027,57628,20045,1287623,76337,30996,2108,1318,189405,1488,27134,0,944,1027212,1434616,626
,社內里,643,496518,11982,4800,402908,17164,12876,893,455,37793,34,4647,0,2966,314612,408223,147
,大洲里,171,110388,4599,625,95823,3108,948,238,141,3918,0,728,0,259,74878,89443,9
,豐華里,256,166880,4047,1103,136105,5489,3268,230,165,13720,0,2617,0,137,103183,133957,23
,三舍里,467,489564,9420,2814,391631,13108,3843,2958,238,52238,0,13129,0,185,326862,424795,103
,大營里,1006,797330,16601,4325,661301,26911,6905,569,785,60384,0,19332,0,218,523759,659788,318
,大社里,1364,1076857,15370,7079,915303,32047,8955,1007,1550,83489,39,11609,29,380,718451,880321,545
,潭頂里,491,349800,12017,2305,280309,13840,4528,243,494,32014,1382,2631,0,35,214554,284389,9
,港墘里,1099,736300,19012,9311,603628,28719,5841,864,582,55838,48,11563,0,894,463104,595777,219
,永就里,942,742303,26215,6964,592450,21682,11457,3561,828,71961,0,6064,0,1121,469244,619097,65
,其　他,0,0,0,0,0,0,0,0,0,0,0,0,0,0,0,0,0
,合　計,9377,7378674,189535,77065,5890469,272706,104914,16906,7232,699702,3241,108672,184,8048,4651557,6140421,2588
安定區,蘇林里,557,412926,9298,1507,325154,19037,2369,1209,224,46566,0,3983,0,3577,251596,339368,115
,蘇厝里,544,400393,12491,2361,332243,16117,3132,1221,439,28377,0,3845,1,166,258615,326765,437
,安定里,400,283818,10385,4597,230583,13463,2124,496,224,19445,11,2349,0,141,178970,232623,50
,保西里,212,165049,3081,6183,128976,8788,3273,0,119,12674,0,1716,0,239,101819,137892,10
,安加里,328,282565,10143,1876,213061,9008,2204,0,200,43734,0,2267,1,71,168959,238463,320
,港尾里,387,280167,10500,2718,224546,9530,3846,369,197,25157,51,2434,121,697,172910,228409,431
,中榮里,488,418581,6092,9053,361286,8023,2682,2855,348,21153,0,6877,0,212,293807,351103,62
,港口里,739,549729,20883,9865,445869,15585,4603,288,410,44954,212,6422,0,639,348545,452406,123
,港南里,671,438150,18123,6685,349644,11836,6058,239,612,41487,48,3129,70,219,262879,351341,296
,六嘉里,386,225149,16727,2198,175790,5326,2295,470,195,19387,31,2721,0,9,130521,179880,136
,新吉里,637,490320,26858,4080,386025,13674,7068,590,429,43376,39,7722,0,459,301860,406154,180
,海寮里,648,457309,31840,3930,353212,14310,7815,965,551,40842,0,3800,0,43,272820,376917,285
,南安里,163,133010,2654,281,95379,8168,2405,64,174,23565,0,299,0,20,74427,112058,26
,中沙里,180,287320,9469,395,84005,11105,3629,364,69,177891,0,393,0,0,62712,266027,28
,大同里,174,103607,7086,1043,73148,4304,3787,146,80,13529,0,465,0,17,51873,82332,5
,管寮里,235,150432,4903,480,123755,6359,2574,193,107,9883,0,1004,0,1176,94382,121059,48
,其　他,0,0,0,0,0,0,0,0,0,0,0,0,0,0,0,0,0
,合　計,6749,5078526,200532,57252,3902677,174634,59863,9468,4379,612021,393,49427,193,7686,3026695,4202796,2552
山上區,山上里,246,158104,3313,823,133130,7116,1388,152,111,8337,18,3716,0,0,101572,126546,13
,南洲里,434,296587,4859,2770,234754,17725,3602,416,145,26043,0,6144,0,130,180913,242745,13
,明和里,468,374933,7408,1829,269315,11188,4042,77,149,77793,0,3113,0,19,206557,312175,185
"表166-D(103年度)各類所得金額各縣市鄉鎮村里統計表-縣市別：臺 南 市,單位：金額(千元)",,,,,,,,,,,,,,,,,,
鄉鎮市區,村里,納稅單位,合　　計,營利所得,執行業務所得,薪資所得,利息所得,租賃及權利金,財產交易所得,機會中獎所得,股利所得,退職所得,其他所得,稿費所得,申報大於歸戶,薪資淨所得,按薪資淨所得計算之綜合所得,稿費收入
,新莊里,276,187459,660,984,163959,5350,4426,137,261,9746,0,1936,0,0,124964,148463,4
,玉峰里,93,56930,1405,65,48746,2075,463,0,33,3578,72,494,0,0,36371,44556,0
,豐德里,77,50732,2848,128,38273,701,1626,0,34,3319,0,3803,0,0,28286,40745,0
,平陽里,75,46360,1268,19,40029,2092,237,125,248,2166,0,175,0,0,30568,36898,25
,其　他,0,0,0,0,0,0,0,0,0,0,0,0,0,0,0,0,0
,合　計,1669,1171104,21761,6618,928207,46247,15784,906,981,130982,90,19380,0,149,709231,952128,241
玉井區,玉井里,224,162771,4893,6307,125952,10729,1105,46,302,11541,67,1619,0,209,102789,139608,75
,玉田里,932,667252,22191,8664,518649,46330,9031,565,924,51243,1262,7248,54,1092,415100,563954,501
,中正里,232,153457,2138,2929,132633,7067,898,291,67,5000,0,2358,0,75,105313,126138,163
,竹圍里,287,178388,2618,1246,149117,9660,249,2648,137,10422,0,2175,0,116,116816,146088,3
,沙田里,92,63640,1521,413,47916,3308,215,156,8,7379,0,1691,91,941,36970,52694,311
,三埔里,82,58257,3196,247,46333,3602,712,109,3,3616,0,440,0,0,36294,48218,31
,三和里,131,92847,816,61,83832,2430,680,52,208,3541,0,1198,0,28,66737,75752,15
,望明里,262,169910,3187,283,145772,7787,159,253,143,11005,0,1314,0,6,112693,136831,6
,層林里,99,62503,1634,551,53780,1469,755,54,16,3756,0,395,0,92,42138,50861,0
,豐里里,169,108294,2662,1272,93320,5589,1399,21,69,3137,0,805,0,20,73159,88133,31
,其　他,3,1311,23,0,1245,0,0,0,0,0,0,43,0,0,921,987,0
,合　計,2513,1718630,44879,21972,1398550,97971,15204,4196,1878,110640,1329,19287,145,2579,1108932,1429263,1134
楠西區,楠西里,356,225520,6281,3442,185248,9819,3775,168,360,14528,55,1782,0,62,145213,185485,26
,灣丘里,180,108761,1666,1061,89283,3448,1910,59,144,8837,14,2222,0,116,68468,87946,98
,密枝里,86,68030,1525,3989,52886,1158,354,45,134,7376,0,490,0,72,41431,57032,0
,照興里,143,77557,776,1075,67910,3915,165,115,55,2021,0,1503,0,21,51115,60762,54
,鹿田里,162,104329,1780,733,89888,4374,610,40,35,6120,0,563,0,186,71449,85891,7
,龜丹里,102,70731,4683,1026,51225,2691,1289,38,61,9187,0,320,0,211,40373,59879,0
,東勢里,432,263974,8620,3926,218457,14989,2228,79,159,11998,138,3010,300,70,171388,217234,622
,其　他,0,0,0,0,0,0,0,0,0,0,0,0,0,0,0,0,0
,合　計,1461,918903,25332,15252,754898,40395,10331,543,948,60068,207,9891,300,738,589438,754229,806
南化區,南化里,297,191921,5243,4071,159515,10626,701,139,101,9672,102,1606,0,144,124083,156849,29
,小崙里,124,73912,3219,77,61092,3356,112,0,68,5346,0,541,0,101,47241,60060,0
,中坑里,90,61484,2919,1708,49379,4164,425,60,31,2261,150,387,0,0,39052,51157,50
,北平里,71,44743,783,372,37141,2389,649,0,33,2885,0,491,0,0,29215,36817,0
,東和里,100,68733,2274,366,52073,2122,1232,119,24,9222,64,1174,0,63,39598,56257,15
,西埔里,144,89877,7021,2826,67527,3155,50,1040,1262,6522,0,467,0,6,50775,73532,110
,北寮里,202,132378,2826,470,97736,4661,5642,286,128,19593,0,1036,0,0,74063,109172,0
,玉山里,162,99428,5732,4371,72194,5099,2353,66,54,9193,0,366,0,0,54443,81677,50
,關山里,141,93998,4398,97,79524,1734,320,89,88,6981,0,768,0,0,60951,75425,0
,其　他,0,0,0,0,0,0,0,0,0,0,0,0,0,0,0,0,0
,合　計,1331,856473,34415,14356,676181,37305,11483,1799,1791,71675,315,6837,0,314,519420,700947,254
左鎮區,光和里,60,49759,655,450,32025,3046,1150,73,22,12065,0,272,0,0,25548,43281,21
"表166-D(103年度)各類所得金額各縣市鄉鎮村里統計表-縣市別：臺 南 市,單位：金額(千元)",,,,,,,,,,,,,,,,,,
鄉鎮市區,村里,納稅單位,合　　計,營利所得,執行業務所得,薪資所得,利息所得,租賃及權利金,財產交易所得,機會中獎所得,股利所得,退職所得,其他所得,稿費所得,申報大於歸戶,薪資淨所得,按薪資淨所得計算之綜合所得,稿費收入
,榮和里,108,68677,3209,1200,54592,6373,648,0,10,1221,0,1316,0,108,42034,56120,10
,左鎮里,80,46138,1031,126,39565,2435,13,31,64,2572,0,292,0,10,28888,35461,1
,中正里,156,112781,2805,2368,85790,10210,572,147,37,10016,0,763,0,73,67656,94646,18
,睦光里,78,50756,268,85,44075,1206,180,36,98,4291,0,225,0,293,34458,41139,0
,內庄里,73,50869,2712,209,40542,3354,108,43,26,3321,0,553,0,0,31010,41336,7
,岡林里,54,29014,2369,819,23183,925,56,0,7,1145,0,268,0,240,16663,22494,26
,草山里,33,19231,4158,20,13522,1043,24,0,7,182,0,88,188,0,10137,15827,448
,二寮里,26,15847,110,525,13012,322,153,0,1,1598,0,90,0,36,9191,12026,0
,澄山里,51,30740,3138,477,25260,565,16,0,34,1055,0,193,0,0,19703,25183,18
,其　他,1,50,0,0,47,3,0,0,0,0,0,0,0,0,0,3,0
,合　計,720,473862,20456,6280,371614,29484,2920,330,306,37465,0,4061,188,759,285287,387517,548
仁德區,太子里,1493,1031327,48794,12370,793584,35190,15224,2343,1133,112137,447,10233,0,-130,609702,847537,301
,土庫里,720,522282,31866,13209,379497,18388,9163,532,553,63604,1243,4071,0,157,295819,438557,252
,一甲里,895,820776,30125,7388,559497,31395,12403,1472,668,170176,259,5819,131,1441,446566,707844,924
,仁德里,2266,1977441,51005,29131,1598081,66070,29918,6493,2285,170319,266,18811,630,4432,1301109,1681979,2129
,新田里,953,718635,25483,7064,553088,22916,15695,945,849,83081,1438,6915,0,1160,430754,596300,166
,後壁里,2652,1998767,65014,28019,1593066,61236,20767,3852,3000,186498,1041,33114,0,3159,1250842,1657025,606
,上崙里,1395,1001427,39806,10550,817585,24362,4205,1507,1130,90352,76,10468,51,1335,633341,817438,375
,田厝里,357,237618,4182,1443,173658,8223,3800,224,341,42418,0,3040,0,289,130780,194740,124
,三甲里,212,167375,9953,1119,127140,5402,2093,392,260,17883,0,2049,0,1084,100330,140565,95
,保安里,808,647954,18969,5904,434891,20009,10116,379,603,152072,68,4309,0,634,336515,549578,216
,二行里,581,488095,26545,4366,317018,18551,10454,644,430,106003,49,2879,0,1156,246194,417271,41
,大甲里,594,394861,26788,4476,308970,12253,2225,415,501,34949,0,4064,0,220,237275,323166,140
,中洲里,356,256989,12414,965,197892,9303,1937,360,178,31667,0,2259,0,13,153166,212263,183
,中生里,338,236307,4365,2197,195318,9965,1427,64,335,16745,0,5837,0,53,150742,192521,156
,仁和里,232,144871,2416,1704,121570,13691,164,787,54,3046,415,836,0,187,95958,119259,12
,成功里,1250,1014811,20605,10974,774381,49413,6526,1492,820,138430,431,8147,272,3320,623522,863941,1407
,仁愛里,420,345146,14166,3926,269453,21504,4056,3085,368,24419,82,1976,0,2112,217446,293139,102
,仁義里,2946,2425457,87223,42909,1813560,93221,42826,4086,2433,310525,107,23594,217,4755,1444970,2057307,1512
,其　他,4,3389,2000,10,637,2,0,0,0,739,0,0,0,0,363,3114,0
,合　計,18472,14433527,521719,187724,11028888,521095,193000,29072,15940,1755064,5923,148422,1301,25379,8705393,12113544,8741
歸仁區,南保里,1902,1453768,36654,17620,1149460,53936,18928,1315,2016,154647,187,18325,0,679,902379,1206688,376
,六甲里,995,727967,20382,8476,583574,22055,10275,337,960,71748,77,7732,576,1776,454506,599196,1239
,歸仁里,716,614708,15995,8281,471467,30826,9456,636,745,69309,99,7102,0,791,380604,523845,232
,後市里,1029,869113,25701,28481,597568,40525,21091,686,899,138377,0,14381,0,1404,472994,744916,589
,辜厝里,956,726086,18588,16257,571579,23536,9331,1100,1447,72851,229,10816,0,351,447798,602995,286
,許厝里,942,709495,17514,13582,558844,31241,7522,1222,785,65628,176,12519,0,462,441800,592647,199
,看西里,624,513130,20053,4480,401090,16590,2761,1228,495,61980,129,4192,0,131,317621,430013,364
,看東里,559,410136,11951,2842,339733,13388,1780,93,481,36734,0,2962,0,173,265001,335404,103
"表166-D(103年度)各類所得金額各縣市鄉鎮村里統計表-縣市別：臺 南 市,單位：金額(千元)",,,,,,,,,,,,,,,,,,
鄉鎮市區,村里,納稅單位,合　　計,營利所得,執行業務所得,薪資所得,利息所得,租賃及權利金,財產交易所得,機會中獎所得,股利所得,退職所得,其他所得,稿費所得,申報大於歸戶,薪資淨所得,按薪資淨所得計算之綜合所得,稿費收入
,崙頂里,797,753483,24474,18967,578392,30079,4515,251,628,87442,323,7839,0,574,470727,645819,291
,沙崙里,172,139536,4047,1839,88889,2084,806,64,156,41083,0,536,0,32,65523,116505,103
,大潭里,447,373991,18176,4193,258608,14691,5282,447,287,69966,43,2218,0,79,204195,319577,199
,武東里,421,361296,17713,4479,266236,12724,4491,217,219,52216,0,2739,0,261,212730,307790,404
,八甲里,706,562853,9795,8134,435705,17833,3534,629,540,80286,4,5713,0,681,343536,471010,497
,七甲里,898,671146,20524,4438,560575,19709,8982,953,580,48623,70,6250,0,444,440580,551994,97
,媽廟里,539,396564,16855,6822,288177,22844,8171,366,510,47695,0,4678,0,447,224734,333121,105
,西埔里,480,337798,8734,4290,272048,12669,2426,300,255,33744,75,2382,0,874,209808,276026,94
,大廟里,735,516535,30968,3838,381554,14618,14331,1775,367,65501,62,3158,8,355,290521,425497,218
,南興里,1245,1000231,28658,7009,794685,35439,18739,2828,1470,101136,162,9583,0,522,626566,832438,439
,新厝里,732,540324,17716,7858,435454,23359,6258,174,924,42459,0,5817,6,298,345792,451111,670
,歸南里,656,469596,13012,2235,373621,15114,6607,425,414,50254,0,7866,0,47,288626,384601,111
,文化里,943,719263,24002,10546,564034,31284,4625,1608,1242,73037,945,7580,0,360,438507,594075,277
,其　他,3,1135,352,107,629,9,0,0,2,0,0,32,0,4,521,1027,0
,合　計,16497,12868155,401867,184774,9971923,484551,169910,16654,15424,1464716,2581,144419,591,10745,7845071,10746296,6895
關廟區,關廟里,622,495732,10038,6603,366178,21709,2177,192,1370,82843,638,3804,0,182,288161,418444,152
,山西里,520,377861,7965,3164,304498,20988,1479,70,443,35770,61,3149,0,274,238491,312809,261
,香洋里,907,671783,11483,12710,504840,36018,10513,1956,373,85012,107,6573,0,2199,400000,567717,221
,北勢里,626,432334,8886,1487,365244,20382,3294,370,769,25950,1333,4151,0,468,284324,352249,142
,新埔里,232,150219,1863,3437,132797,3839,859,0,170,5814,0,1346,0,93,99465,117930,17
,五甲里,853,549910,20408,3483,461053,17530,2550,207,957,37748,0,5292,0,684,349676,440581,46
,東勢里,790,505956,11667,6852,444209,13862,1890,685,420,19362,0,3927,0,3079,338789,402102,160
,松腳里,516,698438,5296,4535,309147,9329,1922,194,664,361218,243,5581,0,308,241239,630530,49
,南花里,416,300111,6198,1408,246971,14356,1332,95,576,24500,14,4427,0,234,193684,246824,13
,北花里,536,355193,8532,1483,286296,9787,2572,115,317,43551,0,2075,120,345,218342,287460,496
,深坑里,400,272698,6128,1435,220079,8456,2747,16,292,31684,25,1496,0,339,166181,220878,31
,布袋里,308,180816,7859,1047,133105,6354,3776,110,136,24241,0,4143,0,45,96321,145000,40
,田中里,150,87694,5682,171,70455,3540,574,77,109,6157,0,799,0,129,50950,68871,0
,龜洞里,176,107325,2003,375,89821,2949,726,105,23,8972,0,731,0,1621,65381,84656,59
,埤頭里,389,261778,17801,6891,202701,6564,2899,114,246,22713,74,1719,0,55,156209,215286,24
,下湖里,99,59461,1275,944,48163,2374,828,0,46,5451,0,347,0,33,35897,47195,3
,新光里,130,70090,1142,1370,59607,969,255,14,65,6220,0,446,0,0,43663,54553,11
,其　他,0,0,0,0,0,0,0,0,0,0,0,0,0,0,0,0,0
,合　計,7670,5577398,134226,57396,4245164,199006,40393,4321,6978,827206,2495,50008,120,10087,3266773,4613085,1725
龍崎區,崎頂里,221,145514,3052,541,110842,8501,1472,196,190,19530,0,1023,0,167,83392,117963,72
,土崎里,120,72073,1731,1084,62446,2721,683,0,44,3086,0,275,0,3,46825,56452,0
,中坑里,28,36586,98,136,17827,837,978,0,12,16513,0,185,0,0,14510,33269,0
,楠坑里,58,45334,60,0,38137,2763,67,0,74,3935,0,196,100,1,30897,38574,329
,牛埔里,86,57846,669,804,42343,4862,768,31,37,8085,0,246,0,0,32211,47714,0
"表166-D(103年度)各類所得金額各縣市鄉鎮村里統計表-縣市別：臺 南 市,單位：金額(千元)",,,,,,,,,,,,,,,,,,
鄉鎮市區,村里,納稅單位,合　　計,營利所得,執行業務所得,薪資所得,利息所得,租賃及權利金,財產交易所得,機會中獎所得,股利所得,退職所得,其他所得,稿費所得,申報大於歸戶,薪資淨所得,按薪資淨所得計算之綜合所得,稿費收入
,大坪里,61,34557,2576,87,27292,1310,16,0,8,3151,0,117,0,0,19691,26956,0
,龍船里,71,50373,1402,237,42234,2273,292,9,36,3237,0,591,0,62,33441,41580,0
,石𥕢里,63,40214,608,318,35237,749,186,0,33,2753,0,463,0,-133,26945,31922,0
,其　他,0,0,0,0,0,0,0,0,0,0,0,0,0,0,0,0,0
,合　計,708,482496,10196,3207,376359,24017,4462,236,434,60289,0,3095,100,100,287913,394429,401
永康區,永康里,2407,2043973,51407,37551,1609804,87904,32645,8701,2181,175993,10577,22068,85,5056,1313715,1748194,1532
,埔園里,3326,3041147,75621,30069,2544963,94810,28120,7219,3343,216739,1950,34936,27,3350,2088556,2584751,1765
,網寮里,1953,1796088,42969,32958,1349586,57153,16682,3028,1452,274944,214,15463,254,1385,1090323,1536824,1468
,王行里,735,742236,18707,4589,410969,33053,12617,951,574,256684,0,3846,0,245,316578,647845,281
,龍潭里,3155,2739102,116842,28729,2188355,89455,24419,7678,2130,249078,415,29168,0,2832,1758815,2309562,770
,大灣里,974,733226,24014,14266,586695,33346,17402,900,897,46453,4,8164,25,1060,469325,615856,450
,東灣里,949,687156,25885,11942,534920,31688,8310,312,342,67910,193,5532,4,119,421819,574392,610
,西灣里,2248,1880206,73489,40744,1428567,75689,36569,4413,1934,197696,867,17693,580,1965,1150857,1602723,3210
,南灣里,1054,706275,31611,6715,530103,28988,17423,2776,917,80642,109,5442,0,1548,407457,583630,296
,北灣里,2571,2110645,83945,23099,1754340,68675,15128,2914,2101,134352,381,22695,0,3016,1408620,1764434,981
,西勢里,1886,1495484,47232,14287,1254273,47710,10787,2332,1527,95278,1200,19074,1,1783,1001310,1242521,903
,新樹里,393,296398,24951,2763,199228,10613,20114,196,348,35274,11,2184,0,717,152105,249544,39
,三民里,384,372011,17142,1038,257421,10528,11137,1135,290,68290,0,3365,0,1664,209059,323650,73
,𥂁行里,2895,2522350,91391,29625,1777896,92705,54697,16389,2095,426300,0,27881,0,3371,1421760,2166214,945
,蔦松里,518,383923,18236,6872,280466,12504,17229,666,384,44213,457,2887,0,10,216545,320001,52
,烏竹里,804,654766,20192,3806,558460,18767,5712,525,515,41726,65,4760,0,239,448818,545556,194
,建國里,412,286470,12197,7419,205062,14244,4033,987,207,39135,51,1865,0,1268,157892,239300,56
,復興里,373,274665,7857,8533,223074,11279,2870,1021,189,17137,129,2539,0,36,180905,232496,136
,成功里,476,329873,12535,9036,265753,18959,1747,1654,339,15174,989,3092,32,563,210775,274864,400
,光復里,113,73810,1497,1378,63275,3843,695,285,16,2034,278,509,0,0,51047,61582,183
,神洲里,261,156914,2533,909,137227,8400,540,233,168,5837,56,903,0,107,106425,126113,304
,勝利里,2138,1771487,35781,43549,1429440,77149,13357,10750,1688,139783,319,18193,110,1368,1167972,1505196,2205
,大橋里,1841,2427886,27730,38382,1777056,86334,29550,3533,1916,446416,457,15282,47,1186,1554640,2205467,2250
,五王里,1631,1189501,27435,27404,972374,46590,8229,1858,1284,90557,192,12814,21,746,775861,992988,677
,崑山里,1816,1458863,57738,42760,1070633,62702,37552,4818,991,163843,395,13859,538,3035,850451,1238673,1374
,𥂁洲里,1924,1611532,56327,13972,1207383,65163,43858,4156,1349,204239,762,12386,0,1938,963280,1367429,650
,甲頂里,694,519555,23951,3020,391991,23640,9901,848,781,60760,5,3052,121,1487,310835,438399,721
,復國里,2186,1582623,30454,23805,1337853,65106,8991,4639,1900,87117,1659,18619,15,2463,1061415,1306269,1104
,中興里,944,674416,18630,12117,536133,41006,6137,6140,532,44011,24,9423,171,91,425755,564254,915
,正強里,2421,1953193,42200,33413,1608334,78892,13003,2835,1769,147175,442,23760,30,1339,1296739,1641619,2074
,二王里,2352,1991086,45300,25778,1612343,79394,15051,2529,2483,175332,4421,24960,427,3067,1309289,1687944,1820
,中華里,901,1016416,20807,36134,632850,54554,14704,2862,863,242053,1177,8437,349,1627,528904,912471,2769
,東橋里,1636,1838710,38849,29887,1433714,67451,33781,11352,1293,201742,0,20220,0,421,1213914,1618922,1044
,安康里,1478,1398146,19755,45230,976311,48524,12500,3056,1276,277258,447,12315,26,1447,795300,1217214,1029
"表166-D(103年度)各類所得金額各縣市鄉鎮村里統計表-縣市別：臺 南 市,單位：金額(千元)",,,,,,,,,,,,,,,,,,
鄉鎮市區,村里,納稅單位,合　　計,營利所得,執行業務所得,薪資所得,利息所得,租賃及權利金,財產交易所得,機會中獎所得,股利所得,退職所得,其他所得,稿費所得,申報大於歸戶,薪資淨所得,按薪資淨所得計算之綜合所得,稿費收入
,西橋里,951,743893,14085,17730,591656,37807,6626,2610,682,64438,36,7930,0,294,477810,630048,520
,六合里,1708,1474946,24852,35324,1172468,55568,29796,16932,1201,117475,548,19598,474,709,956145,1258961,2747
,三合里,928,638901,13141,8146,546879,18074,3453,1654,807,40565,0,5882,54,248,429478,521500,491
,尚頂里,1444,1335761,94905,10838,737459,61743,34298,3255,670,379498,165,8246,0,4686,571918,1170220,806
,復華里,2693,2209438,44196,37628,1808801,90844,13562,3855,1792,169879,7464,29487,124,1805,1458774,1859352,2481
,其　他,16,12193,6,2,10554,899,0,0,86,604,0,41,0,0,8754,10392,0
,合　計,57589,49175264,1436395,801452,38014670,1911753,673223,151998,45311,5543634,36456,498566,3513,58294,30739941,41897371,40327
其　他,其　他,56,62619,1798,406,49370,2630,525,240,110,6542,0,513,0,486,42183,55432,28
,合　計,56,62619,1798,406,49370,2630,525,240,110,6542,0,513,0,486,42183,55432,28
