"表166-A(103年度)各類所得金額各縣市鄉鎮村里統計表-縣市別：臺 北 市,單位：金額(千元)",1,2,3,4,5,6,7,8,9,10,11,12,13,14,15,16,17,18
鄉鎮市區,村里,納稅單位,合　　計,營利所得,執行業務所得,薪資所得,利息所得,租賃及權利金,財產交易所得,機會中獎所得,股利所得,退職所得,其他所得,稿費所得,申報大於歸戶,薪資淨所得,按薪資淨所得計算之綜合所得,稿費收入
松山區,中崙里,1442,2059360,18686,54277,1359413,102523,94532,22646,3252,357186,1206,40365,995,4280,1182270,1881874,4607
,自強里,3127,4333210,16827,85847,3219224,258962,38928,15885,4706,572735,44984,55199,1711,18202,2841570,3955433,8863
,鵬程里,1896,2469689,11101,40039,1765326,118798,46045,6730,2970,402973,19390,23662,992,31664,1531927,2236161,4033
,東榮里,2998,5871474,28575,239941,3200582,316232,239375,33141,2969,1656141,37304,66181,4478,46556,2866954,5537524,16177
,介壽里,1588,2693895,15557,97182,1622527,133122,106714,8633,1874,624046,40518,32609,697,10416,1441932,2514162,4397
,東勢里,1657,3446660,10416,43122,1483716,140012,141360,12169,2103,1567977,8823,32661,214,4088,1293409,3256554,3955
,東光里,2663,3659394,23425,75834,2386729,238790,162531,29117,2232,686408,7381,39027,1366,6554,2091358,3363793,7654
,中正里,3531,7518176,87539,194027,3706341,285602,459689,36824,4001,2643795,10120,75257,2481,12499,3284565,7096182,13750
,復盛里,2326,2628591,13294,45228,1802907,160492,69374,7564,2082,477969,11463,29115,550,8554,1532975,2358575,5637
,復勢里,2298,3245373,12952,106872,1941942,188203,173624,10964,2904,755004,1353,38827,1669,11058,1680650,2983672,7587
,美仁里,1238,2021690,22851,41687,1208888,100442,114723,15081,1704,475822,10847,21117,85,8443,1064549,1877351,1763
,吉仁里,1441,2041517,10607,55645,1299848,110097,79570,11540,1225,435905,9525,21742,543,5270,1135942,1877482,2937
,精忠里,1563,3141919,17105,145991,1668003,137865,115496,8988,1154,986390,18548,24378,626,17375,1490597,2964639,4968
,東昌里,917,9834963,5020939,16284,937433,94493,59671,3153,1382,3613489,14732,17901,61,55425,830651,9728109,2475
,福成里,1006,4183854,7444,57130,968443,91725,77677,25392,554,2927842,88,10313,378,16867,857482,4072766,3525
,中華里,2330,7160617,17051,128300,2845795,243154,189747,18543,2728,3576603,61407,45993,3411,27886,2571833,6884786,13152
,吉祥里,3207,4430979,34380,71595,2740034,228962,157166,28026,3043,1103177,12041,40774,920,10861,2372587,4063478,6876
,新東里,1788,2063374,14422,37599,1505884,112765,57512,8439,1931,292046,2805,23156,1114,5701,1296421,1850399,5108
,三民里,2533,3986764,36937,52409,2402263,201453,119901,26404,2705,1032841,36516,59479,1349,14510,2115937,3700429,8562
,復建里,1643,2161002,13047,49479,1543660,129137,86342,14011,1720,285125,4560,30845,739,2338,1347683,1964632,4994
,敦化里,2585,4072828,88150,64386,2411704,226757,212898,7613,2754,984466,8540,36510,1699,27351,2109460,3782119,8863
,安平里,2902,2920752,24991,47589,2154157,155324,87481,15454,2683,369492,9392,40881,640,12669,1817827,2584306,5324
,富錦里,1878,3309138,26048,77437,1700777,152254,82793,11720,2542,1193982,3539,23034,1884,33127,1483659,3089497,7103
,莊敬里,1765,1683043,9452,23783,1360825,95615,36550,4286,1412,116373,9183,18978,246,6340,1145450,1467633,2337
,新益里,1715,1870152,16171,27264,1410220,100204,50361,9700,1777,225036,628,22299,1609,4883,1206014,1665820,5157
,富泰里,1694,2156637,15001,32064,1565019,110257,48401,8264,1713,334983,9768,21854,873,8441,1376740,1968150,6524
,龍田里,3611,5883374,27384,108763,4158960,309923,98250,30877,4940,1039230,21167,66444,2025,15409,3713526,5436723,10637
,慈祐里,2353,2209186,26886,51327,1612603,107479,129009,13258,2591,201994,5157,34487,88,24304,1346413,1942928,3541
,復源里,1140,1631486,57273,35992,1031719,79297,49203,14072,987,340850,2073,17104,175,2740,900218,1499984,2429
,民福里,2294,2536222,13734,31863,1843040,152975,70110,6543,2393,373095,5698,33672,862,2236,1577193,2270173,5345
,松基里,1413,3534121,17965,50253,1712873,96922,122906,33708,1394,1428436,6212,39310,53,24090,1550940,3372213,2632
,新聚里,2982,3723267,23872,62928,2399937,178745,153439,10611,4063,827000,3065,49578,2981,7048,2043429,3368497,10804
,民有里,3464,6561100,146161,106945,3492375,364538,571581,29954,3653,1756567,19920,60296,2856,6255,3126515,6195705,11821
,其　他,177,175635,2568,3295,130552,8387,6943,2923,126,13990,638,942,51,5219,115410,160466,256
,合　計,71165,121219440,5928808,2362376,66593720,5531506,4309903,542230,80265,33678966,458591,1193993,40421,498662,58344090,112972214,213796
大安區,建安里,2009,3633479,45459,63611,1761132,182847,315725,17923,3639,1169631,7296,19735,2372,44109,1567308,3438073,9296
,通安里,1972,2541977,22631,61274,1661646,141961,121598,11298,2777,471830,5595,32559,1374,7436,1439392,2320327,7497
,民輝里,2665,11491817,129089,121896,2858198,322741,329916,36423,3814,7567666,24200,60629,10077,27169,2574153,11197002,26036
,德安里,2108,3943984,20085,91683,2033441,203576,189982,31940,1899,1250762,29828,38184,901,51705,1821042,3731316,7489
"表166-A(103年度)各類所得金額各縣市鄉鎮村里統計表-縣市別：臺 北 市,單位：金額(千元)",,,,,,,,,,,,,,,,,,
鄉鎮市區,村里,納稅單位,合　　計,營利所得,執行業務所得,薪資所得,利息所得,租賃及權利金,財產交易所得,機會中獎所得,股利所得,退職所得,其他所得,稿費所得,申報大於歸戶,薪資淨所得,按薪資淨所得計算之綜合所得,稿費收入
,敦安里,2392,5601452,50132,112050,2546940,244976,244409,32221,2540,2234396,8228,74968,4575,46015,2299127,5352520,16789
,光明里,1224,2762446,7446,58849,1476202,109540,66712,9200,1316,992917,5542,13512,2106,19104,1323404,2609391,8506
,永康里,1332,2058450,20454,34582,1295012,125000,163765,13412,1511,359104,10926,21302,2498,10884,1147488,1910275,6915
,福住里,2288,6054520,17636,118382,2548889,247868,188786,30187,4964,2810742,13019,45438,5013,23597,2285960,5784592,17887
,仁愛里,2191,6786156,111908,106766,2062191,281280,458840,48005,1742,3571187,8254,54251,2582,79150,1859880,6572817,10213
,義村里,2263,4546067,64834,68854,1923475,189226,102496,15880,2481,2087149,3379,23322,2491,62480,1680411,4298925,8592
,臥龍里,681,1001211,70162,24248,682249,68546,31305,2817,1242,111342,945,6677,1238,439,606605,924866,5225
,通化里,2108,2920971,34584,50768,1675386,139521,143281,16654,2053,808205,542,28049,1122,20806,1436059,2681489,5816
,龍生里,2390,3952456,17912,81163,2718646,271689,116849,15264,2791,646447,9798,40542,2627,28729,2438131,3669243,16116
,新龍里,2398,3411646,12730,73411,2541145,217654,68779,10392,2631,429100,1936,38386,3032,12450,2256269,3124507,13106
,住安里,1802,2895098,25189,44449,1574104,141459,111202,13580,1773,959514,399,15099,1608,6721,1378281,2698888,6682
,錦泰里,1269,2880400,10996,40896,1350520,136855,49955,6808,1715,1216044,17490,32135,545,16442,1200838,2729067,6030
,建倫里,2390,6825434,48326,115531,2334259,258248,460298,33309,2007,3490050,2645,41516,2961,36285,2106744,6591784,11411
,錦華里,1976,3693091,16120,89444,2085092,194191,149266,13185,2738,1056279,6711,55638,3671,20756,1847274,3448063,13516
,光武里,2887,4417426,49137,79333,2370841,239524,302544,29946,3733,1249758,18147,45341,3320,25801,2085827,4131533,12654
,仁慈里,1949,4150052,52977,79946,2307350,207174,181179,21359,3781,1227068,10527,30695,1272,26721,2092389,3934843,9364
,黎孝里,2759,2934316,19171,53081,2211718,188386,63493,10888,3311,343111,6167,27176,888,6925,1888181,2610141,7106
,民炤里,3098,8458059,65991,203833,3275918,370733,391177,67146,4823,3855037,28361,145290,3101,46649,2948711,8125680,16336
,昌隆里,1237,1770360,14177,30961,911694,142168,150428,7174,1080,472285,1900,22074,3048,13372,795278,1653189,7430
,黎和里,1696,1866567,13447,32921,1468573,88753,25979,7975,2114,198041,1765,20138,717,6145,1259955,1657933,5418
,龍雲里,1827,4087025,28325,99728,1724989,165394,187282,20976,1652,1801502,10951,35938,1204,9084,1525924,3886279,6800
,芳和里,1954,2295014,18296,44194,1735462,139914,48759,6634,2337,244411,1274,48573,1027,4133,1504065,2063369,7013
,龍安里,2316,5413706,137310,243737,2585831,286749,168173,14150,6692,1856265,34800,48959,5786,25255,2325989,5137996,21967
,義安里,2093,5614046,55244,175191,2264577,190129,293842,44343,1526,2490015,32035,38052,1468,27624,2034757,5383366,10854
,虎嘯里,1435,2481826,8802,30808,1399954,137419,112849,15124,1362,707064,12855,16988,1472,37129,1243812,2324861,8022
,龍淵里,3193,4901672,19090,116841,3440611,308436,119807,31192,6214,722750,38150,63801,4159,30621,3050464,4504261,23807
,龍坡里,2100,3443004,17214,115156,2246991,278996,93152,11115,2952,600818,15749,48509,3627,8726,2009674,3199745,20986
,龍門里,1609,3360374,105075,121170,1860814,183833,75379,9153,3232,923615,19200,36702,2566,19636,1675963,3176318,12472
,敦煌里,2307,4312587,80126,95438,2243572,232990,231848,27617,2307,1329395,13651,34353,3252,18038,1997310,4063606,13649
,羣賢里,2235,3769370,64050,75498,2068534,215209,182074,15088,4062,1044162,45299,29804,2358,23231,1837782,3533442,9924
,車層里,2450,5105999,51089,97081,2341223,243803,301511,24781,3411,1873226,8429,74874,2699,83872,2103435,4901153,10373
,光信里,2844,4882306,19163,155195,2835949,264712,209518,26672,3420,1132623,24409,107609,1444,101592,2524529,4551068,11134
,和安里,2431,9673406,274347,100068,2859776,243017,192024,57062,3447,5866665,4937,46316,1711,24036,2578280,9392986,11239
,正聲里,1855,3966748,38597,99098,1975666,176935,180209,15516,2956,1367826,6611,42269,2213,58851,1784584,3773687,9919
,誠安里,1614,2050275,9740,52762,1199736,131047,162539,21687,1625,376810,13408,40250,935,39737,1039553,1888455,5442
,華聲里,1557,3374752,52652,68617,1419662,132995,106210,14880,4191,1510063,16962,17963,4040,26516,1251669,3206641,10225
,臨江里,1325,1300418,16651,30413,1006553,68809,41699,3734,2621,111124,519,13962,694,3639,853368,1147215,3422
,龍陣里,1341,2705299,10917,61650,1285511,130544,86280,7777,2071,1054277,7533,20248,1441,37050,1138158,2557801,5869
,龍圖里,2574,4382174,31367,128386,2611182,262379,178872,30760,4640,998717,23132,50495,1692,60552,2333137,4099523,11153
"表166-A(103年度)各類所得金額各縣市鄉鎮村里統計表-縣市別：臺 北 市,單位：金額(千元)",,,,,,,,,,,,,,,,,,
鄉鎮市區,村里,納稅單位,合　　計,營利所得,執行業務所得,薪資所得,利息所得,租賃及權利金,財產交易所得,機會中獎所得,股利所得,退職所得,其他所得,稿費所得,申報大於歸戶,薪資淨所得,按薪資淨所得計算之綜合所得,稿費收入
,古莊里,2628,3692982,32389,115946,2420953,284363,153716,13208,2616,578879,10646,54999,5159,20109,2128643,3394369,22115
,錦安里,2133,4460688,16025,108953,2692094,252700,133585,22741,2851,1151727,10675,36603,4457,28279,2449155,4214019,17150
,大學里,3152,4941688,23335,120991,3224746,353213,186218,17191,4465,826196,24361,104762,4157,52054,2876542,4588050,23636
,古風里,1544,2553622,39191,52014,1513093,273867,79212,8842,1997,506601,16853,49304,432,12215,1344354,2383785,7046
,全安里,1716,4679630,34441,74978,1916153,185984,193473,16244,2350,2147193,7561,84857,1186,15209,1735220,4495274,6307
,黎元里,1791,1585488,9186,11906,1254573,77259,30671,4789,1795,170683,2756,16721,282,4866,1031087,1362002,2689
,法治里,1668,2274768,24609,48580,1573623,129944,65470,11470,2023,382804,8923,18485,971,7864,1385917,2085105,5257
,龍泉里,1797,2637959,19176,79207,1821892,177956,86952,6245,1980,408510,4553,17448,2685,11356,1619211,2433694,12342
,羣英里,2592,3323022,12850,71590,2489073,230767,36471,13820,2946,371576,8638,52858,2228,30205,2182585,3014298,10464
,學府里,774,940641,2406,12724,726150,85045,12607,6235,1364,68897,8601,11255,3515,1843,639138,853417,15446
,其　他,295,222082,835,3200,149120,15538,11585,3102,192,31054,0,7456,0,0,124078,192379,57
,合　計,108234,209030006,2193090,4449052,106562687,10573861,8389948,1025133,147773,71233110,657071,2203068,131998,1463214,94667089,197004629,592210
中正區,南門里,963,1764693,108056,63141,942625,110736,58077,3606,1676,393430,12179,25416,5674,40077,833720,1655696,12310
,龍興里,1253,1436371,9929,19894,1085633,75184,38824,7315,3423,175090,2428,17276,260,1114,922179,1272791,2060
,愛國里,1130,1421336,10826,30523,920448,101603,53599,3853,1336,267227,3932,24199,929,2861,792533,1293416,4397
,龍光里,1223,1729146,10610,46468,1187456,108490,63393,10959,1343,241345,19275,31491,604,7711,1041494,1582404,4564
,河堤里,1756,2164341,15466,53196,1418464,152672,62355,12383,1622,412372,6708,24052,788,4265,1222643,1968043,7022
,龍福里,2130,2881852,31227,105818,2031456,192868,152753,15564,2433,294878,2654,24682,406,27111,1777801,2614224,7613
,螢雪里,1552,1523825,10323,43633,1153599,100279,27906,5514,1247,155729,7016,15750,641,2188,972137,1342246,3608
,永昌里,1567,1328726,17652,19577,1062104,77520,20471,3910,1383,106089,2980,13449,82,3509,878097,1144742,1723
,文盛里,970,1399370,9478,44297,808444,98237,73902,4076,709,309924,3850,42222,1194,3039,705640,1296505,5522
,忠勤里,1825,1302378,15871,22730,1081840,57029,19008,3360,2727,83953,0,14136,648,1076,864988,1085526,2784
,永功里,2082,2257191,16868,48324,1686563,138301,54794,9196,2496,257673,3070,31129,418,8359,1436055,2006676,3814
,螢圃里,2028,2239340,12772,50064,1595015,169400,41126,12084,1915,292029,7282,27280,1016,29356,1364935,2009280,7654
,幸市里,1778,4987881,127053,147881,1754436,186691,192611,27670,1061,2490038,3188,18641,3181,35430,1566933,4789507,11188
,文祥里,2708,4647873,33687,108866,2825100,247562,168115,17364,3643,1176045,11388,37885,2377,15840,2510371,4332758,14143
,黎明里,1179,1782647,120291,65188,923616,86572,190041,18349,809,346500,194,23774,890,6422,798021,1652196,4065
,建國里,538,882521,20005,11667,515616,44350,93226,8717,512,170602,829,8560,203,8235,450046,816753,1394
,光復里,1309,2235002,99410,47506,873989,84256,232853,37803,2064,807990,2228,33489,776,12639,734922,2079838,3955
,東門里,1472,7999548,6976,51801,1613554,146926,71378,24836,2822,6039870,4111,31713,1377,4183,1436988,7821391,9448
,板溪里,1243,1430159,10292,28587,1027353,102163,79811,5815,1411,131846,14865,18053,1727,8236,887591,1290040,7236
,文北里,2142,5716642,32584,200359,3080504,233011,180449,21787,4044,1883295,17275,48495,5060,9779,2848235,5503041,18217
,梅花里,1308,2161378,18623,46386,1154281,119072,127688,8596,1604,611973,2409,33129,351,37266,1014303,2021400,3874
,廈安里,1400,1775766,49818,28498,1232281,93909,52989,8046,2711,274306,755,23321,1073,8061,1055783,1598693,4529
,網溪里,2144,2507596,9393,46413,1873616,175286,55318,10853,3192,303064,6364,21532,433,2131,1631949,2265934,7132
,林興里,1606,2084264,8014,27354,1498299,129628,38325,7023,1334,315277,9172,17158,636,32043,1306667,1889803,5868
,幸福里,1724,2753654,15841,104889,1554892,140888,149354,32090,1988,703967,6531,21988,8496,12731,1360814,2557207,19680
,水源里,1081,1172080,9557,19147,809623,82480,83924,3240,1470,142068,3706,12440,970,3456,696041,1057666,4823
,富水里,803,1046734,5195,11349,859870,49886,13862,2329,1346,95006,1650,4756,856,632,753878,940702,4892
"表166-A(103年度)各類所得金額各縣市鄉鎮村里統計表-縣市別：臺 北 市,單位：金額(千元)",,,,,,,,,,,,,,,,,,
鄉鎮市區,村里,納稅單位,合　　計,營利所得,執行業務所得,薪資所得,利息所得,租賃及權利金,財產交易所得,機會中獎所得,股利所得,退職所得,其他所得,稿費所得,申報大於歸戶,薪資淨所得,按薪資淨所得計算之綜合所得,稿費收入
,頂東里,2316,2914245,19365,53838,1970061,197363,97418,13801,2912,503800,11986,23618,1250,18832,1709705,2653128,8760
,新營里,3103,5165916,24669,156136,3486691,295479,178738,18616,4049,848545,11984,88692,4068,48250,3095621,4771481,18477
,南福里,3498,5662127,67527,209624,3657714,343997,243093,36475,5494,958973,13971,69356,3542,52361,3225679,5229686,17827
,三愛里,3130,6385472,62986,99463,3417783,319811,240186,25196,3542,2097430,25938,58517,2461,32159,3079136,6046695,16043
,其　他,16,8106,51,15,7312,18,264,0,0,443,0,2,0,0,5692,5803,86
,合　計,52977,84768180,1010415,2012632,49110239,4461667,3155849,420424,68316,22890777,219921,886202,52388,479350,42980599,78595271,244707
萬華區,柳鄉里,1458,1081404,13149,12158,883959,46492,16610,2705,1254,92267,3750,8678,75,306,707600,905045,1250
,雙園里,1485,1474311,101310,19765,1034478,67640,38629,5298,1495,177189,12080,12007,83,4338,856223,1296023,2557
,糖󿾴里,1763,1546168,23512,24969,1150610,87230,50347,3968,1853,178444,1699,17750,2253,3533,946595,1342038,6204
,西門里,1279,1305255,20289,16105,788455,69456,230551,6493,1773,155466,1065,11620,751,3230,652751,1169441,3366
,仁德里,1725,1991902,25357,62636,1312256,117906,81601,17078,1628,331927,3954,24047,558,12954,1116700,1796199,2884
,新起里,2306,2610543,32050,61319,1582058,137547,159606,14339,3306,582525,3823,27799,137,6032,1330868,2359269,2693
,日善里,1119,938198,9383,13409,704501,52145,27257,5255,1325,96325,2908,22274,2312,1103,572105,805985,4711
,菜園里,1907,1724772,26313,25544,1261297,107744,74220,8735,2116,193030,1251,14262,367,9892,1048547,1511959,1775
,頂碩里,2316,2058576,21646,67648,1546969,108508,65044,6905,2847,207490,5073,14472,396,11579,1268934,1780453,2926
,福音里,1154,1644028,171749,17493,704202,58411,55877,4405,1928,613981,5375,7941,0,2666,574182,1514008,778
,華中里,1896,1573444,20221,15418,1265302,77144,29748,4599,1667,125826,1710,13638,172,17999,1038517,1346659,2318
,青山里,1546,1343600,24397,31750,973301,64945,68037,9442,1131,153106,1100,9649,296,6447,806231,1176394,2788
,新和里,2838,2604873,12332,33105,2093040,180409,42561,12805,3280,177228,5159,34141,1148,9666,1758150,2269755,6714
,新安里,1731,1383847,13177,22357,1109791,70925,19104,6754,1328,123626,1453,12591,403,2338,903150,1177023,3097
,富民里,1500,1266455,19966,19097,871589,74802,85207,4437,1413,170054,417,14636,387,4448,709078,1103812,2853
,富福里,1525,1616250,22284,10617,1015171,83986,73828,10063,1343,384602,1340,10301,307,2408,846621,1447734,2661
,綠堤里,1034,691613,8830,13384,582887,24963,10708,1684,670,39730,3,5561,143,3049,458980,566175,876
,忠貞里,1351,1064799,7719,14857,861495,64741,12909,2796,1376,80585,378,13188,144,4611,706240,909544,1724
,日祥里,1619,1482207,14315,22909,1191901,83840,21441,8542,1963,116313,5571,13594,144,1674,999264,1289517,2626
,忠德里,1280,1090625,22455,14543,806978,61051,33437,2387,872,134863,1445,8312,170,4113,655612,938862,1602
,孝德里,990,780126,8860,11507,624085,35040,15851,2557,1263,70184,1216,9029,0,535,504800,660842,808
,保德里,1065,1226637,8954,41697,850515,62050,36643,4509,959,203137,1855,11321,251,4746,726202,1102272,1712
,全德里,1265,1251542,11726,21538,947642,64490,33332,3747,1010,146376,7621,11975,20,2066,794307,1098203,1266
,興德里,1209,975705,22371,11928,726663,47925,23977,3717,675,126547,111,9247,0,2543,591916,840957,601
,壽德里,1603,1523688,18067,29957,1165280,86272,26334,15780,2966,147013,7776,21474,210,2559,972080,1330452,2154
,凌霄里,1046,824962,11188,16498,693744,33285,7872,3194,868,45273,507,9042,109,3382,563920,695138,1363
,和平里,1906,1452104,15120,29076,1153331,66720,31901,4098,1855,128284,2721,13324,1195,4480,927968,1226697,3763
,騰雲里,1025,1034293,8057,14979,721760,58068,13587,3747,734,198599,1096,7001,182,6484,598105,910367,1338
,榮德里,987,780940,7706,8649,634304,32865,13994,3939,759,71049,558,6250,59,807,511467,658107,1001
,福星里,1627,1594364,19743,22865,1116338,76696,89818,16233,1486,217309,728,22178,498,10472,931149,1409240,4558
,和德里,1756,1352892,18887,18492,1069196,56535,32887,5581,1864,136744,502,11000,251,954,859720,1143316,1871
,萬壽里,1118,1185244,22337,21023,645534,65223,163833,12546,763,238925,1926,7607,479,5048,537718,1077170,2976
,銘德里,1453,1219898,15285,9940,981953,60315,16481,4353,1631,112360,2486,8887,687,5520,806977,1046139,2366
"表166-A(103年度)各類所得金額各縣市鄉鎮村里統計表-縣市別：臺 北 市,單位：金額(千元)",,,,,,,,,,,,,,,,,,
鄉鎮市區,村里,納稅單位,合　　計,營利所得,執行業務所得,薪資所得,利息所得,租賃及權利金,財產交易所得,機會中獎所得,股利所得,退職所得,其他所得,稿費所得,申報大於歸戶,薪資淨所得,按薪資淨所得計算之綜合所得,稿費收入
,華江里,2528,1981944,29425,29107,1531732,109417,52317,6753,3304,191799,8873,13313,716,5189,1240177,1690301,2618
,錦德里,1649,1285501,18469,13685,1019801,60079,24497,4332,1483,125945,2132,12314,296,2469,826062,1091666,1612
,新忠里,1079,962676,7548,23734,732835,78115,10255,4473,787,82239,2694,18119,420,1456,614421,844188,2199
,其　他,56,31363,777,122,25467,1080,1939,91,3,1602,0,156,124,2,20276,26172,559
,合　計,55194,49956751,854975,843879,36380418,2634061,1792239,238343,56977,6377964,102358,488695,15742,171100,29983613,43557120,89169
大同區,建泰里,1373,1573058,24207,36524,963181,72964,116606,9096,1076,323187,870,18743,154,6450,803579,1411854,2116
,建明里,1263,1476853,24134,37816,775208,68562,170598,16439,691,368514,0,10835,111,3944,643114,1344759,1886
,雙連里,3091,2940109,35527,43802,2135938,146476,115425,9904,2993,409981,803,25563,71,13627,1768610,2573458,3600
,建功里,1484,1510583,15236,14641,929556,87643,128819,6441,1011,309476,296,11308,0,6156,763815,1344842,1448
,景星里,779,598957,7092,13189,483293,24106,13783,1522,554,46704,1056,4705,0,2952,390959,506563,501
,星明里,2003,2493858,35010,39800,1424952,109085,144244,15962,1877,640485,365,66689,2212,13176,1193215,2262111,6910
,朝陽里,1529,1985679,30351,48549,1079414,86440,118523,37007,1641,531667,9665,36921,941,4560,910235,1816500,2508
,大有里,1725,1766369,34173,16483,1071325,106268,135635,7864,1014,357519,3080,28016,226,4766,880064,1574559,1107
,斯文里,1696,1741519,25631,34386,1139168,73984,67365,4039,2081,371475,5110,11729,176,6375,936635,1538863,1735
,揚雅里,1171,1393969,9020,22495,753602,50434,45155,4966,1261,494823,1250,7902,119,2942,612784,1253133,1027
,國順里,806,579487,7289,14151,464544,27121,16098,922,1005,43997,0,3360,182,815,368710,483652,645
,國慶里,1552,1687348,17578,27029,1124008,94015,82704,10478,1477,293212,15,28561,61,8210,940965,1502856,1420
,隆和里,957,931141,34125,11976,634196,61238,29695,5870,1065,140311,458,6867,1272,4069,522956,819901,3504
,南芳里,1329,1238695,16918,22487,872924,65546,50239,5505,1096,180640,1690,15096,34,6520,720471,1086213,1379
,鄰江里,2050,1734115,26328,15999,1315300,87567,51459,4304,1296,210260,404,13577,601,7021,1068919,1487734,2983
,玉泉里,1080,1214255,12070,16057,752614,65610,77243,4670,904,267707,1137,13904,349,1990,624956,1086583,1869
,光能里,1722,2990088,27320,34556,1160687,73808,115224,7094,1385,1500913,33,19425,1168,48475,957920,2787307,3959
,重慶里,2328,2544854,15226,62341,1858208,129158,45592,7388,2224,392550,758,25780,477,5152,1572180,2258781,3405
,至聖里,2749,3087016,22456,68839,1909175,131176,100822,14329,3024,746133,738,78669,284,11371,1585579,2763087,4280
,老師里,1846,1563330,12348,16733,1232535,72346,33081,8401,2190,162587,1314,14462,0,7333,1005560,1336355,1137
,蓬萊里,1722,2026398,22759,18863,1309468,107688,72382,6753,1591,461407,108,12332,361,12687,1111291,1828222,2163
,民權里,2193,2559599,18205,47158,1730983,124222,89695,14840,1642,493687,1978,28168,332,8689,1460564,2289077,4233
,文昌里,2,846,54,24,508,1,0,0,0,249,0,10,0,0,396,734,0
,延平里,1336,1273249,15620,24628,846099,72658,57528,8536,1067,228096,655,11569,264,6528,700146,1127192,1806
,永樂里,2021,2818940,136366,25860,1286301,142892,203179,14427,1674,981030,361,15586,1167,10097,1070335,2602816,3886
,保安里,1315,1688093,15623,31792,925945,63838,62459,4832,1294,566029,300,11510,826,3644,769617,1532364,2172
,其　他,7,3254,0,132,2299,50,0,593,0,179,0,0,0,0,1584,2538,0
,合　計,41129,45421660,640667,746309,28181430,2144896,2143551,232182,37135,10522821,32443,521290,11388,207548,23385159,40622054,61678
中山區,聚盛里,1382,1303154,15771,57827,929145,56135,43283,12785,1651,167378,277,15159,441,3301,780482,1154364,3576
,大佳里,277,232341,3157,3630,161281,8628,25462,1586,294,23991,0,3725,0,588,128080,199141,210
,恆安里,1706,3165013,26325,66753,1293686,81493,129700,14679,2033,1525540,618,19789,1018,3381,1110800,2982075,4541
,集英里,2357,3710155,58393,43502,1719140,133327,225121,23571,1752,1443226,2798,41589,1107,16630,1443573,3434593,5442
,正守里,1241,1503693,16765,22114,951624,85746,71908,7174,2023,328862,1782,13796,204,1695,812306,1364346,3075
,正義里,1757,1823300,31070,38395,1109914,73178,74812,21010,1297,450293,3751,11808,527,7245,924255,1637331,3788
"表166-A(103年度)各類所得金額各縣市鄉鎮村里統計表-縣市別：臺 北 市,單位：金額(千元)",,,,,,,,,,,,,,,,,,
鄉鎮市區,村里,納稅單位,合　　計,營利所得,執行業務所得,薪資所得,利息所得,租賃及權利金,財產交易所得,機會中獎所得,股利所得,退職所得,其他所得,稿費所得,申報大於歸戶,薪資淨所得,按薪資淨所得計算之綜合所得,稿費收入
,新生里,1657,1546971,27442,26242,1063200,96247,106687,6152,2157,200819,1009,14512,324,2179,881861,1365655,2457
,松江里,2452,4070386,48031,55249,2152448,185874,144009,35497,2581,1380620,2867,31925,2050,29235,1872781,3790324,7801
,江山里,2850,3652300,27850,77881,2231628,193473,175223,9263,2832,878749,2888,37500,973,14041,1912304,3336726,6352
,中山里,2370,2404235,28202,65851,1666073,101717,98578,24198,3830,377853,3757,25569,1618,6988,1413512,2160267,7062
,成功里,2555,9888141,44760,113907,3650366,247978,352113,99284,4386,5207879,36253,105589,2097,23529,3353991,9589409,9515
,下埤里,2847,3373618,29103,91581,2195814,163810,131522,7612,2677,677594,14220,43212,875,15597,1859597,3028685,4686
,中原里,1885,2486448,61824,41317,1402071,115956,130127,16863,2723,682098,2159,26299,971,4041,1190285,2274566,4630
,新庄里,1662,1523487,29574,22482,1088795,76256,50217,19484,1611,168997,5911,16277,449,43433,900689,1335049,2811
,江寧里,2666,3696704,15409,93931,2303614,189104,157402,24968,3049,862593,3376,35404,1985,5869,1997416,3387777,7341
,復華里,1788,2871800,18124,107783,1646699,152678,169226,31961,1363,684867,1921,38606,2015,16558,1455348,2680075,7788
,興亞里,2157,4033001,29910,45988,1670899,159060,228950,33750,1820,1789189,47070,18831,554,6978,1440357,3802332,5563
,朱園里,1825,5112046,125756,46239,1675912,151225,204914,15918,1858,2827939,1333,46310,731,13909,1483955,4918327,4041
,中央里,1342,3326953,30285,20371,1035116,97602,90370,17693,1319,2000987,4962,13005,573,14672,886788,3177501,3333
,新福里,1777,7273676,90715,24532,1200091,90864,97609,5868,1771,5732292,7509,17591,1594,3241,998378,7071954,4781
,中庄里,1776,1907326,21177,40960,1184653,96064,75423,8211,1383,453254,196,14673,608,10724,992409,1715121,4011
,康樂里,963,1249715,9673,25151,667006,47211,62428,10700,1082,392752,8032,21651,327,3702,567913,1150613,2057
,行政里,2058,2089990,23520,46724,1420429,105143,80738,8129,1954,373565,7215,15941,427,6204,1186122,1855586,4068
,聚葉里,1339,1456171,11981,43255,987705,75931,62324,10329,1413,223957,14924,20390,45,3917,840430,1308851,2696
,正得里,1452,2434913,29047,35991,1068212,93542,129371,8131,980,1034308,10221,14965,721,9423,918853,2283601,3148
,中吉里,2066,3154567,26617,65271,1634470,144430,197933,20611,3388,774580,772,21005,2301,263188,1405028,2919286,8170
,新喜里,1823,1955269,14955,40582,1388213,82893,71975,9071,1750,296829,10202,36319,1552,928,1170887,1738179,4692
,埤頭里,1301,1327246,9118,18986,947361,71584,49184,9193,1569,206512,1768,9891,97,1982,801649,1180417,1494
,大直里,3338,4288871,51167,92721,2892766,276285,120556,14191,5025,749476,10880,55816,596,19392,2504776,3900494,8451
,劍潭里,1183,1274665,9222,16586,917063,110053,30960,5798,1325,159613,5586,14003,1221,3235,779356,1137062,3997
,力行里,2363,6780765,112534,144084,2272157,197977,280468,29192,2284,3617330,5256,69462,887,49136,2020512,6522946,6865
,朱崙里,1074,1410784,7032,36303,829468,73113,94759,5769,1254,335818,2649,18796,1269,4551,716391,1297195,4584
,晴光里,1923,3078239,38456,36042,1538243,127668,127580,14325,1654,1168709,981,19233,1234,4114,1336770,2876352,5845
,永安里,3536,8056025,122404,120674,4240379,323497,349105,35253,10132,2653220,45274,114928,2098,39060,3828783,7643005,14099
,圓山里,1496,1707451,51394,23749,1128797,77981,55977,129807,1359,218653,948,13462,851,4472,960743,1539271,4675
,民安里,1686,2147981,35151,48885,1096111,124314,226019,8240,1107,586379,1933,11950,655,7239,926296,1977915,4454
,行孝里,1329,1167612,28003,19579,898776,61692,38914,3876,1169,101637,134,11873,10,1949,742814,1011419,1929
,龍洲里,1890,2385552,14649,41545,1738982,180882,38182,8577,2302,301540,12597,28754,2545,14997,1522931,2169190,7453
,行仁里,2709,2505115,24449,35883,1910515,113003,54974,6911,3098,325382,2315,25553,1750,1284,1580467,2175338,6074
,朱馥里,2081,2262589,17468,54885,1648921,126028,73740,9809,3010,274363,9699,37076,970,6622,1413370,2026598,4961
,金泰里,2655,8201445,200428,95124,3622763,168727,176730,89552,4555,3663874,27113,125598,5070,21911,3282568,7835690,12347
,北安里,997,1149507,6587,26188,858478,70987,32355,8647,1035,125667,3126,12912,189,3333,736527,1026314,2301
,其　他,64,46815,4711,11,34693,1755,3104,373,88,1499,0,178,0,402,29352,41426,277
,合　計,79655,129036035,1628211,2174751,66073679,5211108,5140031,884011,95949,45450682,326283,1290925,45529,714874,57111703,120022364,217441
文山區,景美里,1778,2209979,39824,39531,1620709,135847,58487,10297,2678,265378,6758,26556,2682,1233,1406919,1995219,8690
"表166-A(103年度)各類所得金額各縣市鄉鎮村里統計表-縣市別：臺 北 市,單位：金額(千元)",,,,,,,,,,,,,,,,,,
鄉鎮市區,村里,納稅單位,合　　計,營利所得,執行業務所得,薪資所得,利息所得,租賃及權利金,財產交易所得,機會中獎所得,股利所得,退職所得,其他所得,稿費所得,申報大於歸戶,薪資淨所得,按薪資淨所得計算之綜合所得,稿費收入
,景行里,2240,2478900,16793,63223,1888221,128969,90109,13404,2760,238950,1412,33395,942,721,1618537,2209513,6166
,景仁里,1633,1999417,8580,53378,1571771,105020,33188,17224,3258,165588,3458,36674,627,651,1361223,1788171,5331
,萬有里,1923,2366572,15998,65659,1825108,123380,49111,15413,2262,226531,7419,22321,841,12529,1578001,2119444,7424
,景慶里,2131,2224292,13732,36868,1740146,127197,39095,8649,1933,206035,26174,20513,754,3195,1473450,1958255,4182
,萬隆里,2540,2984823,17519,53377,2332155,173203,35163,5817,3539,297775,3877,53766,1802,6830,2014029,2666140,9615
,萬祥里,1589,1675395,9263,26722,1335732,96165,30639,8875,1817,143830,3520,18256,360,216,1136487,1475589,3814
,萬年里,1929,2624900,14046,47975,1599274,159299,71253,13545,1427,666336,11740,36976,1535,1494,1372696,2398147,8113
,萬盛里,1673,2005230,7124,36286,1454775,125637,48032,50302,2219,256755,4038,16625,1171,2267,1253612,1803985,6272
,萬和里,1056,1291399,2949,29291,921007,85907,18236,14178,1578,180712,3781,32289,576,895,797010,1167308,3636
,興福里,1932,2054327,7590,35352,1618265,106810,39804,7980,2244,181706,971,29456,1027,23121,1370800,1806832,4649
,興得里,1988,2036983,14508,30996,1641776,92642,69441,5497,2628,139747,6787,31060,739,1163,1389380,1784402,5051
,興豐里,1717,2178939,13866,32446,1689323,111090,29530,19658,1698,252282,1496,25792,503,1256,1475012,1964626,5547
,興旺里,2885,3030660,16408,72579,2538506,129462,27842,14419,4078,182215,2659,36092,3661,2739,2159687,2650896,12501
,興光里,1143,1396881,11989,31468,1055778,63983,35380,9694,932,169360,1101,15835,1231,130,915754,1256742,5230
,興安里,2273,3042421,20969,86244,2180837,176289,67941,11350,3198,443570,5348,42813,1870,1992,1904401,2763135,9459
,興昌里,2416,3623515,13226,90360,2585918,166812,65039,18510,3298,592663,10221,37602,4560,35305,2277461,3312851,17421
,興泰里,1373,1504974,7226,23240,1217844,77623,28868,11638,1228,121804,1189,12603,219,1491,1045399,1332529,4026
,興業里,1903,2205019,8494,28641,1659391,138652,47843,4959,2135,286735,10550,16082,854,683,1426681,1971218,6677
,景東里,2370,2667681,15652,53117,2143437,133371,47253,8813,2277,225301,5426,30684,1875,476,1836557,2360672,8168
,景華里,1930,2182938,21668,57015,1654513,126590,54365,9674,2360,226163,9916,18636,897,1142,1419757,1948181,7303
,興家里,2582,2480957,13650,39968,2053583,112363,20642,6554,2690,197991,1843,26673,1158,3842,1713645,2140753,7333
,萬芳里,2757,3066130,13796,70579,2442133,135045,45446,19658,4684,289468,10177,31553,2708,883,2092030,2715598,15149
,木柵里,2945,4282015,28417,88900,2950177,239253,115378,25962,3493,641028,27993,63129,3950,94334,2597676,3928723,16225
,博嘉里,1884,3036425,17354,52576,1894075,106659,67891,14211,3399,819545,7328,51436,1352,599,1658170,2800348,7217
,樟腳里,1899,2846286,25146,73547,1812547,118632,51540,9164,2788,638318,26571,87058,735,240,1572011,2605928,5236
,老泉里,193,139438,1697,1864,113364,6500,2863,481,77,9227,0,3295,30,40,90332,116406,247
,木新里,2981,2992730,28213,47463,2370478,161679,72117,27658,3612,224471,3377,50652,2272,738,2008700,2629823,11055
,指南里,1166,1380475,11673,21632,1122982,64029,21859,8233,929,104065,5295,17540,671,1566,969085,1226373,7018
,華興里,2934,4309122,18553,57838,3103063,183403,62763,20740,5253,756327,8838,88101,1123,3119,2725345,3931222,8572
,順興里,2450,2539499,16077,37759,2037648,110193,34875,11039,2553,210942,4385,29860,2007,42162,1717993,2219780,6876
,萬興里,2783,4209927,20918,150869,3152473,231681,73633,14512,4921,449433,12146,91236,3551,4553,2786813,3806154,18926
,明興里,2440,2559779,15504,36278,2101144,127717,27879,6542,3889,211393,2310,25666,1098,358,1783182,2241721,7124
,明義里,891,937426,3322,10020,754527,43711,12946,3195,1247,82902,0,24014,1221,323,645941,828758,3740
,試院里,2409,3018974,14518,46452,2238148,158684,55038,8292,3104,428606,5467,59727,727,210,1927995,2708495,6623
,樟新里,1966,2483332,16970,50699,1909491,116371,61974,7957,2063,240831,40642,32394,1932,2008,1656164,2230220,8113
,樟林里,2873,3070094,12817,49016,2439463,175258,33027,13577,2644,301738,4613,35148,2414,380,2077998,2708372,11887
,忠順里,1407,1838611,13017,38985,1396891,112813,23755,13477,2342,170479,3423,57478,2326,3626,1220445,1661899,8195
,萬美里,2375,3477678,21270,43702,2310513,133504,72739,24431,2762,782129,10511,65817,3745,6556,2012847,3179461,13917
,興邦里,1650,1819191,6662,20124,1474510,102789,24551,5383,1789,155653,1253,23304,628,2545,1265120,1610335,4326
"表166-A(103年度)各類所得金額各縣市鄉鎮村里統計表-縣市別：臺 北 市,單位：金額(千元)",,,,,,,,,,,,,,,,,,
鄉鎮市區,村里,納稅單位,合　　計,營利所得,執行業務所得,薪資所得,利息所得,租賃及權利金,財產交易所得,機會中獎所得,股利所得,退職所得,其他所得,稿費所得,申報大於歸戶,薪資淨所得,按薪資淨所得計算之綜合所得,稿費收入
,樟樹里,1586,1573264,11567,17471,1275839,76805,24998,6208,1485,140403,556,14530,883,2517,1072401,1369716,4581
,政大里,2379,4481155,21165,165565,3287864,167386,87810,24783,10528,579026,15590,86770,3605,31062,2959522,4152452,19310
,樟文里,2009,2116352,11322,25495,1641446,106858,29276,7438,2427,223436,7490,60249,457,457,1387262,1862123,3661
,其　他,49,29674,293,236,21935,1386,468,3873,15,711,42,671,19,25,17885,25624,207
,合　計,87030,106473781,641342,2140806,80178780,5376668,2010088,563266,118239,13127563,327690,1620331,67338,301670,69191414,95434139,344812
南港區,南港里,2031,1969167,13918,39680,1503321,90452,60260,10512,2782,218671,1469,20492,293,7317,1250412,1708936,1754
,三重里,2333,4110157,21348,65039,2777188,120422,120847,43566,3536,747321,19183,158973,1850,30885,2471482,3804105,7807
,新富里,1342,1182835,14726,17217,961550,52475,37254,5570,1160,78037,381,11994,161,2310,794772,1015616,1017
,中研里,3223,3360444,15692,34828,2707115,195725,53279,24558,5817,268753,9250,36896,1650,6882,2290374,2935780,13466
,鴻福里,1667,1771119,14052,26303,1304886,91905,35281,4478,1626,250015,3091,20507,264,18711,1099880,1566103,2291
,東新里,2435,2287774,18872,32673,1782132,88138,42808,6836,2523,272256,13297,24357,29,3852,1462619,1965096,2203
,西新里,1688,1449957,9264,19950,1162183,55856,55550,7463,2535,123025,653,9511,404,3563,950398,1238161,2619
,新光里,1301,1459504,9935,16598,864596,61344,47490,3758,1891,439110,889,10791,401,2703,707025,1301873,2021
,百福里,1775,1579670,10733,21702,1288758,61579,22799,8937,1938,141177,31,19399,301,2316,1059484,1350396,2638
,玉成里,1679,1616570,11752,25135,1245258,62655,43596,6931,1448,197634,41,17114,1234,3774,1033256,1404569,3976
,成福里,2630,2496312,15370,39626,2054769,105384,32241,11753,3669,195690,1140,25437,5381,5850,1722244,2161636,10408
,中南里,1180,946561,5914,13827,736353,38374,23120,6781,845,108752,643,11057,370,526,588489,798339,1276
,舊庄里,2834,2406846,22166,45313,2047484,86694,31168,9180,3126,133766,487,21437,107,5918,1664594,2023974,2921
,九如里,2043,1856765,18298,25278,1533707,83111,25606,9070,1802,133755,3064,20991,226,1856,1269680,1592704,3882
,東明里,1687,2072958,40196,63995,1532361,81901,51005,17083,1484,242006,4184,31042,2728,4972,1312881,1853223,7342
,合成里,2368,2874729,21152,51144,1921756,123837,72527,13111,2773,582746,3134,61962,246,20340,1628513,2581363,2969
,聯成里,1754,1628985,10740,17577,1268305,94164,29329,4251,1797,119145,3819,75117,177,4564,1049865,1410469,1567
,萬福里,1510,1565604,11866,37854,1168346,82756,53001,5800,1545,182046,1017,14344,125,6905,988726,1384619,2237
,仁福里,1854,1846905,14516,38094,1555596,67285,10322,6172,1801,123820,433,26391,41,2434,1312144,1603427,3010
,重陽里,1820,3238437,20220,134959,2329425,99703,71121,44202,3318,469614,2673,53735,7547,1921,2081012,2986743,14659
,其　他,38,22139,90,1012,18178,1460,144,337,9,835,0,75,0,0,14483,18444,12
,合　計,39192,41743438,320820,767803,31763266,1745220,918747,250347,47427,5028174,68878,671623,23534,137599,26752332,36705577,90076
內湖區,紫陽里,3019,3872384,31346,40050,2834435,159279,82107,18709,7782,608702,5638,56789,1872,25677,2445646,3483615,7228
,紫星里,2778,3018419,23445,46025,2258920,123782,118600,7027,3294,358961,2710,53399,1373,20884,1912746,2672833,6210
,湖興里,2748,3357698,24173,41295,2278112,117520,122943,19784,4180,679620,2717,36798,1543,29013,1929120,3008576,6546
,大湖里,2061,3098518,17485,41803,2020915,119357,114061,17356,4780,694615,1225,27268,526,39127,1751492,2828978,5335
,紫雲里,1883,1985873,12456,32647,1622791,85303,25430,7952,3130,136903,4028,33694,2265,19276,1379187,1741834,8420
,瑞陽里,2752,3277152,47748,56551,2462657,163732,70796,7789,3468,389572,16134,36295,1686,20723,2116838,2932351,6159
,清白里,3190,5385995,20917,93384,3635171,193370,156781,48579,4048,1068206,46043,88074,1466,29955,3236519,4987331,8859
,港墘里,2144,2647304,18774,18852,1953268,114246,87407,7718,3213,391730,2850,34521,172,14552,1678881,2372871,3067
,西湖里,2662,2630822,15456,32757,2064276,127302,80643,5704,3963,255272,2282,34408,526,8234,1732826,2299372,4110
,石潭里,1355,2271507,44779,43287,1349661,57333,130145,29315,2096,509590,7294,62493,16423,19091,1180864,2096732,26321
,葫洲里,2535,3778962,20918,48344,2762075,137934,114736,20869,2910,582517,14084,48053,3881,22641,2420653,3437425,11005
,五分里,3359,3207944,34228,38901,2632823,114393,68345,13845,5047,234598,224,44733,353,20453,2180372,2755291,4103
"表166-A(103年度)各類所得金額各縣市鄉鎮村里統計表-縣市別：臺 北 市,單位：金額(千元)",,,,,,,,,,,,,,,,,,
鄉鎮市區,村里,納稅單位,合　　計,營利所得,執行業務所得,薪資所得,利息所得,租賃及權利金,財產交易所得,機會中獎所得,股利所得,退職所得,其他所得,稿費所得,申報大於歸戶,薪資淨所得,按薪資淨所得計算之綜合所得,稿費收入
,內湖里,2211,2480816,12787,37564,1831988,129204,88323,23589,2182,283261,10713,36396,1490,23318,1577226,2225359,6930
,週美里,2689,4164193,60065,88320,2552783,141137,164675,58315,4215,936097,6844,80227,407,71107,2215709,3833156,4316
,內溝里,1619,1623882,13924,17973,1288745,61263,29722,4229,2025,176470,3044,9848,940,15698,1077762,1412480,4108
,碧山里,2278,2562019,12186,29220,2096795,97899,34993,6843,3367,188689,17008,54814,1317,18888,1798139,2263081,6032
,瑞光里,1653,1836905,10475,24007,1365051,86463,35336,4071,1807,279618,2032,25858,295,1893,1150527,1622378,3899
,金龍里,1867,1758239,17626,60556,1374556,75094,32287,4830,1793,154948,5926,19854,544,10225,1137777,1521040,3586
,行善里,2243,2129394,18566,22381,1730866,81204,44527,9062,2514,193131,0,21051,621,5471,1442339,1841073,4401
,湖濱里,2927,4635511,29075,57207,3015813,217631,161231,14887,3619,954259,17883,78079,1376,84451,2651032,4268843,8061
,東湖里,2752,2453967,19283,34695,2056916,92258,49253,4330,3744,156869,3092,22804,190,10532,1688874,2085857,2338
,樂康里,2913,2630908,25439,39678,2213980,87725,35681,6836,3443,171774,2678,25355,418,17901,1828874,2245798,4029
,西安里,2518,3028441,21094,24343,2179672,134200,51588,15770,2505,518288,9895,38903,2362,29821,1862377,2711131,8295
,西康里,3422,5176348,38557,65049,3270488,210418,121931,36544,5454,1323296,9403,64308,2101,28800,2839506,4744824,10306
,港富里,3164,3987602,25566,56802,2679234,179232,130961,25134,7965,704824,2787,130353,1021,43723,2279811,3587819,6970
,港華里,3193,4184035,15575,45994,2818342,167119,118479,19650,4110,909867,7315,50159,797,26625,2417406,3783103,4928
,港都里,1927,2448030,19370,26142,1668020,111232,125517,5481,3194,372577,906,35891,503,79198,1428206,2208216,2784
,金瑞里,2287,2334942,16292,30427,1874029,105564,40722,3745,2339,232341,3253,18982,636,6611,1588329,2048262,4477
,湖元里,2120,2549417,18058,31741,1821964,107118,110579,11656,2864,391780,1780,38395,198,13284,1550809,2278248,2458
,安湖里,2645,2983526,35002,50369,2364593,119090,70221,9418,2912,284176,7781,26397,2141,11425,2005961,2623487,6310
,秀湖里,2396,4264724,30313,60824,2347727,194118,192383,12589,4244,1310082,24795,49227,556,37865,2057682,3974897,4766
,安泰里,1811,1666736,8794,26711,1398340,57871,15043,5488,2708,122900,227,20796,936,6922,1155141,1423523,3588
,金湖里,3435,8731303,35130,106174,5173672,289207,238105,76027,4947,2403429,32960,205918,3705,162028,4730694,8280256,15314
,康寧里,2944,3740841,18683,48334,2871228,128105,66546,20330,4483,523803,5424,43192,1344,9368,2473166,3340986,8577
,明湖里,1774,1876874,14892,41242,1466330,65318,41938,6114,2168,213819,652,17941,238,6222,1227396,1637947,2060
,蘆洲里,394,305791,5133,3725,225683,7736,17177,712,389,37076,523,6954,0,681,176146,256253,66
,麗山里,2072,2559962,22788,34856,1846046,116456,91140,7421,2216,373489,5174,21863,211,38303,1584687,2298512,2991
,寶湖里,3041,6547524,37365,142803,4354316,242913,224879,40066,4648,1208470,61599,140057,1938,88469,3954054,6146513,12820
,南湖里,1862,3206417,15990,28978,2468387,115031,99228,28423,4428,344230,11455,67930,3555,18783,2212002,2949368,10908
,其　他,145,136019,5721,912,112672,3825,831,1237,113,8447,323,1692,245,2,97992,121096,711
,合　計,94788,124536941,915475,1770923,88343338,4937982,3605292,667446,138311,20688295,360698,1909771,62171,1137240,76174768,112350715,253392
士林區,仁勇里,1284,1442942,23826,25750,843746,69127,138508,9803,1285,312338,5017,10796,15,2731,707862,1307058,1528
,福林里,1014,2376886,302265,48135,820716,77225,99040,57065,938,929534,8328,13749,16944,2946,704529,2259575,26482
,福志里,2806,3647978,15076,70476,2313207,265134,129762,19896,2763,726608,11313,74264,2413,17067,1996516,3331189,11346
,福德里,1526,1910829,14313,43267,1234365,118781,101371,7530,1442,363694,636,22034,327,3068,1058329,1734792,2822
,福佳里,2697,3451679,22694,69685,2149586,194367,154951,24383,2588,779487,3671,39841,992,9434,1840664,3143233,6640
,舊佳里,2188,2679133,48017,61518,1536598,163407,119318,14473,2587,691578,1659,33303,1068,5606,1296932,2438572,6142
,富光里,1711,1384684,16850,16170,1090945,46182,19972,6024,2119,167583,1815,10203,487,6334,876473,1170031,2120
,後港里,2795,2870396,26611,41289,2033436,166606,77324,12520,3815,476099,4094,25845,593,2163,1694461,2531199,4283
,前港里,1520,1819112,20656,30020,1145700,75290,84704,17480,1390,417748,1005,17175,272,7670,958830,1629960,2288
,福中里,2294,2262094,18382,37017,1713110,94255,69375,16288,2735,277151,471,23454,175,9680,1426022,1974886,2208
"表166-A(103年度)各類所得金額各縣市鄉鎮村里統計表-縣市別：臺 北 市,單位：金額(千元)",,,,,,,,,,,,,,,,,,
鄉鎮市區,村里,納稅單位,合　　計,營利所得,執行業務所得,薪資所得,利息所得,租賃及權利金,財產交易所得,機會中獎所得,股利所得,退職所得,其他所得,稿費所得,申報大於歸戶,薪資淨所得,按薪資淨所得計算之綜合所得,稿費收入
,葫蘆里,2359,1985176,27380,37680,1631611,85069,29638,4356,2392,141701,1249,19372,1517,3212,1340714,1693676,5285
,福順里,1642,1424198,23594,20268,1100255,67470,38552,11083,1419,135184,1647,17567,367,6791,900219,1224162,1537
,葫東里,1283,1071083,11159,15184,843966,46159,40004,6738,1081,91368,789,13103,239,1293,687756,914873,2311
,社新里,2643,2115188,23643,32553,1724777,80761,44519,19273,2364,148513,3773,26751,721,7539,1391363,1781586,3015
,社子里,1951,1714077,20279,24822,1343187,69616,31521,3828,2431,190467,1675,24073,13,2164,1095905,1467738,1653
,永倫里,2338,1890994,24520,20174,1492421,80886,42907,8371,2226,199889,363,13980,222,5035,1202567,1601098,2316
,翠山里,1024,1359528,6968,34118,880827,89391,31635,3025,2129,288707,390,17790,1406,3142,766745,1245265,7318
,福安里,1178,892306,14063,12108,696461,32973,23580,2137,807,99844,154,8776,0,1403,549940,745777,525
,富洲里,1496,1130060,20930,9725,897067,35120,27555,9596,1083,119613,86,6504,43,2739,702926,936423,900
,承德里,2088,2532275,33626,43894,1695012,128654,101853,14151,1830,470893,3363,31143,1307,6550,1442060,2278395,6788
,蘭雅里,3131,4318612,62810,138662,2716536,233026,185596,78063,3762,818045,22436,37425,1944,20306,2351291,3952568,10593
,德行里,1595,2027596,17079,35836,1210911,83887,87099,10213,1998,553615,10107,13622,249,2980,1028012,1844712,2635
,忠誠里,2090,5320756,33104,91338,1950963,190802,190539,18280,3995,2782677,11628,30308,1395,15728,1712830,5082470,5786
,三玉里,2204,4747562,37533,83720,1897580,165464,172201,21457,2103,2068294,12005,112903,1603,172697,1648324,4498204,7038
,芝山里,2733,6016771,235112,111927,2650763,201604,154583,20062,2729,2566109,12432,39920,1773,19757,2325332,5705568,7696
,岩山里,1203,1898586,11292,58025,1062893,76046,67802,18865,1187,429925,1364,22267,1286,147635,921005,1747280,4906
,義信里,1044,1686987,23074,15069,784034,74602,100558,5264,1005,659500,379,17214,886,5402,673005,1575109,2965
,永福里,444,2647157,5155,20175,728116,40286,72859,3993,390,1752442,1625,19721,55,2341,679094,2598091,1415
,新安里,698,4055705,291609,14145,540321,72911,88881,4291,1652,3025563,19,11797,800,3716,468597,3982085,1800
,公館里,407,732449,19836,27336,330149,21966,31632,2956,292,294818,0,3160,154,151,283071,685323,795
,陽明里,989,2149123,23471,14005,908608,68969,117700,6200,1150,985587,48,16599,686,6101,801076,2041408,4048
,菁山里,437,2668287,20976,2425,490211,24672,29220,2912,261,2092568,283,4155,0,603,435961,2614037,194
,平等里,373,373558,5467,4222,248502,17067,15772,1198,307,77015,0,2227,166,1616,203953,328991,766
,溪山里,350,474922,5142,4355,243172,19990,27842,1795,686,168236,685,2840,0,179,202840,434589,288
,百齡里,2421,2166734,13169,38870,1683237,99046,44318,9983,4113,248853,2992,18142,133,3879,1380686,1864159,2209
,天玉里,3122,5461964,46170,131054,2902127,245175,288184,55869,2929,1611514,12359,152373,2363,11846,2560604,5103286,11901
,天福里,2216,2995816,14543,40690,1915000,134038,147773,11927,2153,693966,4048,23715,1187,6777,1658816,2739632,6636
,天祿里,1904,2668264,61383,36989,1607877,136191,176329,9569,1604,570211,4536,57902,1001,4672,1395376,2455638,4573
,天壽里,1900,4680490,51345,70731,2151723,172163,156365,16608,2438,1995372,3738,38399,1432,20176,1936245,4462761,7072
,東山里,1721,3383017,21901,81592,1615281,129264,83824,26167,2055,1365748,2656,49010,1443,4077,1406948,3198242,5171
,福華里,1915,1627430,24540,19891,1291690,70798,28632,9383,1858,163188,120,12965,1053,3313,1055559,1391166,3410
,聖山里,1821,2688013,19827,44842,1735313,158147,91140,21046,1749,542614,38584,28791,406,5555,1521262,2468640,4833
,天和里,2796,6624928,26173,98629,2627631,199086,196735,29070,4052,3376522,15795,32560,1691,16984,2306527,6302897,8707
,明勝里,1716,1750062,14863,20932,1252468,87178,36702,13341,1235,303454,1825,14460,735,2869,1047015,1544428,3550
,社園里,2165,1789312,30757,20516,1455392,74144,32473,15075,1705,139561,439,16071,192,2988,1174826,1508694,1684
,蘭興里,2391,3488935,42210,91148,2146437,184481,142582,17723,2737,816703,3346,24984,3134,13450,1869276,3212426,10096
,天母里,2460,7317276,42465,95220,2597306,257688,226896,32263,3424,3921069,69009,56408,1075,14455,2325444,7042707,6803
,名山里,2662,3668289,25545,67739,2259857,199599,140003,22778,2590,853358,45930,43087,660,7143,1952712,3359895,6562
,德華里,1926,2236036,64239,40842,1449321,124966,56260,6505,1829,468528,781,16755,958,5052,1217620,2004649,4940
"表166-A(103年度)各類所得金額各縣市鄉鎮村里統計表-縣市別：臺 北 市,單位：金額(千元)",,,,,,,,,,,,,,,,,,
鄉鎮市區,村里,納稅單位,合　　計,營利所得,執行業務所得,薪資所得,利息所得,租賃及權利金,財產交易所得,機會中獎所得,股利所得,退職所得,其他所得,稿費所得,申報大於歸戶,薪資淨所得,按薪資淨所得計算之綜合所得,稿費收入
,天山里,2526,3945716,48600,80927,2306914,179893,167616,11686,2873,1098092,1839,34371,1593,11312,2030605,3667692,9022
,臨溪里,1109,3978438,24809,82913,1074421,100859,164830,31006,558,2424907,23277,27813,1068,21976,953464,3857355,4068
,其　他,244,143497,262,1311,120210,3390,4115,966,36,11873,0,1258,59,17,93833,117119,444
,合　計,92550,139692907,2079312,2379930,75141954,5833869,4933153,804535,100879,45907924,355783,1432945,60304,662319,64262022,128801311,250112
北投區,湖山里,499,661404,6892,10241,353396,30151,52961,7383,282,193946,0,6614,75,-537,297012,605401,794
,永欣里,2933,5983143,34688,171495,4067640,231084,168885,26252,3319,1228464,9341,33529,5275,3169,3715482,5625605,32380
,泉源里,661,698585,28228,8019,482814,31055,17069,3010,1406,101204,21,25757,0,0,403073,618836,526
,一德里,2329,2326001,24482,32806,1763930,90236,78981,15158,3255,274220,2341,39802,537,252,1470373,2027301,3090
,關渡里,3589,3723700,36140,49519,2801476,144359,76993,15117,3989,529454,12197,52350,1183,924,2345977,3269021,6125
,桃源里,2065,2015430,12985,27919,1582924,78508,30519,7729,2037,250305,2182,18837,1206,280,1314677,1746370,4923
,文化里,1400,1551820,7171,24636,1272514,96175,17118,4757,1442,105478,1971,20356,204,0,1086016,1365997,2901
,永和里,3202,5192753,48778,99174,3021505,195880,203622,45280,3065,1484406,12232,76157,2509,147,2648147,4818028,11519
,立農里,2916,2925823,19917,51435,2341122,134335,45135,18387,3051,274168,3842,33720,667,45,1971984,2556864,5034
,清江里,2609,2416710,28077,49355,1833977,115332,64654,9835,2258,275279,1656,35087,483,716,1523314,2106014,3011
,八仙里,1797,1929648,16788,28243,1429872,89054,51685,5603,2464,263382,15555,25716,826,460,1211809,1711553,4360
,洲美里,637,503652,5800,10800,365470,26271,36785,1380,449,54668,0,1891,138,0,286990,425172,936
,中和里,1715,1884550,14370,47002,1312126,109708,70343,5446,1325,299308,1235,22576,1004,106,1108530,1680590,4396
,開明里,2172,3273551,23792,57348,2166707,139842,70121,7143,1633,785389,476,20495,608,0,1906746,3013012,4757
,長安里,2032,1988113,13896,55364,1489967,98245,81489,19484,3198,201611,3634,19943,1280,2,1259183,1756449,4212
,大同里,1997,2151680,14297,35523,1595338,103269,55590,6344,2834,298823,3274,35615,473,300,1358257,1914081,3569
,福興里,2335,2381619,24657,50783,1847645,121095,49013,9176,2682,228660,4424,42673,811,0,1556824,2079811,4902
,石牌里,1935,1938458,21405,26230,1498329,94363,55094,9883,2731,207698,2287,19914,524,0,1259774,1699066,3798
,奇岩里,3235,4393677,32834,72851,2841576,198346,131269,150421,3674,908395,10202,41897,2211,0,2446730,3996776,9141
,稻香里,1595,1453451,15039,42337,1149411,63436,16741,18587,1707,127145,1405,17485,158,0,948999,1252981,2786
,中央里,2909,3267992,30820,69853,2305795,136480,102359,13875,2265,555383,13154,37189,818,0,1955893,2912798,5673
,溫泉里,2277,2460759,44097,33672,1693800,123348,65694,14289,1947,455340,2719,24589,1215,48,1423069,2188645,4830
,立賢里,1803,1785052,35219,25698,1396572,82364,39689,5969,2321,168684,2195,25895,448,0,1173016,1561988,2868
,中心里,2189,2483789,31065,56480,1714695,109891,70550,14813,2459,447960,10780,24610,477,9,1456391,2225286,5376
,智仁里,1959,1738705,15805,23638,1441108,85761,27521,4248,1837,118725,1542,16806,1714,0,1189602,1487589,5354
,吉利里,2258,2498820,17677,48871,1944457,125039,55401,7155,2755,266845,4104,25639,948,-71,1651996,2206182,4582
,尊賢里,1534,1546232,13210,23542,1221626,70984,34121,14130,1409,141830,1743,22527,1109,0,1030026,1353849,4330
,東華里,1457,1554174,15699,20731,1213823,82551,48099,11378,2311,136762,983,21148,472,216,1029798,1369216,4569
,吉慶里,1716,1827294,8590,36312,1382327,91750,60049,6380,1930,200386,6866,32236,467,0,1168151,1613119,2635
,中庸里,1409,1240551,10350,27344,983217,59702,30165,5148,1353,104735,1984,16398,120,34,812680,1069970,1397
,秀山里,1015,880050,6970,23541,682334,60560,14540,5559,1405,77667,0,7473,0,0,561181,755022,758
,建民里,1446,1830726,13253,30150,1151921,94168,99973,15715,2311,383488,1675,37575,0,497,982672,1660186,1007
,榮光里,2320,2409139,17244,52870,1852850,105085,53603,24067,2444,275193,3146,22277,361,0,1558196,2113337,4059
,裕民里,2726,3764164,27276,126145,2517499,167659,139120,24150,3836,692624,14921,49355,1580,0,2189106,3433029,9169
,振華里,2714,3146706,27188,60068,2250427,179287,152090,13656,2612,419385,3474,37523,997,0,1933127,2829192,7232
"表166-A(103年度)各類所得金額各縣市鄉鎮村里統計表-縣市別：臺 北 市,單位：金額(千元)",,,,,,,,,,,,,,,,,,
鄉鎮市區,村里,納稅單位,合　　計,營利所得,執行業務所得,薪資所得,利息所得,租賃及權利金,財產交易所得,機會中獎所得,股利所得,退職所得,其他所得,稿費所得,申報大於歸戶,薪資淨所得,按薪資淨所得計算之綜合所得,稿費收入
,榮華里,2784,5136775,90463,107194,2838809,202255,160639,29577,2349,1654107,12702,37139,507,1034,2511942,4807021,8243
,豐年里,1404,1176920,9123,12304,984825,46082,23687,2935,2039,72077,1627,21846,125,250,801759,993774,1125
,林泉里,1060,1151894,107582,17993,765659,52931,23989,3789,2313,162231,1891,12543,973,0,641903,1026229,3479
,永明里,1590,1938403,12268,36776,1428594,100472,71898,15532,1885,254771,1467,14355,386,0,1230631,1740565,3900
,文林里,1497,1754145,27179,20615,1218926,91810,78843,7107,1820,275586,9196,22574,489,0,1038082,1573083,3702
,大屯里,348,586609,3632,48920,207147,14135,33113,1637,201,275151,0,2532,133,9,168323,548195,860
,湖田里,266,313274,3220,1087,154558,31603,24211,2552,200,93567,1178,858,239,0,122781,281497,763
,其　他,6,9322,1084,0,3024,75,125,0,0,4992,0,21,0,0,2352,8649,0
,合　計,80340,93895262,999248,1854885,66571731,4304738,2783548,630037,90801,15329493,185620,1103523,33749,7890,56752578,84027354,199071
信義區,松友里,2337,2424381,40197,35926,1871727,146234,47972,7024,2666,235209,2238,28222,401,6565,1584047,2136643,4291
,六藝里,1200,1160599,5503,15045,934026,60388,21228,3002,1028,105206,142,8378,0,6653,781161,1007734,800
,中興里,1289,1628855,5966,85786,1059862,92294,114481,10557,2131,215556,1761,38828,6,1626,927536,1495464,1842
,永吉里,1017,807986,14690,11254,604348,39474,59570,2361,682,66453,820,6551,13,1771,491533,695690,607
,敦厚里,1947,2239103,11889,54242,1635675,127391,67092,8923,2345,274494,12643,28068,220,16121,1411465,2014802,3339
,大道里,2190,2309799,23152,31867,1704160,133811,60330,40205,2028,272911,7422,30633,188,3095,1448347,2053899,3529
,安康里,3890,16195234,358316,219980,5007258,468184,546835,164677,4986,9204375,17135,90676,1652,111162,4557525,15741695,13076
,嘉興里,1191,1260699,25422,21893,881914,62352,37431,5502,1295,208003,3052,11334,263,2241,747992,1126691,3420
,五全里,1786,1977438,9302,25681,1367941,110543,46139,5635,1971,349518,1381,22633,1389,35305,1158367,1766171,4384
,新仁里,1293,1851237,12754,43798,1167092,109491,63539,8513,1484,402807,1132,27917,1283,11429,1016901,1700988,6015
,正和里,1710,2730423,16027,82093,1508393,156093,104006,18413,1620,768792,2782,63622,3381,5200,1330105,2551801,9418
,惠安里,2195,2210001,11391,36804,1754403,113905,38499,5149,2583,201767,698,41544,396,2861,1476680,1932194,4745
,三犁里,1941,5275970,34896,141267,2006241,175390,216330,39521,1995,2560952,558,34395,55620,8804,1785154,5063120,83531
,六合里,2488,5011675,68103,84785,2352696,175353,205147,17237,3898,2019909,4413,62524,4185,13426,2056191,4715065,13459
,泰和里,2633,2639913,15322,53278,2073606,99558,39480,8829,2926,280315,3636,56932,480,5549,1740176,2306389,4757
,西村里,1679,1796833,7469,24609,1384897,125668,20963,8914,1723,183944,5111,25278,1274,6984,1192138,1602646,5251
,興隆里,1003,9102388,29632,79215,1028177,87076,115383,10937,721,7676172,7343,37510,575,29646,925492,8998928,3631
,景新里,1858,6060059,149029,160239,2147906,181163,145579,56567,3120,3147926,3192,35604,443,29293,1937698,5792482,5264
,景聯里,1677,1931878,10271,48461,1374873,110593,73312,10561,3410,276069,3253,16562,738,3775,1179763,1736449,4661
,景勤里,1344,1343370,7839,24196,1093862,70340,30890,3097,1233,91210,197,18639,459,1409,931975,1181350,2896
,黎順里,1464,1622571,9944,31816,1229873,84518,44652,12574,1920,177055,10702,16892,705,1920,1059531,1451133,3757
,黎平里,2571,2777855,16415,47576,2122867,160880,79645,9728,2695,283229,5899,36019,971,11930,1811853,2465989,6101
,黎忠里,1631,1613053,9190,35171,1277698,84504,31899,3954,1641,149773,668,13321,764,4469,1071320,1406549,3645
,松隆里,690,570629,9423,12317,448733,28914,11648,1093,549,50891,339,5431,460,833,363632,485518,2205
,中坡里,1558,1528392,10850,23829,1124767,85400,29690,2771,1350,227183,1912,14796,834,5011,936184,1339679,3456
,永春里,1627,1486501,12487,25422,1149774,81019,49252,6151,1938,126779,2848,17998,798,12037,957307,1293998,3746
,富臺里,1571,1871993,18165,48566,1416351,90238,52880,13289,1832,198327,3559,26232,1252,1303,1228826,1684552,4222
,長春里,1299,1137137,12053,29787,908073,55326,24081,4372,1762,87464,787,11080,22,2330,749226,978281,1511
,五常里,1313,1453595,8501,29630,1010478,69960,41526,3891,1366,267218,3122,14856,1098,1949,860340,1302937,3732
,四維里,1884,2093661,11213,61885,1492285,121198,44367,7328,2060,312754,7300,26211,331,6730,1270612,1872006,3426
"表166-A(103年度)各類所得金額各縣市鄉鎮村里統計表-縣市別：臺 北 市,單位：金額(千元)",,,,,,,,,,,,,,,,,,
鄉鎮市區,村里,納稅單位,合　　計,營利所得,執行業務所得,薪資所得,利息所得,租賃及權利金,財產交易所得,機會中獎所得,股利所得,退職所得,其他所得,稿費所得,申報大於歸戶,薪資淨所得,按薪資淨所得計算之綜合所得,稿費收入
,雅祥里,1715,1909690,11766,19715,1425742,92947,44314,16686,1807,256662,17828,17229,1737,3258,1220684,1704853,5449
,興雅里,2102,2348912,12040,43083,1686905,143861,114197,9754,2218,305641,2533,26032,648,2000,1448064,2109707,4671
,廣居里,2827,3695150,23733,74396,2709834,203218,107898,17594,5145,449258,29591,57383,2227,14874,2374116,3357683,10424
,中行里,2620,2413573,15984,37010,1932303,118322,58581,5161,3051,203705,5961,27544,589,5362,1603500,2084620,4990
,四育里,1906,1828081,25018,28600,1391551,107868,72838,5254,2835,161436,6373,18125,599,7584,1164313,1600844,2554
,國業里,2588,3221699,29444,76727,2302319,185264,98692,15473,3057,454557,3084,44160,1295,7624,1991883,2911121,6003
,松光里,1755,1873755,12727,30414,1368295,121161,95442,3797,1485,204766,248,30685,409,4326,1163447,1669448,3522
,大仁里,1328,1177037,8232,25048,954926,64829,18733,5597,1177,85418,1005,8864,244,2964,794087,1016072,2503
,雙和里,2486,2683650,10909,65034,2116706,130231,49590,14514,3254,252477,1615,27326,1869,10123,1808062,2374182,7708
,黎安里,467,371138,4406,13602,296543,14295,3541,7915,430,25050,248,4554,259,296,241689,316284,1237
,三張里,3138,4505500,23343,98127,2685318,231060,156857,28618,4672,1166528,28161,72748,1508,8560,2329451,4149593,8785
,其　他,156,329881,330,2558,313066,2070,4102,444,182,2845,0,4014,0,270,298596,315411,90
,合　計,75364,112471297,1153340,2140731,64323465,4922386,3288634,631580,90272,33990601,212692,1207348,91580,418667,55426968,103510664,272651
其　他,其　他,461,1307629,6502,27716,338001,28854,51321,10354,254,829633,328,12815,342,1509,286108,1255464,1502
,合　計,461,1307629,6502,27716,338001,28854,51321,10354,254,829633,328,12815,342,1509,286108,1255464,1502
