"表166-E(103年度)各類所得金額各縣市鄉鎮村里統計表-縣市別：高 雄 市,單位：金額(千元)",1,2,3,4,5,6,7,8,9,10,11,12,13,14,15,16,17,18
鄉鎮市區,村里,納稅單位,合　　計,營利所得,執行業務所得,薪資所得,利息所得,租賃及權利金,財產交易所得,機會中獎所得,股利所得,退職所得,其他所得,稿費所得,申報大於歸戶,薪資淨所得,按薪資淨所得計算之綜合所得,稿費收入
鹽埕區,藍橋里,363,290315,6558,6253,223943,14301,3508,298,199,32750,0,2423,0,81,182436,248808,378
,慈愛里,89,90848,171,331,56714,2767,1573,17,17,28573,177,364,0,143,46288,80422,101
,博愛里,158,110330,6448,2681,79988,5565,5109,353,29,9427,0,674,0,56,64008,94351,34
,陸橋里,309,244803,4333,12807,169442,16497,8240,407,227,31728,0,1005,0,116,135213,210282,75
,壽星里,348,282382,14649,10748,173959,15943,9773,3558,238,47191,0,4697,0,1625,140386,248810,259
,中山里,385,337123,7152,7818,207883,31814,10159,655,253,62746,300,2918,126,5298,170873,299987,817
,瀨南里,166,291215,5428,3611,78246,10314,16422,129,129,174166,0,1908,0,862,64067,277037,36
,新樂里,299,284899,3224,5684,173780,18951,24893,1124,144,52257,0,4089,172,582,144678,255446,807
,教仁里,657,1559616,12099,11458,362614,28731,12138,1159,432,1126694,219,3191,0,880,296862,1493864,598
,中原里,197,155089,3441,2443,90585,8562,13356,387,99,35042,0,1012,0,163,71700,136221,198
,府北里,413,270041,7713,8743,198853,13431,7942,930,208,30102,127,1812,0,180,157277,228470,129
,育仁里,256,216946,10777,8867,131340,13520,8134,339,156,37886,211,5268,76,373,105999,191605,515
,光明里,408,374838,10831,10982,205608,27915,22112,2404,779,90284,0,3705,0,218,166914,336144,292
,江西里,320,308609,9692,3638,218465,16660,18150,682,146,38466,0,2051,0,660,180045,270591,254
,港都里,279,205135,6211,2493,142449,12589,7974,284,147,28733,578,3596,0,82,114963,177659,89
,新化里,165,111738,2947,477,91842,4694,1117,98,28,9365,0,1169,0,0,72360,92257,4
,江南里,199,190129,16693,3302,88340,8891,12820,41,92,55980,0,3280,0,690,67492,169280,89
,河濱里,600,577840,9556,15960,334647,36868,18650,2509,304,152637,1220,5219,260,10,275328,518521,1347
,南端里,285,319505,12625,3049,130082,19386,18979,417,141,133293,0,1014,0,519,103387,292810,126
,沙地里,206,460199,6090,11345,128481,13875,5034,736,100,293167,22,1349,0,0,107334,439052,243
,新豐里,232,199218,3276,1133,157352,7192,3146,1439,168,23620,0,834,46,1012,130685,172533,528
,其　他,0,0,0,0,0,0,0,0,0,0,0,0,0,0,0,0,0
,合　計,6334,6880819,159916,133826,3444615,328464,229229,17966,4037,2494106,2854,51575,679,13552,2798295,6234148,6917
鼓山區,前峰里,1382,1154994,26049,20657,874069,90530,17484,6592,1446,103577,1856,10547,203,1985,718547,999472,1091
,光榮里,1050,761326,6815,10876,612423,40152,12972,1196,699,61519,0,10247,14,4414,494578,643481,399
,民族里,360,256137,4929,1580,211630,14973,4968,256,229,15390,191,1746,0,244,169244,213751,89
,自強里,203,175183,1491,11684,111092,27670,735,664,120,14809,1293,5612,0,13,92142,156232,207
,建國里,751,646683,15000,6289,480333,34436,18728,879,229,81821,496,6690,0,1781,389851,556214,247
,內惟里,282,221374,6149,4053,163744,12917,4959,49,77,27018,0,2202,0,206,133202,190832,40
,忠正里,1071,829478,14702,17394,606057,45195,24506,2590,760,107201,2,7564,87,3420,484981,707652,567
,龍井里,321,220358,4621,6884,177268,11165,5417,137,103,12362,0,1575,0,825,142213,185302,344
,平和里,1121,871033,15312,19853,684611,42491,8074,8392,773,78137,366,11524,0,1499,555823,742666,796
,龍子里,5346,6447204,105398,214375,4764025,254913,153560,49251,4251,739680,17510,99639,1579,43023,4102938,5790544,10867
,鼓岩里,289,172922,5469,900,133841,8900,2623,469,86,17520,0,2372,195,547,103504,142585,503
,樹德里,340,300021,4986,3260,220915,9607,2148,310,312,55824,0,2619,0,41,178446,257552,212
,寶樹里,269,174422,1936,1380,145992,7866,799,134,183,13692,114,2206,0,120,115912,144342,137
,綠川里,338,234354,1143,2554,194481,12592,3200,371,966,16775,45,2110,0,117,155845,195718,113
,河邊里,408,302286,3730,3903,246295,14239,3589,1392,295,25459,0,3011,0,373,197862,253861,142
,興宗里,337,225045,8242,7606,178705,12088,1811,238,119,13690,143,2190,0,213,143505,189985,70
"表166-E(103年度)各類所得金額各縣市鄉鎮村里統計表-縣市別：高 雄 市,單位：金額(千元)",,,,,,,,,,,,,,,,,,
鄉鎮市區,村里,納稅單位,合　　計,營利所得,執行業務所得,薪資所得,利息所得,租賃及權利金,財產交易所得,機會中獎所得,股利所得,退職所得,其他所得,稿費所得,申報大於歸戶,薪資淨所得,按薪資淨所得計算之綜合所得,稿費收入
,光化里,302,197307,3991,1750,158265,9061,1315,479,122,20589,0,1635,0,100,126519,165561,358
,山下里,382,317200,5724,5336,250151,12739,2803,2371,271,34677,82,1810,0,1236,207376,274425,200
,登山里,173,151375,4074,2525,101808,5608,6943,286,134,27459,0,2121,413,3,82878,132444,853
,峰南里,202,136437,3093,3099,100421,6723,7089,1374,201,11956,0,1603,0,877,79525,115541,93
,維生里,406,497032,13771,14723,219085,22242,11684,548,276,211383,0,3009,0,310,177200,455147,57
,延平里,271,261559,4054,3382,145093,15497,4026,338,93,86424,0,2072,0,580,116132,232597,28
,新民里,249,165300,6278,4818,129104,9013,1641,251,146,10929,37,3060,0,22,101265,137461,24
,惠安里,334,326583,5963,4252,215624,17237,3871,648,150,76755,0,2058,18,7,182277,293232,372
,壽山里,342,238485,3617,654,176705,10555,7660,527,234,36714,22,1092,15,691,138752,200531,385
,哨船頭里,281,229972,5944,2419,177603,10608,2401,225,208,28889,0,1080,0,596,145300,197669,294
,桃源里,175,163217,3688,3103,122800,8390,5923,1484,259,14119,0,3410,26,16,101705,141816,963
,正德里,564,427928,8304,3825,354493,18798,3067,1614,430,30256,47,6684,116,296,283104,356539,641
,厚生里,980,726957,17844,12821,596912,24828,9553,2515,556,53940,534,6708,0,746,479623,609668,254
,明誠里,5559,5802116,67635,174522,4400063,296948,109329,32747,6608,629185,5585,68019,2058,9417,3720358,5121932,11178
,民強里,785,528326,12980,4800,428000,31706,3922,873,395,42226,85,3326,0,14,337465,437792,115
,裕豐里,934,918988,8317,19578,646523,74912,25150,13149,930,111298,1944,15008,0,2181,542099,814564,1316
,華豐里,1317,1294052,12703,30110,958919,75048,30166,4950,1734,161325,3274,12853,126,2845,807163,1141357,1907
,雄峰里,563,377742,6599,6797,307908,31893,1660,656,222,17110,1157,3102,43,596,247333,317114,569
,鼓峰里,511,313595,1548,6767,262716,15874,3025,1271,220,18017,0,3035,282,839,206423,257302,863
,麗興里,282,339967,17851,2802,128654,15194,6369,848,120,164323,1615,1259,0,932,100456,311770,56
,龍水里,7311,11373221,181805,464154,7103624,426069,246152,167069,7534,2605536,13843,109002,3155,45279,6200244,10469577,20740
,裕興里,1027,873565,12886,13923,657450,56041,16408,3629,758,96735,4374,10088,549,723,537689,753613,2018
,其　他,9,6016,0,2,5336,151,5,51,0,338,0,133,0,0,4364,5044,0
,合　計,36827,38659758,634641,1119411,27452737,1834867,775732,310823,32249,5874657,54615,434021,8879,127127,23103841,34312887,59108
左營區,自立里,2,2275,0,0,546,438,623,0,0,659,0,8,0,0,438,2167,0
,崇實里,1305,1276494,11150,32966,1004152,51165,9869,15686,780,124706,629,23529,294,1567,839153,1111498,1542
,合群里,703,571528,3851,5534,445936,76269,2023,3318,365,29788,1650,2389,147,257,375993,501588,931
,自治里,0,0,0,0,0,0,0,0,0,0,0,0,0,0,0,0,0
,頂西里,268,197888,5083,1195,152722,9631,11419,524,214,14225,21,2332,0,522,123514,168681,41
,頂北里,141,107560,1669,2770,80045,7157,3070,191,84,12056,0,477,0,42,65577,93092,10
,中北里,139,110068,3316,4361,75733,4487,4614,539,57,15075,0,1776,0,111,61393,95739,5
,中南里,121,87830,692,684,71257,3612,2065,188,55,6902,0,2375,0,0,56794,73367,4
,自助里,132,100174,1458,2987,77971,9786,1201,280,240,5875,0,341,0,34,63252,85454,7
,自勉里,2,2930,1294,1056,169,122,288,0,0,0,0,0,0,0,0,2760,0
,尾西里,298,188814,5206,2172,135673,17603,11953,222,216,12786,121,2101,0,760,106964,160104,26
,尾北里,849,680773,9425,18773,551564,28781,17433,2807,380,44821,415,5443,418,512,450215,578950,1579
,󿾴南里,170,118603,3271,562,83050,6385,6710,0,1034,12133,275,5181,0,1,66330,101883,84
,廟東里,174,112887,1058,695,91162,4688,6633,0,59,7603,64,899,27,0,72399,94124,330
,廟北里,214,114114,1147,2370,94938,5919,3620,0,78,5258,0,766,0,18,72227,91402,21
"表166-E(103年度)各類所得金額各縣市鄉鎮村里統計表-縣市別：高 雄 市,單位：金額(千元)",,,,,,,,,,,,,,,,,,
鄉鎮市區,村里,納稅單位,合　　計,營利所得,執行業務所得,薪資所得,利息所得,租賃及權利金,財產交易所得,機會中獎所得,股利所得,退職所得,其他所得,稿費所得,申報大於歸戶,薪資淨所得,按薪資淨所得計算之綜合所得,稿費收入
,尾南里,153,97426,4971,1732,71836,4288,6249,0,29,7029,41,1207,0,43,55812,81402,2
,󿾴北里,85,67612,1235,957,49334,2821,6076,573,46,5427,0,1144,0,0,40155,58433,25
,埤東里,252,207588,8185,5128,141468,9559,4574,303,81,36613,0,1509,0,167,115844,181963,21
,埤北里,305,205452,3742,3248,156423,18813,5272,311,126,15100,0,2341,0,75,124177,173206,57
,新上里,8679,10204166,167008,484220,7081992,492559,318200,54145,8779,1445930,13592,105700,1473,30568,6048350,9148598,17343
,新中里,1565,1428390,22587,29712,1049896,59023,43316,6073,2414,198035,191,12455,296,4390,861989,1240908,1972
,新下里,4308,4553024,56694,133842,3411257,230117,99830,36150,4090,516121,5314,46711,1017,11881,2885896,4027500,7292
,聖后里,199,138585,2977,1082,106356,8687,5330,97,90,12378,0,1553,0,36,84658,116886,74
,聖西里,79,64184,682,62,45281,3962,1054,130,28,12557,0,428,0,0,36232,55135,0
,聖南里,147,106433,1391,5053,77165,8771,4282,174,24,8231,0,839,468,37,60927,90177,898
,埤西里,286,216931,3831,4250,140805,16626,21624,413,71,22028,2,2204,0,5075,112122,188247,15
,路東里,208,164636,2742,1583,108130,14108,17408,596,128,18100,0,1735,73,34,87423,143782,555
,城南里,135,101208,558,2507,69068,6880,6144,154,24,12009,0,1296,46,2523,55662,87773,258
,進學里,400,280335,2576,6413,228063,15081,6420,583,199,17743,82,2934,0,243,183466,235738,35
,屏山里,360,263940,1766,4640,205446,17917,6017,765,211,23796,181,3093,0,108,165195,223609,80
,果惠里,329,222711,2377,3725,180605,16916,433,1876,260,13899,436,1767,0,416,142477,184583,11
,果貿里,787,589086,5140,9422,473846,43760,3444,2911,542,39009,2062,7907,54,990,384368,499608,841
,海勝里,1444,984861,13848,18945,809452,68679,5169,3346,744,48248,1200,12181,92,2957,642126,817472,1016
,莒光里,513,354708,2030,4304,294350,26551,1334,841,188,17631,416,6474,0,587,237214,297571,385
,永清里,319,318270,598,3104,304300,4253,1578,300,52,3772,34,279,0,0,258935,272905,41
,果峰里,357,222973,5135,3127,178239,15603,2979,893,105,15692,0,936,0,263,138286,183020,324
,光輝里,837,656097,12915,11108,507283,47217,14361,1778,574,48146,397,11609,0,709,416400,565213,572
,菜公里,9285,9779743,171151,260415,7720291,428382,143601,47724,8762,809595,7601,163572,1944,16703,6502532,8558006,12880
,祥和里,66,43575,167,328,36414,3177,51,33,62,2896,73,315,31,30,29452,36614,224
,新光里,4383,4741326,54485,150695,3536477,218029,78120,21563,4576,598982,15707,50172,977,11544,2988839,4192669,7725
,明建里,319,317132,4938,4975,254369,26325,2649,2254,142,15486,69,5031,0,894,216583,279242,141
,福山里,10824,10913429,149221,255850,8995432,405208,116612,55200,10475,755880,9950,134443,1970,23189,7554053,9465706,15814
,其　他,9,4437,13,5,3880,16,0,0,2,14,0,507,0,0,3224,3781,0
,合　計,51151,50920191,751583,1486557,39102376,2439371,1003650,262940,46383,5012233,60524,627959,9326,117289,32786644,44570558,73181
楠梓區,東寧里,1325,1194612,13087,11529,998857,49248,17477,5189,1515,80861,271,16151,0,428,823677,1019433,541
,享平里,951,778044,12072,13444,594823,42025,23181,4767,828,69242,155,14330,1711,1467,482649,665870,2981
,五常里,1731,1250326,25185,25614,1024499,41873,12885,5079,776,92364,1396,19533,55,1068,805713,1031510,989
,惠民里,1252,997885,18866,17328,821701,43159,4241,3452,554,67352,2241,12213,0,6777,662636,838849,429
,中陽里,793,602101,18197,14340,435602,29094,27448,813,396,63088,2593,6493,0,4037,343423,509922,244
,清豐里,6565,5815884,101948,76855,4871306,188990,45389,19986,5554,408460,4124,85780,386,7105,3973087,4917495,4528
,稔田里,439,344571,8486,1975,265528,17987,7125,654,415,34909,86,6797,0,609,210454,289498,29
,玉屏里,692,526585,11321,5231,425421,21071,9927,2229,535,40362,1272,8030,26,1161,334669,435833,267
,錦屏里,1022,814438,13848,16108,649873,32600,12815,1108,552,71433,83,15717,0,301,523694,688259,118
,金田里,967,777436,13603,15406,627959,31032,7862,1757,509,59054,113,19480,6,656,500436,649913,524
"表166-E(103年度)各類所得金額各縣市鄉鎮村里統計表-縣市別：高 雄 市,單位：金額(千元)",,,,,,,,,,,,,,,,,,
鄉鎮市區,村里,納稅單位,合　　計,營利所得,執行業務所得,薪資所得,利息所得,租賃及權利金,財產交易所得,機會中獎所得,股利所得,退職所得,其他所得,稿費所得,申報大於歸戶,薪資淨所得,按薪資淨所得計算之綜合所得,稿費收入
,廣昌里,855,622224,6277,7146,525800,30854,7211,1606,523,32761,642,8617,338,449,418983,515280,901
,福昌里,587,501758,6474,4985,401141,24261,9790,1321,327,37643,389,9355,445,5627,327762,428371,931
,泰昌里,377,294561,6068,4488,233341,15578,3645,1989,334,17269,242,5325,0,6282,189161,250527,43
,興昌里,1396,1248965,23921,25961,983506,59626,18414,3217,975,113715,1457,16580,388,1206,803755,1069215,1205
,建昌里,810,621414,8163,12206,493027,34480,19229,1775,737,40149,144,7447,0,4057,396792,525178,800
,中和里,561,487253,6746,5540,408267,17249,3578,1655,439,33563,101,8915,0,1199,334591,413577,175
,中興里,490,437477,4268,4486,367706,19722,4964,507,482,27123,17,7588,0,614,300230,370001,105
,藍田里,1769,2035903,23270,44065,1565982,69137,20194,8209,1251,260560,2257,39413,327,1239,1318763,1788685,1982
,宏毅里,805,709245,2325,7777,603555,35514,4505,1058,442,41879,1062,10432,0,697,505059,610749,207
,宏南里,587,740129,1936,6256,557610,67506,13445,7119,231,68729,0,13635,299,3363,497700,680216,1532
,宏榮里,878,882626,4318,11897,742038,43452,4768,1291,727,49717,322,21478,34,2583,625850,766437,853
,和昌里,631,490854,5313,18501,388674,32113,5742,6532,291,26209,279,5935,37,1228,314683,416876,523
,隆昌里,1047,829786,9378,33482,668247,50909,10070,7396,531,38560,460,9832,1,919,545446,706984,340
,惠楠里,794,603060,8996,16496,476628,23125,17026,743,374,49534,279,8213,0,1646,381774,508206,460
,瑞屏里,1227,986368,12823,9006,819823,43318,11809,3321,887,66471,609,16412,48,1841,662857,829402,492
,大昌里,569,393504,3315,4031,333110,21181,1784,1190,403,23311,46,4381,78,674,264607,325002,438
,裕昌里,1366,1351677,19269,38136,996922,52905,14961,3248,863,206755,844,15550,463,1763,817848,1172369,1394
,加昌里,2722,2162288,27985,30837,1823010,97460,20818,4904,2875,106502,734,35371,209,11582,1471351,1810479,2475
,仁昌里,1544,1169867,10799,15801,1023889,45946,4152,2674,1635,40009,534,21575,6,2850,825339,971318,644
,惠豐里,1576,1235046,13831,20488,1051947,43986,8548,4586,1067,69467,773,19048,0,1305,844510,1027609,718
,翠屏里,4640,3677087,45033,49292,3104914,165610,25370,22081,3304,193495,5913,57171,441,4463,2499298,3071267,3111
,久昌里,772,561882,7202,5333,485205,23361,2200,2290,345,27692,1233,6588,0,433,384528,461204,38
,盛昌里,1795,1553911,17269,17489,1295609,84461,8064,3485,2275,97048,2710,22663,0,2839,1065097,1323416,1106
,宏昌里,1012,862123,8477,26449,694640,41614,8502,2894,526,60412,800,16499,0,1309,564522,732006,602
,秀昌里,648,548674,3184,8416,452689,31531,6536,938,401,27460,998,16109,0,412,370237,466222,205
,慶昌里,1118,1021817,5107,12352,809826,71573,10511,3080,3406,85231,2092,18016,0,622,676331,888327,956
,國昌里,1042,803247,9497,14279,669766,34479,4235,3006,500,52395,149,12498,0,2446,541626,675107,329
,其　他,4,1434,0,0,1312,9,0,0,8,0,0,3,0,102,880,1002,0
,合　計,47359,39936066,537856,653023,32693752,1778040,438421,147151,37794,2880785,37417,639172,5297,87357,26610016,33851612,33215
三民區,鼎金里,1130,893301,17895,13209,680638,33800,24100,4865,693,102516,158,11734,0,3693,546440,759112,257
,鼎西里,2183,1737803,42761,36313,1372809,62816,22743,5887,2280,168678,2459,18689,277,2091,1107260,1472076,1922
,本館里,2681,2306041,49314,46427,1835284,90918,26758,7837,2429,211651,3536,22781,32,9075,1513816,1984573,2103
,寶獅里,1132,985727,22166,18683,743092,50738,12972,1725,1001,113223,6610,10625,56,4836,612462,855097,768
,灣子里,1226,1140035,17802,31840,844653,48367,21281,11394,952,144361,127,10313,38,8908,695702,991084,1110
,安東里,1038,997285,18417,26406,700803,72726,22058,2220,495,147373,301,4496,122,1867,588801,885283,1827
,安生里,480,387799,6060,13288,269479,22972,11137,840,322,59142,17,2322,0,2219,217646,335966,121
,港東里,399,352399,12525,14180,203243,19623,16739,1757,158,80835,6,1999,0,1333,167125,316281,26
,港西里,184,138316,3911,620,82858,14077,16930,899,186,15632,0,1579,0,1624,64663,120121,60
,港北里,0,0,0,0,0,0,0,0,0,0,0,0,0,0,0,0,0
"表166-E(103年度)各類所得金額各縣市鄉鎮村里統計表-縣市別：高 雄 市,單位：金額(千元)",,,,,,,,,,,,,,,,,,
鄉鎮市區,村里,納稅單位,合　　計,營利所得,執行業務所得,薪資所得,利息所得,租賃及權利金,財產交易所得,機會中獎所得,股利所得,退職所得,其他所得,稿費所得,申報大於歸戶,薪資淨所得,按薪資淨所得計算之綜合所得,稿費收入
,博愛里,381,293110,6185,11472,204403,20113,11339,647,351,33929,0,2538,0,2133,166239,255121,77
,建東里,319,227843,4443,8281,172607,12251,7919,1172,192,15351,875,2845,0,1907,138901,194137,238
,鳳南里,242,175919,3721,9051,123025,12256,4593,348,138,20437,0,1375,0,975,99524,152418,220
,鳳北里,393,277339,12012,5704,179541,21980,15425,1050,97,34552,51,4249,0,2676,144115,241921,262
,德東里,263,208696,4763,3713,142127,14626,10035,1218,122,29184,0,2363,0,545,116925,183495,176
,德西里,265,245286,14038,4815,139991,13239,8639,1548,63,60417,540,818,0,1177,113161,218530,127
,德北里,554,482771,10514,14651,352919,25250,9861,789,356,57524,1526,6997,0,2383,290727,420579,290
,川東里,343,264746,12496,4512,213685,11360,1986,1460,98,16698,402,1767,0,282,172728,223790,313
,千歲里,348,277249,1220,20807,186878,22605,6987,1452,214,33579,24,3023,0,460,152504,242875,176
,千北里,313,243921,4597,6680,182001,17933,2974,342,76,25526,9,2955,25,801,149824,211744,515
,興德里,533,505541,10088,9930,382264,30167,11909,6121,235,49937,0,3347,0,1543,324778,448055,878
,正興里,3915,3839999,54973,112039,3047327,166516,41309,16411,3390,341498,2575,38641,367,14953,2555106,3347577,4759
,十全里,489,446352,14989,16295,267821,23029,15206,844,561,104091,0,3047,0,468,215699,394229,236
,豐裕里,714,527636,10880,4116,414939,27256,5163,1073,307,57537,0,5786,87,493,333219,445915,759
,力行里,308,208490,7131,4188,153330,10501,2442,2421,281,25210,85,2688,0,211,122496,177655,196
,立誠里,212,194364,4982,10253,122634,13002,8430,892,148,30008,299,1654,29,2033,102291,174021,313
,立德里,365,288014,5158,11813,202658,21092,7336,2608,377,25326,1192,4274,0,6180,164527,249883,296
,達德里,504,583390,7113,22380,311915,36781,18469,518,380,176206,771,3009,205,5643,259243,530718,791
,灣華里,817,667052,9601,17353,513070,29370,9060,862,622,74648,1105,7130,137,4093,417014,570961,898
,灣中里,1609,1314395,21922,39985,1051300,55232,21882,6301,1968,94155,524,15964,567,4595,856729,1119825,2138
,灣復里,1026,772112,28065,23875,611707,24725,7273,7754,1555,58382,241,7504,65,966,491536,651940,822
,灣興里,601,666966,14318,22150,419177,26968,31351,3407,561,134645,0,12667,0,1723,350365,598154,913
,寶珠里,1676,1357378,34848,35857,1046539,60667,17853,4218,1045,130394,957,20808,393,3798,848504,1158669,1805
,民享里,701,632905,13221,14036,409580,44916,18052,1292,643,120834,912,7152,167,2101,339061,562324,1165
,安宜里,974,846487,16590,16880,599053,50715,18723,2502,874,120934,393,14225,0,5597,488293,735722,653
,同德里,928,859477,15508,32096,610408,61446,18765,6345,968,97258,1412,10766,103,4401,508528,757597,1267
,精華里,490,474797,6315,16159,313572,33728,18826,2353,341,67248,379,6637,339,8900,262598,423823,731
,長明里,324,288417,7260,3199,192894,17535,5747,656,267,27018,0,32782,0,1059,160834,256356,79
,裕民里,389,361912,9846,9256,282609,14835,3268,437,285,35613,201,4374,65,1123,231661,310964,377
,寶龍里,1239,1783509,34195,36474,920053,64627,27986,4430,1131,676730,1524,12739,199,3421,778839,1642277,1966
,港新里,512,489215,10070,21402,297036,34710,19860,1956,574,96685,1997,4125,0,801,247489,439668,447
,博惠里,1315,1157839,44851,21997,832906,78748,19019,2357,951,143889,346,10525,0,2249,688319,1013252,1144
,立業里,259,181658,4637,1848,140433,10787,4419,501,215,16809,0,1212,0,797,113640,154865,85
,十美里,602,509871,16608,11980,348944,36392,17111,627,361,72296,211,3939,256,1145,283758,444646,967
,德行里,368,348893,9200,5763,235270,23336,10345,905,171,59980,0,2887,0,1035,196769,310391,279
,安邦里,1187,1039333,21574,20023,791014,63233,18147,3958,999,106534,708,12139,0,1003,658730,906638,1226
,千秋里,536,325544,4965,4995,279509,16143,989,131,231,15235,790,2355,85,118,219415,265452,407
,灣勝里,546,390707,6024,13393,295233,23903,5531,2785,592,32716,794,5256,556,3924,236079,331553,1440
,灣利里,972,688397,11548,12731,553521,39321,6687,2040,408,50598,658,5966,0,4921,443924,578800,90
"表166-E(103年度)各類所得金額各縣市鄉鎮村里統計表-縣市別：高 雄 市,單位：金額(千元)",,,,,,,,,,,,,,,,,,
鄉鎮市區,村里,納稅單位,合　　計,營利所得,執行業務所得,薪資所得,利息所得,租賃及權利金,財產交易所得,機會中獎所得,股利所得,退職所得,其他所得,稿費所得,申報大於歸戶,薪資淨所得,按薪資淨所得計算之綜合所得,稿費收入
,達明里,534,496914,12497,23234,319390,33990,22185,974,296,76836,476,3623,286,3127,265305,442829,734
,達勇里,324,321428,7589,7384,220785,18274,5089,566,188,55672,348,2294,82,3157,184444,285702,396
,達仁里,521,503071,8365,12372,329702,36368,28994,1696,515,76172,385,4150,0,4352,274907,448281,406
,灣愛里,756,531846,15921,7255,427190,28206,8943,1311,1710,36360,0,4360,320,271,335311,439966,869
,安和里,793,811402,23332,37567,507985,49059,17484,1310,371,163469,152,8170,9,2493,421918,725496,1003
,德智里,756,691232,9920,22594,504869,46654,19265,1848,275,75764,643,6969,0,2431,423134,609498,515
,寶興里,2098,1881513,22266,56064,1358937,91447,32082,5320,1914,285452,3008,16123,39,8862,1113827,1636500,1598
,安康里,605,506229,7112,8359,311654,12734,1207,743,341,158653,953,3051,126,1297,244042,438491,571
,安寧里,369,236426,6832,5517,196472,5671,2502,357,185,15238,0,3511,51,90,154556,194495,374
,鼎盛里,2263,1894965,31503,36097,1527531,83339,17872,5714,1479,168643,2268,17394,587,2536,1244134,1611574,2208
,鼎泰里,7001,7934850,98297,249356,6139048,347840,104417,24974,7059,808719,11740,80802,716,61883,5237007,7032884,11403
,本武里,491,433066,9725,10279,329345,24850,6841,293,233,45742,2051,3057,100,551,269887,373609,977
,本文里,628,478542,10070,8521,373483,28167,13317,1641,595,37078,22,5413,0,237,302922,407981,256
,寶盛里,1692,1561444,29922,43907,1214521,82593,14771,4426,913,151731,2271,13557,0,2832,1014036,1360965,1124
,寶華里,1111,1063351,17003,27693,800778,61663,18681,3735,1028,118390,933,9857,0,3590,669093,931694,877
,寶民里,1060,993143,19324,16839,775714,49646,11456,2351,670,105650,651,8771,0,2073,646793,864222,949
,寶中里,935,737161,20497,17868,573283,30334,13008,1563,1279,62881,566,5806,0,10077,463666,627548,488
,寶玉里,2590,2200456,41054,44259,1783717,96913,18767,6009,2052,175811,5263,21013,0,5599,1465250,1881989,1338
,灣成里,616,502680,8389,18908,385703,25878,8585,1887,256,44884,277,5185,1521,1208,313462,430334,3003
,安吉里,1480,1303142,30116,27080,1016049,60412,21290,4640,1777,122692,110,11922,210,6843,846359,1131730,1835
,安泰里,1261,1133499,15912,27719,838140,67390,18286,3418,809,137061,9139,14248,55,1322,695441,990808,1263
,德仁里,661,707359,4644,25895,444179,34160,17756,4286,315,170296,704,3184,0,1940,371887,635067,653
,寶國里,2485,2359304,42732,75304,1838306,94820,36642,9798,2278,224105,5469,25957,228,3664,1526536,2047533,2656
,正順里,1267,1150853,11451,26043,897976,54058,20468,8386,536,118390,2988,8775,0,1783,748298,1001175,1501
,安發里,1531,1400180,25029,36391,1001884,81230,29976,4276,999,199128,1778,10830,18,8643,830824,1229120,1119
,鼎中里,1094,892640,19767,9811,693969,42989,16522,3651,1128,94853,16,8483,0,1451,567424,766095,582
,寶業里,1717,1652129,19154,36716,1251640,88111,25018,15081,1014,192786,4863,14419,127,3200,1050037,1450886,1937
,寶慶里,891,723732,13060,14446,579084,30537,9748,1646,247,68168,429,5507,0,861,477241,621890,504
,寶德里,1589,1287843,31950,23160,1003910,60480,17210,4534,1797,129054,1253,13044,12,1439,813152,1097085,1298
,寶泰里,1248,1109228,26161,41176,797491,45604,29141,9613,1179,136879,1455,10035,0,10493,651964,963598,848
,寶安里,2282,2200947,38680,90423,1574433,105043,38539,6533,1430,300943,3908,24692,596,15726,1308417,1934758,3653
,本元里,1704,1550607,28220,25370,1230087,69022,17617,3724,1058,150755,898,22818,145,893,1018117,1338633,1782
,本安里,1569,1614491,29691,37661,1223274,78306,27293,7048,882,181418,3781,16531,389,8216,1028554,1419753,2631
,本上里,1648,1897925,20155,43425,1427805,103697,24570,5820,1637,236956,6873,17281,842,8864,1229241,1699015,3897
,本揚里,2530,2559440,44291,51142,1933354,130691,53542,9111,1571,298042,6047,22675,0,8974,1628752,2254838,1949
,鼎力里,1147,959247,13716,16069,746943,44194,20342,2465,871,100258,894,9292,0,4204,608644,820948,384
,鼎強里,1217,920843,27264,10708,743602,39412,8368,4379,588,76277,13,8883,0,1349,594619,771859,574
,本和里,2473,2310418,48599,45904,1802561,98888,21468,11134,2089,245768,3626,25973,0,4409,1496246,2004106,1829
,其　他,8,2292,0,8,1292,159,109,6,20,685,0,13,0,0,878,1878,0
"表166-E(103年度)各類所得金額各縣市鄉鎮村里統計表-縣市別：高 雄 市,單位：金額(千元)",,,,,,,,,,,,,,,,,,
鄉鎮市區,村里,納稅單位,合　　計,營利所得,執行業務所得,薪資所得,利息所得,租賃及權利金,財產交易所得,機會中獎所得,股利所得,退職所得,其他所得,稿費所得,申報大於歸戶,薪資淨所得,按薪資淨所得計算之綜合所得,稿費收入
,合　計,92930,84902073,1611526,2181640,63402840,4210162,1485005,320422,74245,10260685,120971,874735,10630,349214,52494334,73990969,97698
新興區,大明里,312,261274,2835,8763,154191,18577,10644,3180,188,55156,169,6716,0,853,126746,233833,233
,明莊里,174,164450,5680,12525,93791,15599,13945,1124,104,18795,0,2233,0,656,77515,148175,84
,仁聲里,319,277274,8388,6098,193667,14867,6114,711,261,44088,337,2693,0,50,159726,243006,115
,漢民里,247,215859,4303,6070,131125,15817,8633,1024,214,46922,297,1404,0,48,108805,193538,88
,華聲里,354,404954,26743,9803,207220,21848,16679,381,208,118100,0,1717,0,2254,172325,369434,114
,玉衡里,263,209468,1543,18248,136903,14899,14689,124,81,18599,1,4151,127,103,111747,177627,459
,榮治里,237,586040,3797,66881,222315,19504,18661,2780,480,245796,0,5089,679,59,197468,560456,1847
,浩然里,669,666022,12994,28388,410578,59774,24641,1908,592,118898,825,5873,252,1298,344025,598543,1533
,振成里,445,784754,29722,7339,263895,36595,77627,2151,168,364165,1282,1770,40,0,224755,745614,912
,德生里,1140,1583068,32419,68080,923165,87236,48723,7646,1077,403743,648,8859,298,1174,801389,1460817,2792
,成功里,396,560289,4668,15273,280539,33880,13585,2404,233,203506,667,2663,33,2839,242773,521093,610
,愛平里,332,356325,7556,15043,237083,28931,19095,6655,388,36504,128,4740,0,201,203039,321954,515
,新江里,402,718585,24829,13146,217645,22518,23301,1300,360,408598,1328,5277,60,224,179045,679019,663
,黎明里,259,244941,12200,7452,134166,18575,8889,1069,116,56667,0,5657,0,151,109941,220716,150
,秋山里,255,189980,9628,5203,116957,11930,16585,6482,137,21739,14,915,0,390,94557,167580,156
,長驛里,261,218278,5109,16709,154104,11973,6731,419,182,20298,140,2499,0,113,126433,190584,92
,建興里,293,347061,7639,8303,154848,13619,7997,2905,544,147431,18,3650,0,107,125230,317443,71
,德望里,731,755946,8616,33013,468146,62670,26126,3120,295,147017,1652,4246,164,880,397277,684686,915
,中東里,806,785881,21301,21038,513235,42940,18702,1467,456,156332,1197,8391,0,822,429145,701790,665
,東坡里,373,318111,11004,12135,203880,18766,15700,2471,1916,44515,451,6341,639,292,168060,282274,1677
,蕉園里,258,261924,4773,14512,160642,23062,11540,754,2980,41114,1302,1025,0,222,135592,235688,173
,德政里,228,215146,8380,4324,150328,11084,6855,502,60,32569,0,908,0,136,125581,189455,340
,南港里,629,552491,17034,19708,376555,44491,14832,1379,493,72938,1620,3406,35,0,313900,491243,848
,開平里,1267,2294003,28489,73883,1001011,106413,51513,5177,1206,997733,5669,15140,84,7686,861795,2153414,2052
,光耀里,738,674346,6722,27957,457400,40754,28815,5310,622,98121,2632,5886,128,0,377339,594285,952
,永寧里,503,520289,5727,12662,343463,34230,25213,1454,430,90648,532,5484,0,444,292002,468828,474
,順昌里,609,613300,18062,16125,374148,37476,11327,3863,440,145045,52,6227,162,373,309092,546853,642
,正氣里,506,545575,7338,24575,284801,43389,24842,12473,299,140257,414,5567,0,1621,238927,499704,492
,建華里,257,377294,6133,9485,152360,15764,13783,1094,113,174226,0,1959,1166,1210,127523,352458,2565
,振華里,408,579845,7206,5290,297165,35452,34809,18239,187,175431,619,5323,0,123,256138,538817,181
,文昌里,972,1255463,10923,68947,777545,81169,52369,4905,1040,228849,3660,17764,472,7819,678167,1156105,3216
,興昌里,637,614756,15748,23000,396094,48937,16760,1765,398,104506,692,5909,26,921,333426,552091,606
,其　他,2,791,0,0,345,3,397,0,0,46,0,0,0,0,237,683,0
,合　計,15282,18153783,377506,679981,9989310,1092742,690120,106236,16270,4978352,26347,159485,4364,33070,8449719,16597805,26236
前金區,青山里,580,693989,15394,31310,420315,53681,28625,2957,722,128660,3626,8084,50,566,361416,635069,1235
,長興里,340,405502,3603,14518,189380,21104,11887,910,78,158409,400,2344,0,2869,154681,370803,144
,民生里,247,244972,4615,14998,151365,20022,13663,5350,158,31097,1151,2255,51,247,128050,221657,563
,東金里,341,426132,6072,46849,200655,28631,28183,1084,195,111977,11,2029,0,447,169114,394661,451
"表166-E(103年度)各類所得金額各縣市鄉鎮村里統計表-縣市別：高 雄 市,單位：金額(千元)",,,,,,,,,,,,,,,,,,
鄉鎮市區,村里,納稅單位,合　　計,營利所得,執行業務所得,薪資所得,利息所得,租賃及權利金,財產交易所得,機會中獎所得,股利所得,退職所得,其他所得,稿費所得,申報大於歸戶,薪資淨所得,按薪資淨所得計算之綜合所得,稿費收入
,林投里,205,258567,1381,24692,128403,8765,3051,86,139,91210,17,637,0,186,107780,237944,227
,後金里,247,258023,4003,2805,157054,20392,8600,1919,110,56923,0,5970,0,249,132339,233315,373
,文東里,417,477631,11041,19365,262879,29375,29683,5103,396,112887,0,6803,0,99,222729,437483,333
,長生里,604,644770,7642,29234,382978,48000,27613,5940,345,132567,1236,5471,94,3652,323441,585237,1067
,博孝里,322,315129,2382,9086,207097,17283,13137,3421,191,60045,0,1976,127,384,175137,283169,749
,復元里,380,503332,5786,21275,262285,36285,11656,1861,172,154070,0,8241,82,1618,224713,463962,831
,社東里,612,927003,17317,42067,450035,66078,39494,4912,381,290273,1404,5446,117,9480,391088,867064,1386
,社西里,378,483956,11430,27298,241788,22945,48228,1298,360,126671,15,3848,0,75,203555,445723,408
,國民里,354,587994,8308,32357,243173,26022,16193,6302,342,247893,0,7192,0,212,207490,552421,253
,新生里,1275,1443358,21237,66884,934232,92486,43676,8156,1121,257158,1184,14928,50,2247,797541,1307081,1866
,北金里,252,199410,4502,8063,137020,15547,7356,854,106,23110,0,2684,0,166,112747,175168,144
,榮復里,368,288302,6134,9442,197123,17559,15704,1695,142,37789,54,2671,0,-12,162373,253552,62
,文西里,316,289352,8973,7824,165388,16561,22848,2081,436,59581,3742,1806,0,111,137332,261255,205
,草江里,370,364123,10429,13595,232325,21321,11520,717,248,68072,1635,4254,0,7,194817,324407,245
,長城里,379,322594,6430,4658,228665,16644,13472,1245,726,46886,89,2835,223,721,186630,280559,795
,三川里,190,124755,3023,1663,86066,9693,6430,1074,87,14338,0,1882,186,313,67883,106572,552
,其　他,1,134,0,134,0,0,0,0,0,0,0,0,0,0,0,134,0
,合　計,8178,9259030,159702,428116,5278228,588395,401016,56967,6454,2209615,14563,91355,979,23640,4460856,8437234,11889
苓雅區,博仁里,244,389219,5726,11717,209261,15141,6988,2693,167,131879,305,4344,32,966,182670,362629,610
,苓洲里,487,607387,10250,37664,306398,25821,17201,9943,1072,168283,7577,6922,0,16254,254319,560323,527
,苓昇里,333,247616,8926,5749,185128,14638,6764,1234,437,21068,1130,1949,0,592,150753,213241,40
,苓雅里,474,424603,8534,35330,287163,27556,11455,1140,970,48704,270,2958,0,521,237088,374654,280
,苓中里,503,433738,6857,8468,303736,16114,4074,1491,327,87103,0,4012,0,1557,245301,375303,384
,苓東里,432,424274,13200,19409,230828,18387,12781,1917,527,122622,1008,3758,192,-356,185678,379001,654
,城東里,723,704944,11439,54627,483491,33192,19762,2799,630,92587,780,4763,203,670,403438,624783,952
,城北里,469,464338,5482,19569,287762,23175,21475,3085,172,97541,1816,2363,0,1897,237579,414155,220
,城西里,155,100701,7136,1358,75431,4648,2961,293,85,7359,0,954,0,475,58742,84012,47
,意誠里,1123,888709,11469,32253,652095,55015,15365,9224,1042,90561,1954,7748,233,11750,531037,767650,1450
,鼓中里,309,244177,5336,7301,169451,15448,17568,754,278,25423,58,1838,0,721,139316,214042,285
,田西里,430,412561,9318,22669,256048,33017,23297,6316,326,40105,16134,3300,0,2030,216600,372909,256
,日中里,747,728219,8144,22604,514605,46069,7959,1737,676,109331,3414,10105,684,2891,433670,645855,2363
,美田里,381,324016,2214,6977,222210,23901,12455,330,259,51625,0,2536,0,1508,184208,286067,266
,林西里,540,448604,5149,7022,326293,35038,11944,656,318,54154,718,6919,0,392,270787,392804,358
,林南里,1116,1441409,33588,45510,867476,92995,52549,4583,650,322850,4851,12573,566,3219,747316,1320976,3728
,林德里,600,700487,7932,14588,488674,55781,11282,1074,545,111954,672,4277,320,3389,421248,632894,2346
,福海里,334,266352,2118,8399,216897,15760,3547,154,171,13880,0,5176,0,250,178710,228165,221
,福南里,499,395811,9549,6950,299872,20301,9790,546,424,42596,702,3039,0,2043,244487,340433,366
,福西里,477,303742,5960,5424,252288,10681,3087,858,588,21302,747,2399,0,405,200194,251647,135
,福東里,811,584575,11921,10700,464314,27172,20714,2452,535,36444,1406,6664,0,2255,370523,488083,495
"表166-E(103年度)各類所得金額各縣市鄉鎮村里統計表-縣市別：高 雄 市,單位：金額(千元)",,,,,,,,,,,,,,,,,,
鄉鎮市區,村里,納稅單位,合　　計,營利所得,執行業務所得,薪資所得,利息所得,租賃及權利金,財產交易所得,機會中獎所得,股利所得,退職所得,其他所得,稿費所得,申報大於歸戶,薪資淨所得,按薪資淨所得計算之綜合所得,稿費收入
,五福里,1176,957597,18141,22990,694708,49672,16988,2372,1045,134910,2439,7908,183,6241,565297,828186,884
,仁政里,493,530136,14696,23873,323802,28642,15866,2275,255,104264,868,5331,0,10263,272509,478103,319
,凱旋里,678,794567,5023,34327,532113,65234,12956,8596,589,125006,1400,7701,115,1507,456644,714607,1386
,人和里,580,577674,7854,11383,370096,36770,16165,2520,527,126612,478,3391,8,1871,307538,515124,387
,和煦里,658,644342,11835,12205,409227,46657,18579,2054,487,125390,11888,3790,0,2229,342185,577300,279
,普照里,1111,1536129,20159,52911,828965,78029,30532,5825,1204,483262,3189,15350,0,16702,710215,1416161,1478
,晴朗里,430,518337,5258,18515,348628,29192,11412,3096,484,93124,3799,3343,192,1293,303759,473463,1035
,廣澤里,580,575909,6722,29806,346202,35299,22108,6160,314,104210,0,6869,0,18218,287495,517202,340
,奏捷里,493,416036,5993,10644,323634,32618,4133,1471,672,30872,85,4994,0,920,270512,362914,321
,永康里,721,629135,6385,17924,482842,50626,8830,1176,454,53070,925,7440,0,-537,404421,548917,718
,林圍里,940,1980555,8864,47020,815516,90972,29506,8482,444,951214,8741,9000,64,10732,710859,1875898,1792
,林興里,360,337230,3184,11739,204240,18802,7372,10889,182,76528,613,2957,0,724,166050,299040,131
,林靖里,576,520473,5429,15803,382265,61582,6679,6732,260,35322,139,5575,246,439,319819,458039,983
,同慶里,799,1070384,13624,51623,772290,56378,22261,3365,918,135132,186,12133,242,2232,675663,974039,2258
,福隆里,784,641834,7120,9804,489693,43928,9308,2230,521,73832,928,4212,21,238,401250,553385,417
,福康里,546,403430,7401,5709,323075,23896,3999,903,326,30539,129,5316,559,1578,263647,343974,1409
,福人里,597,461140,8307,11650,357000,24147,3737,2059,317,47776,589,4920,0,638,285245,389385,148
,福地里,776,558056,8284,5347,472684,24799,2744,1075,577,37523,287,3828,77,830,382026,467615,554
,福居里,743,518882,8555,2916,421406,26159,4728,1590,341,45394,107,4685,42,2959,336073,433549,798
,五權里,691,604148,12997,16944,409980,47554,24036,1579,474,79654,4010,5797,7,1116,337673,531846,837
,正義里,873,1027427,12510,15541,851646,43992,8465,1390,990,81365,1497,7055,25,2951,744840,920531,798
,福壽里,428,397563,7286,9732,242470,18623,7622,5565,400,102497,438,2448,206,276,196378,351470,834
,林中里,1026,916437,10112,16491,677167,69943,13235,1189,826,112499,540,12005,71,2359,568663,807907,1079
,華堂里,996,886820,39168,23397,614321,53166,23256,2810,865,115104,3102,9278,569,1786,508664,788911,2048
,朝陽里,505,412448,3350,6668,326632,32648,2148,2511,506,31027,155,5577,0,1227,270819,356635,672
,林華里,893,818272,10614,16667,560133,48870,7985,1672,479,162809,0,8998,0,45,460577,718803,710
,林榮里,1417,1232311,13442,26150,925555,76070,14490,3500,1064,158001,206,11048,249,2536,763862,1070190,1240
,正心里,1315,1171275,18234,25641,858272,83632,18726,2708,972,141117,4618,8996,59,8301,710958,1022476,1467
,福祥里,351,256006,5655,6610,200924,13854,2815,365,171,21894,0,3483,0,235,163257,218339,154
,安祥里,913,1223856,59439,26006,621184,73792,42544,4053,835,383690,2821,6057,0,3434,529905,1132772,1747
,中正里,1092,2281853,10924,42567,842871,99891,76456,7002,795,1147235,2388,9470,0,42253,725221,2163865,1358
,普天里,1150,1242834,20499,44858,842945,78534,26373,3537,783,206870,7078,7521,118,3717,717898,1123146,1996
,林富里,733,1359558,35890,99018,703338,72739,40004,2255,700,389235,454,13714,42,2169,625968,1282146,1720
,民主里,1296,1138894,22625,29593,841353,83450,17568,5098,1043,114922,5597,10145,228,7273,700287,993349,1526
,正仁里,800,645295,6317,21806,509934,34658,4756,2384,524,55565,647,7066,0,1640,416280,551642,501
,林貴里,642,635133,11886,8621,494929,34823,11944,528,857,66307,91,4490,222,435,415961,555942,934
,正大里,1701,1565566,22310,45500,1151576,75113,20651,3469,1491,220260,4937,13282,45,6932,959849,1373839,1464
,光華里,167,130588,1908,3977,98236,8009,2784,40,143,12859,0,2577,0,56,80154,112506,46
,正道里,1404,1126928,11574,25277,872018,62350,13250,2648,1023,123164,1564,10681,204,3175,713988,968899,1249
"表166-E(103年度)各類所得金額各縣市鄉鎮村里統計表-縣市別：高 雄 市,單位：金額(千元)",,,,,,,,,,,,,,,,,,
鄉鎮市區,村里,納稅單位,合　　計,營利所得,執行業務所得,薪資所得,利息所得,租賃及權利金,財產交易所得,機會中獎所得,股利所得,退職所得,其他所得,稿費所得,申報大於歸戶,薪資淨所得,按薪資淨所得計算之綜合所得,稿費收入
,衛武里,585,403217,4911,5058,334710,19976,1504,1145,376,32161,377,2695,0,304,268470,336977,256
,英明里,638,517790,10387,11322,381856,32627,6646,1308,440,66168,730,5558,64,683,308834,444768,842
,林泉里,747,869375,7027,46943,592508,68980,21356,5380,1731,113495,2412,7117,308,2117,511014,785955,2959
,尚義里,538,634590,5609,14518,394332,41038,28345,1596,397,140280,0,6339,117,2018,338007,577298,1108
,林安里,493,472563,10926,22571,325465,28947,13515,1489,306,61066,3908,3456,0,913,273901,420999,242
,正文里,706,643032,10950,18867,426652,37480,19820,2599,396,119853,55,4883,344,1133,353358,569737,1097
,正言里,984,844913,9986,30200,609739,48604,23358,1444,696,100854,1122,12109,42,6761,500955,736129,822
,文昌里,1224,915108,14063,11567,743924,44886,6516,3015,754,78147,1870,7765,0,2600,601130,772315,527
,建軍里,581,429880,7741,6737,346200,23936,5815,842,289,33893,0,3575,124,729,279155,362832,705
,其　他,9,2738,200,149,1897,97,208,0,0,165,0,22,0,0,1261,2102,0
,合　計,49126,49013742,781620,1459474,32800572,2891531,1047114,199273,40445,8983509,130950,430545,7024,241683,27402156,43610854,62558
前鎮區,鎮北里,284,200691,1802,1397,150349,10561,1825,369,213,28168,141,5810,0,55,119810,170152,417
,草衙里,2516,1709366,56888,21979,1341422,75447,24038,4527,1632,163698,1604,14677,0,3454,1038892,1406614,734
,前鎮里,337,242836,6029,2386,202767,8977,1807,521,256,17545,83,2401,0,63,163206,203275,50
,興邦里,1020,970138,12279,12307,820607,35493,6408,2251,939,68665,230,9755,131,1073,688223,837655,1124
,興化里,157,134722,674,611,96236,2746,210,110,373,32420,0,1341,0,0,76590,115076,31
,鎮中里,194,128186,5429,1182,100538,5092,1553,117,89,11783,0,2123,0,281,80283,107931,0
,振興里,788,864073,8874,56236,602952,38608,14691,4346,487,120965,73,6830,93,9920,513172,774292,1408
,西甲里,649,646072,14420,12818,496209,32629,15176,1114,490,54134,3911,11805,21,3347,421613,571468,513
,竹內里,823,658485,13965,14918,524642,30790,3097,1389,510,58443,1904,8056,153,619,427376,561233,886
,西山里,1192,1118581,9557,36991,818893,71679,14466,3605,899,144690,1571,13059,0,3170,685453,984886,866
,良和里,1013,1061762,12353,27409,774516,63027,16103,19006,927,132364,2840,11767,273,1178,661062,948351,1755
,建隆里,411,695407,15601,35103,418056,25582,19004,27959,381,132941,546,6089,252,13892,370551,631761,1231
,興中里,914,754007,8457,26697,575972,37549,9258,1561,703,74801,2314,5723,0,10971,471579,649614,233
,忠誠里,673,494996,3143,2678,446062,20257,1859,1733,264,13575,900,4265,0,258,363944,412878,76
,忠純里,1472,1057095,10975,17372,877959,58243,7035,3551,692,63921,1027,13677,0,2642,704863,883999,561
,瑞竹里,460,382786,5154,5907,321683,12242,3641,4170,563,25597,0,3769,21,39,264303,325406,425
,復國里,813,761095,14613,15830,565751,42873,7352,1309,353,95000,256,14316,0,3443,473162,668513,541
,鎮東里,466,336320,5602,3809,281970,12623,609,550,343,20804,2422,7328,0,260,224625,278975,59
,忠孝里,949,1013798,16825,40685,668661,54800,20595,5701,842,191414,233,10293,0,3749,567572,912708,485
,仁愛里,302,204045,7795,4402,153094,6848,8838,689,133,19399,0,2570,0,278,119112,170063,19
,興仁里,139,77264,1578,1413,65948,1248,1863,0,57,4761,0,388,0,9,49740,61056,0
,信義里,355,242500,7195,3195,191903,9404,3328,325,141,24785,0,1826,0,399,149109,199706,208
,平等里,543,469100,13587,7669,346824,20282,4874,7461,237,63700,83,4361,0,22,283807,406082,136
,明道里,232,181949,3526,5413,141764,5664,2818,927,113,20540,0,940,245,0,114189,153854,575
,明禮里,347,236840,3984,9681,192710,6683,2994,260,192,17807,227,2214,0,87,151901,196030,96
,瑞豐里,801,662538,14566,9229,540492,21843,7082,2104,474,52166,19,10917,14,3633,438037,559877,388
,鎮陽里,264,187774,6948,1090,147100,10572,2874,235,151,14204,0,4253,11,336,118355,159029,214
,盛興里,908,927973,18246,32948,578281,46493,28467,4472,761,205563,3001,7143,279,2318,478803,828516,1375
"表166-E(103年度)各類所得金額各縣市鄉鎮村里統計表-縣市別：高 雄 市,單位：金額(千元)",,,,,,,,,,,,,,,,,,
鄉鎮市區,村里,納稅單位,合　　計,營利所得,執行業務所得,薪資所得,利息所得,租賃及權利金,財產交易所得,機會中獎所得,股利所得,退職所得,其他所得,稿費所得,申報大於歸戶,薪資淨所得,按薪資淨所得計算之綜合所得,稿費收入
,鎮榮里,531,352119,12771,3828,293931,11018,3605,2621,580,19824,0,3835,0,104,230561,288749,85
,瑞南里,1316,1037246,16740,10153,860983,43492,8180,1900,578,72330,96,9589,0,13204,697042,873305,450
,瑞崗里,731,569178,13844,9566,439658,27270,17876,1981,498,50462,375,6856,2,790,354859,484378,320
,瑞東里,673,478892,4189,9231,392039,23005,8389,959,455,35576,43,3616,10,1380,315238,402090,377
,瑞北里,845,600670,10907,10268,495021,24221,6403,1252,452,39170,664,9704,0,2608,394206,499854,356
,瑞西里,793,601493,12037,10945,476930,25848,5819,1208,391,60374,762,6540,120,518,384041,508603,568
,瑞興里,742,570549,9238,9582,465674,25182,4399,2244,441,43680,1912,6958,76,1164,377145,482020,379
,瑞和里,535,401608,3698,4337,341881,16827,3461,581,539,21608,331,7413,589,343,276530,336257,1179
,瑞隆里,1012,783713,21710,8803,612408,32168,11173,1901,794,83415,1630,9200,104,409,494044,665245,662
,信德里,527,337190,8952,5725,290392,8588,1451,484,430,17537,846,2752,0,32,226365,273163,16
,鎮昌里,536,386022,11340,6633,302737,15819,3294,1032,375,40092,362,4019,0,319,241914,325198,8
,明正里,1631,1321751,48332,10155,1049969,46766,16140,5751,1337,119646,7263,15700,0,692,851511,1123308,315
,竹西里,1348,1233222,13329,18494,962306,69314,14481,3235,966,133053,294,15038,225,2487,801689,1072441,1741
,平昌里,134,88579,1549,1096,66947,3990,3331,125,57,11015,38,422,0,10,51148,72781,13
,明孝里,641,467158,22944,3507,347014,24311,5974,873,312,58744,0,3464,0,13,272698,392842,84
,瑞祥里,1425,1231286,21313,21622,988518,58654,11641,2942,790,108042,1725,14352,876,812,806729,1049494,2829
,瑞平里,1112,901365,16784,15381,729361,35269,20691,1235,1392,73335,239,7328,111,240,592653,764657,624
,德昌里,493,312628,7017,5217,254132,17800,3136,277,234,21967,392,2417,0,39,197022,255518,39
,明義里,685,507178,12446,8102,393626,16726,3967,693,359,66405,26,4354,0,474,310130,423681,43
,鎮海里,1302,1069789,29427,13112,857663,45823,14641,1897,728,90863,2588,12611,143,292,697207,909334,835
,竹東里,719,519827,4273,9714,423733,25496,3082,1858,488,34945,421,14169,0,1647,341797,437892,450
,竹南里,2412,2625565,39763,63210,2044319,102170,26859,23315,2182,290270,3510,24121,221,5625,1734665,2312887,3004
,竹北里,716,647174,5232,9268,484223,35459,5711,5686,341,93121,0,8174,49,-89,401941,563261,427
,瑞誠里,777,574105,11786,6406,485299,24860,3567,3114,473,31446,3,7086,0,67,390180,478986,93
,瑞華里,1431,1269500,17986,18065,1019268,68308,12384,2146,1646,110762,2358,15684,0,892,843132,1093135,895
,瑞昌里,930,714434,18725,8651,579442,27155,8030,1170,1374,61969,722,6798,0,397,468733,603787,169
,瑞文里,718,570702,5199,7340,457897,19547,6790,1659,296,67011,0,4289,462,212,371257,484053,1051
,竹中里,1182,1011888,20405,24747,792632,52786,13979,4203,678,84376,1201,15798,0,1084,656053,872972,685
,民權里,1555,1680306,12702,40127,1278414,85813,23158,13102,1248,204203,5109,13606,586,2237,1093877,1495754,2099
,盛豐里,915,814492,20534,33490,556592,46951,20668,6935,1186,119750,1746,5580,0,1059,459450,717349,889
,興東里,1840,1705547,29870,54039,1276204,86120,24317,11402,1628,194385,1446,15834,353,9946,1060101,1489443,1870
,其　他,1,298,0,0,297,0,0,0,0,0,0,1,0,0,189,190,0
,合　計,49230,41805867,785104,872169,32462874,1915011,548462,208143,36465,4333226,59485,465007,5418,114504,26613438,35931624,36963
旗津區,旗下里,278,173471,3144,2189,144366,6163,5275,72,91,9889,890,1156,0,237,113018,142123,25
,永安里,240,135920,3330,188,116450,4803,772,563,162,8427,85,1107,0,32,88577,108047,136
,振興里,373,251298,7493,4126,198767,11136,1090,481,571,25656,0,1963,0,14,157233,209764,123
,慈愛里,427,269493,8141,2079,225256,6966,391,91,131,22818,220,3132,0,268,175678,220263,56
,復興里,598,380299,7072,2380,316829,11972,4583,14660,358,19274,0,2714,0,458,245282,308753,152
,實踐里,247,137451,1905,2245,119829,4781,538,139,98,6036,0,614,0,1266,90485,108107,23
"表166-E(103年度)各類所得金額各縣市鄉鎮村里統計表-縣市別：高 雄 市,單位：金額(千元)",,,,,,,,,,,,,,,,,,
鄉鎮市區,村里,納稅單位,合　　計,營利所得,執行業務所得,薪資所得,利息所得,租賃及權利金,財產交易所得,機會中獎所得,股利所得,退職所得,其他所得,稿費所得,申報大於歸戶,薪資淨所得,按薪資淨所得計算之綜合所得,稿費收入
,上竹里,596,415446,22592,8423,337880,14492,2079,1351,324,22461,0,4849,0,996,265279,342846,66
,南汕里,397,273627,5192,1823,231831,9205,1506,254,326,19806,0,2760,244,681,184453,226249,818
,中洲里,337,221477,6887,5169,185983,7101,1348,245,178,11448,72,2818,0,228,144931,180425,4
,安順里,164,102715,2492,1546,86674,2521,534,335,41,7110,601,816,0,47,67573,83614,20
,中興里,615,416998,7541,7264,351972,13035,729,532,201,31367,4,4071,0,283,276984,342010,77
,北汕里,529,305684,10066,4274,257594,7175,2912,1187,316,18871,0,3174,0,115,197998,246088,81
,中華里,320,198008,13648,1630,165503,5682,1692,69,258,8149,0,1802,0,-424,129855,162360,20
,其　他,1,583,0,0,574,0,0,0,0,4,0,5,0,0,466,475,0
,合　計,5122,3282472,99503,43334,2739507,105031,23449,19979,3055,211314,1872,30982,244,4201,2137811,2681124,1601
小港區,小港里,707,591430,13637,13957,443901,27567,8369,972,535,74707,935,6617,0,234,360157,507687,129
,港墘里,582,516724,3849,1516,415455,19287,7704,1107,447,57974,3837,5532,0,16,341645,442914,343
,鳳宮里,672,531076,13511,4641,438760,16490,3769,1527,357,40807,2787,7796,6,625,355103,447415,325
,店鎮里,1894,1597734,34105,17285,1279041,62058,26089,2613,1837,153290,2923,17516,42,935,1039424,1358117,835
,山東里,980,777931,12747,5917,659110,27290,4167,1031,433,55798,2599,8523,0,316,536206,655028,150
,孔宅里,1212,880823,19948,7449,734034,24630,6849,2774,567,74705,1486,8277,0,104,576434,723223,351
,高松里,1110,837462,19511,5411,705602,22746,6764,1683,2122,57287,4411,10781,0,1144,569847,701707,176
,大坪里,739,567933,19274,5655,459445,18823,7279,8968,337,39909,1094,7108,0,40,365376,473864,51
,坪頂里,1528,1174432,32288,23951,962611,22508,12422,5980,754,100618,98,12387,0,813,767137,978957,198
,鳳森里,647,518968,9253,4581,434287,18664,4161,1061,338,38136,924,7175,356,33,350523,435304,710
,鳳林里,857,655677,9258,8266,552357,19960,5733,2628,594,44908,558,10864,0,550,446905,550225,305
,鳳興里,697,523894,9340,6559,451434,14876,1663,916,308,28199,2007,8230,274,89,359802,432259,701
,鳳源里,1036,798482,10876,6216,700409,20145,6687,935,800,41344,1168,9901,0,1,561850,659923,99
,鳳鳴里,834,635685,9826,6363,538114,21881,3097,816,368,45874,1019,8278,0,48,434065,531637,383
,青島里,624,457662,5263,7882,395600,15882,1550,533,606,23448,36,6751,84,25,315675,377737,445
,濟南里,1304,1088802,16881,8832,925882,41022,7986,3907,1324,66726,1181,14452,0,609,757871,921099,91
,港口里,1271,1340448,8937,9743,1053844,62887,5980,3788,913,168339,12470,13355,0,192,904175,1190729,767
,港興里,722,605775,9369,7585,493425,25622,4602,1653,312,51654,3169,8053,0,332,402640,514991,212
,二苓里,1216,1009211,21828,11034,798631,37078,24266,1796,466,99695,1774,11451,7,1185,649643,860222,419
,大苓里,847,682929,5361,10265,559475,25533,6663,736,401,62433,1520,10257,70,216,455030,578462,365
,中厝里,920,658981,21653,9522,542788,16361,3670,1227,532,53445,1656,7730,0,396,425341,541534,32
,山明里,3229,2540296,46158,22370,2190315,66121,16753,8679,1752,149788,5830,31527,0,1004,1763297,2113278,774
,廈莊里,906,710969,13373,7790,578931,24403,8801,1887,456,64373,437,10139,0,380,465843,597881,119
,桂林里,2266,1776019,47653,15824,1443112,60439,16501,5476,1100,157213,4022,23838,64,779,1161391,1494298,1163
,龍鳳里,888,727651,7956,4613,626111,26655,3588,1485,459,46137,1344,9250,0,53,507218,608759,477
,港南里,599,526608,7077,2226,447410,17719,3970,1506,352,38844,2583,4772,0,149,369346,448557,219
,港明里,940,689536,16086,7559,569517,28870,7530,1742,894,48406,1166,7184,0,581,454073,574091,72
,港后里,749,609912,9525,8021,483777,22453,5437,1880,507,66550,3200,7415,0,1147,388746,514881,94
,港正里,913,784351,9525,8421,646902,34294,6410,3075,406,58915,8176,8150,0,77,534525,671988,509
,合作里,700,519812,10237,4538,446308,16311,4257,2322,496,28996,402,5896,26,23,356705,430209,257
"表166-E(103年度)各類所得金額各縣市鄉鎮村里統計表-縣市別：高 雄 市,單位：金額(千元)",,,,,,,,,,,,,,,,,,
鄉鎮市區,村里,納稅單位,合　　計,營利所得,執行業務所得,薪資所得,利息所得,租賃及權利金,財產交易所得,機會中獎所得,股利所得,退職所得,其他所得,稿費所得,申報大於歸戶,薪資淨所得,按薪資淨所得計算之綜合所得,稿費收入
,松山里,1107,958856,12507,11045,798814,28632,11218,2839,780,77705,1667,12024,0,1626,654237,814293,312
,松金里,808,643737,9729,11466,519347,18435,4963,1668,988,71177,206,5752,0,7,420278,544669,107
,泰山里,1106,1024533,18543,10677,823288,34475,5466,3095,518,116247,1847,10214,0,164,680408,881660,403
,三苓里,864,705000,10826,10043,576304,30955,10638,1568,523,54696,2542,6484,133,287,472620,601315,851
,正苓里,1296,1050755,19508,16740,850107,35492,23954,1420,816,83506,7341,11055,0,816,695815,897205,299
,順苓里,1424,1103759,23076,17889,912707,36045,15522,9521,1032,72883,1326,13433,0,325,741828,932879,385
,宏亮里,1014,825316,17575,13906,667659,27650,10655,3302,602,66871,2822,14067,0,207,541089,698746,191
,六苓里,915,874837,15072,8512,734570,29716,11244,2008,690,62927,1305,8571,0,224,616361,756628,200
,其　他,0,0,0,0,0,0,0,0,0,0,0,0,0,0,0,0,0
,合　計,40123,32524009,601141,364269,26859382,1099973,326379,100125,26723,2644529,93871,390806,1061,15749,21798627,27464371,13519
鳳山區,成功里,191,153627,3333,5782,93330,14060,18638,414,56,16186,0,1558,0,270,75112,135410,183
,和德里,653,600702,11598,15697,482468,22352,8895,2386,321,49322,731,6598,0,335,399448,517680,242
,和興里,1483,1288713,28655,18693,963337,70880,25982,6110,718,145083,2085,26632,325,213,789708,1115085,1196
,南興里,266,223367,6287,3546,146475,20423,18999,2639,163,22253,0,2562,0,21,121399,198291,154
,鎮南里,1411,1271156,19268,20472,841548,47835,62517,3910,688,258717,1520,13962,0,720,681164,1109433,364
,興仁里,1023,807226,12010,16049,611974,53389,34869,1176,743,66861,778,7978,86,1313,498661,693842,1020
,鳳崗里,373,330466,2093,5245,262399,29631,7876,648,287,20548,0,1758,0,-19,220353,288420,391
,曹公里,651,587547,7027,14519,439915,42765,11580,2470,397,60698,135,7548,228,264,367583,514947,1025
,鎮北里,2025,1606042,38292,15742,1340369,56290,19998,9789,2050,97868,1469,23220,189,765,1082994,1348172,1415
,縣衙里,243,195829,3259,5694,134528,18085,11988,336,180,19885,350,1087,0,436,109932,171233,39
,文山里,1762,1525574,24421,38644,1181872,66358,34857,10485,1273,147539,3421,15970,18,718,972594,1316286,1591
,文英里,1030,854752,9694,16881,694035,35187,13922,1736,542,75900,631,6117,0,107,569635,730352,571
,中和里,1058,941544,8767,19887,724902,53888,9794,8148,1025,96014,3682,12861,0,2577,600361,817003,508
,忠義里,1428,1348153,21101,49694,999825,67944,31389,6957,1296,150343,2042,12859,84,4619,826329,1173089,1490
,誠義里,1372,1388356,21491,17088,1159640,66266,12101,5274,982,90713,677,13382,58,685,975460,1204168,934
,縣口里,127,108968,1673,8567,71702,9152,5853,68,24,11439,0,322,0,166,61109,98374,59
,光明里,396,425656,16239,15863,260362,20812,30212,1346,142,74245,0,3918,0,2516,220923,386217,219
,三民里,327,293706,8200,8420,203356,20514,16281,332,311,31440,159,3670,0,1023,171052,261402,318
,鎮東里,582,423554,9788,5555,326128,24287,9175,1987,336,39770,247,5927,0,354,260660,358055,257
,鎮西里,1417,1264525,20614,36542,867133,67952,28699,3500,862,222589,2862,11642,0,2130,707897,1105289,1046
,興中里,280,259816,6031,2944,220626,9917,2532,1508,217,12119,385,3407,0,130,184805,223995,42
,中正里,858,587648,7141,10106,473439,50917,3590,1752,771,28919,522,7918,98,2474,377571,491783,620
,新興里,425,354569,17536,10147,244466,23201,11644,1099,702,41901,0,3828,0,47,200856,310316,44
,埤頂里,1766,1341329,18542,16683,1116035,75750,12017,3502,2581,72386,956,22520,53,304,897188,1122482,1311
,過埤里,3978,3574332,90465,44655,2963526,106169,24177,17228,2670,278061,1922,41372,0,4087,2431150,3041956,1210
,生明里,581,433311,6197,15352,357628,25397,3229,445,346,19840,223,4438,175,40,286503,362186,549
,誠德里,518,390481,7741,4149,334003,20190,1140,1115,318,18132,454,3190,0,47,271236,327714,259
,瑞竹里,1406,1126471,23105,22448,867799,72281,15425,3943,759,85301,1767,29653,114,3876,703452,962120,1053
,老爺里,1987,1442558,36793,18275,1201533,53024,15580,3879,1377,95048,2746,13059,38,1206,966681,1207706,923
"表166-E(103年度)各類所得金額各縣市鄉鎮村里統計表-縣市別：高 雄 市,單位：金額(千元)",,,,,,,,,,,,,,,,,,
鄉鎮市區,村里,納稅單位,合　　計,營利所得,執行業務所得,薪資所得,利息所得,租賃及權利金,財產交易所得,機會中獎所得,股利所得,退職所得,其他所得,稿費所得,申報大於歸戶,薪資淨所得,按薪資淨所得計算之綜合所得,稿費收入
,五福里,913,730766,19759,16602,565535,32855,15248,1039,456,69931,1711,7303,0,327,457727,622958,269
,海光里,891,620172,15651,4435,511949,35452,3912,1146,1343,38619,597,6297,0,771,406161,514384,327
,協和里,1180,1079471,15394,19491,903965,47550,7535,2104,841,70984,3034,7972,150,452,761973,937479,1152
,忠誠里,946,753621,17346,7545,614179,27176,9761,2052,758,62472,188,10299,0,1847,496619,636062,225
,北門里,1052,743034,23509,9123,595839,28878,8756,3835,576,64110,1163,6465,0,780,473536,621046,313
,富甲里,463,307443,8064,4618,250637,11618,7335,453,226,20709,69,3651,0,61,197801,254607,45
,南成里,2432,2007089,51598,24205,1691851,56042,14409,11989,1743,132424,707,20989,0,1133,1374150,1689395,595
,東門里,1439,1039611,16714,28785,840016,58804,10137,7467,627,60596,1317,14715,24,410,670527,870110,574
,一甲里,993,704711,16981,8014,571400,28727,12195,1261,437,53732,1252,10311,0,400,457519,590830,144
,正義里,1752,1337994,33565,18705,1091369,48628,19470,2873,928,103453,1663,15592,0,1748,874367,1120991,152
,武漢里,1448,1150732,18350,20773,952337,56863,7318,2586,936,76917,2057,10622,278,1697,777446,975842,1480
,新甲里,888,728985,14973,10354,602859,29889,7341,2149,566,48417,1938,9447,0,1050,493107,619424,306
,福興里,1649,1162082,19902,9444,982772,44697,7383,999,899,85260,1612,9000,0,115,782655,961965,343
,福誠里,1190,1058675,19767,17795,856517,43344,7384,14853,1310,74534,2755,20211,0,205,706896,909054,382
,瑞興里,1388,1195953,16628,20284,954156,64068,11480,2406,1079,111274,1174,12833,13,560,779349,1021134,507
,國泰里,1169,879987,12504,5680,743247,39805,2435,1743,565,61075,1967,10423,0,543,605402,742141,457
,新強里,1612,1486905,26858,25248,1208452,61064,14046,4396,1209,128912,700,15586,0,434,1004162,1282615,741
,天興里,1008,770452,9038,15248,608609,30986,6522,976,1039,87170,530,9733,197,403,487960,649778,1178
,鳳東里,1757,1533937,36216,17333,1250882,68995,11815,4172,4043,122068,1938,14242,322,1909,1024716,1307764,1183
,忠孝里,1648,1361461,19316,18932,1111418,73354,9490,1522,1341,110898,1990,11001,57,2141,908706,1158749,1391
,文德里,2950,3142055,38212,107209,2344831,135579,62986,20329,2291,373445,9781,30905,1160,15327,1974917,2771589,6378
,文華里,2511,2294679,43426,68466,1763882,129218,31653,10068,1641,209680,3605,29481,0,3560,1460934,1990370,1280
,國光里,1057,723802,5846,9522,622313,28767,4420,3517,586,42063,508,5798,90,373,501192,602681,1035
,國隆里,758,511277,4133,3754,442459,16004,4517,869,611,31871,2972,3869,0,218,354151,422969,274
,新富里,1204,921187,23935,15620,767668,31926,4019,1707,1026,62982,1449,10585,0,271,619374,772893,415
,大德里,1307,1021027,14453,7141,878106,31209,3505,1693,857,71677,346,11940,0,101,710329,853250,536
,武松里,737,565417,10601,12240,442485,26968,5900,3401,523,52559,3826,6428,0,487,356429,479403,164
,文衡里,1388,1359526,28667,25741,1072501,56007,22233,7954,1239,126829,3975,13601,148,630,891371,1178396,1098
,文福里,3002,2785198,56840,64286,2199410,111946,33503,11307,2565,260102,13851,27275,27,4087,1817149,2402937,2183
,誠信里,568,408707,8100,6771,352221,20201,1226,1258,242,13172,303,4827,183,205,281012,337498,830
,誠智里,758,568323,13405,9909,453252,32482,2796,1562,469,46861,289,7159,37,103,361219,476286,431
,國富里,880,773636,12125,14040,652522,32049,6351,4792,720,43042,292,7449,8,245,541902,663016,579
,武慶里,741,590321,12913,8029,462804,23809,11901,2195,582,59783,2945,5122,0,238,371287,498804,654
,海洋里,1170,1018408,21262,19627,813192,45049,8258,6390,699,88611,4167,10467,40,646,669087,874303,537
,新武里,660,503048,9755,6479,425988,18172,4072,2104,558,28786,1714,4600,0,820,344053,421113,161
,新樂里,1388,1253923,18682,27050,1040623,47724,9444,3964,1019,91879,1825,11332,0,381,860732,1074032,714
,新泰里,1233,1075365,20127,19490,896596,38791,12336,2336,1218,65685,2335,11730,0,4721,738422,915289,180
,中崙里,721,529845,8287,3648,459602,25720,2710,888,369,23662,1026,3920,0,12,366139,436383,136
,中榮里,1121,774446,18611,6243,668769,18845,3811,3656,631,42510,1554,9083,0,734,528505,634165,419
"表166-E(103年度)各類所得金額各縣市鄉鎮村里統計表-縣市別：高 雄 市,單位：金額(千元)",,,,,,,,,,,,,,,,,,
鄉鎮市區,村里,納稅單位,合　　計,營利所得,執行業務所得,薪資所得,利息所得,租賃及權利金,財產交易所得,機會中獎所得,股利所得,退職所得,其他所得,稿費所得,申報大於歸戶,薪資淨所得,按薪資淨所得計算之綜合所得,稿費收入
,中民里,1192,838340,14031,7443,728025,20954,2639,1404,712,52569,1192,9109,0,262,576644,686959,138
,二甲里,1376,1051435,37089,16359,846879,36461,4698,5286,631,87159,3332,13148,0,393,675259,879815,82
,龍成里,831,623960,12988,8624,516561,25001,5900,955,571,46402,281,6565,87,24,418783,526182,658
,富榮里,727,595359,8348,9390,489811,22537,10231,1398,801,45154,159,7003,0,528,398544,504092,130
,善美里,1639,1413888,25265,25322,1024725,46170,15107,3201,1015,258488,1482,11770,0,1345,823388,1212137,792
,南和里,732,586693,17010,10366,427537,25075,17478,727,595,81288,1527,4861,264,-35,342547,501360,857
,福祥里,808,706823,14873,30358,493687,26295,12515,702,526,115914,293,10413,0,1247,398414,611550,144
,保安里,1899,1785173,39330,25115,1463199,60059,12128,21878,1581,140780,29,19779,0,1294,1199257,1521242,831
,其　他,5,1975,0,0,1647,301,0,0,0,4,0,22,0,0,1234,1561,2
,合　計,88798,74226894,1437808,1354200,59243636,3267030,1013269,299742,67335,6495632,123179,833887,4550,86626,48354869,63329609,52437
鳥松區,鳥松里,3230,6127434,166038,75159,2858375,174460,90811,18256,2604,2699290,3013,33177,311,5940,2470132,5738517,6818
,夢裡里,1587,2502442,31666,93459,1406072,112380,70648,14320,1194,746552,4617,13269,234,8030,1226150,2322709,3747
,大華里,3471,6477343,181004,169422,2936905,271337,140760,23978,2760,2620285,11027,41572,585,77709,2547252,6087269,6702
,仁美里,1587,1158862,46847,11847,894581,43254,25417,7212,858,114961,210,12195,277,1204,701870,966102,1601
,坔埔里,973,825809,19930,9134,612679,32592,22267,1605,514,109995,441,15453,0,1199,495538,708668,375
,大竹里,182,137774,2510,2272,110238,6840,2645,0,40,11587,170,1470,0,1,87481,115016,161
,華美里,1072,890906,18755,12176,686572,37796,8949,3853,469,109184,191,11875,184,901,555577,759900,1508
,其　他,0,0,0,0,0,0,0,0,0,0,0,0,0,0,0,0,0
,合　計,12102,18120570,466750,373469,9505423,678657,361496,69226,8439,6411855,19669,129011,1591,94985,8083998,16698182,20912
仁武區,仁武里,1523,1135918,37522,20231,894900,52360,24041,4047,1076,84610,921,15257,51,903,713741,954759,1071
,文武里,2524,1952955,79923,22412,1520147,61522,21384,3881,1356,217405,61,23455,18,1390,1197416,1630236,705
,竹後里,565,376853,14596,4563,277681,12279,9961,4562,191,49178,164,3639,0,39,210873,310045,105
,八卦里,4675,4093441,117537,58350,3325248,132676,45918,27119,3734,326606,3823,49176,676,2578,2708511,3476519,3665
,大灣里,1125,899164,19884,8987,707865,24467,21598,6931,833,89018,574,14652,0,4356,568864,760157,205
,灣內里,2000,1716471,60192,25766,1345920,49980,21747,8792,1545,177244,2033,21106,1450,697,1085774,1456326,2930
,考潭里,745,585106,25988,10735,418196,31971,22142,3663,410,64956,2740,4007,162,138,332193,499018,621
,烏林里,941,610889,19489,5677,490318,20640,12122,981,497,53636,0,6350,52,1128,372323,492894,441
,仁福里,162,141934,6417,2654,78576,7895,4541,333,241,33636,0,7590,0,53,60459,123817,223
,高楠里,437,266278,3797,4680,219924,11692,1575,1087,265,19888,641,2659,0,72,169382,215737,42
,後安里,645,425411,21881,2925,333456,12568,7596,1075,503,40978,0,4150,0,279,252279,344234,126
,中華里,388,228671,4497,3514,198276,4848,623,417,438,12408,0,3649,0,0,148809,179204,99
,五和里,1188,863022,26785,6580,716134,21291,6563,4056,1046,64749,1952,12941,0,927,563621,710510,250
,仁和里,1144,1075723,27765,18929,783490,43290,25302,5049,766,152803,84,14431,168,3647,640406,932639,733
,赤山里,1688,1519011,43899,23486,1163037,51423,22153,5210,1222,187138,1661,14865,11,4908,945715,1301689,564
,仁慈里,726,739262,20832,18500,522591,36899,23665,2913,534,94812,1030,17212,110,165,436536,653207,916
,其　他,0,0,0,0,0,0,0,0,0,0,0,0,0,0,0,0,0
,合　計,20476,16630111,531004,237987,12995759,575798,270929,80115,14655,1669065,15684,215137,2697,21280,10406903,14040990,12694
大社區,大社里,1403,1095687,19007,31148,872825,48006,17980,3071,859,88271,1043,13427,0,49,704115,925104,450
,嘉誠里,193,112987,5195,2515,81784,4452,7194,29,63,10335,0,1421,0,0,60985,92189,29
"表166-E(103年度)各類所得金額各縣市鄉鎮村里統計表-縣市別：高 雄 市,單位：金額(千元)",,,,,,,,,,,,,,,,,,
鄉鎮市區,村里,納稅單位,合　　計,營利所得,執行業務所得,薪資所得,利息所得,租賃及權利金,財產交易所得,機會中獎所得,股利所得,退職所得,其他所得,稿費所得,申報大於歸戶,薪資淨所得,按薪資淨所得計算之綜合所得,稿費收入
,保社里,859,667822,14335,13395,529228,21070,14686,2641,415,64860,683,6443,0,66,417197,555528,435
,翠屏里,483,356829,6539,9312,269690,16764,7814,903,229,38531,499,5116,0,1431,212314,299453,31
,三奶里,684,471579,9474,6865,390281,18138,10097,935,912,27496,723,6390,0,268,306656,387956,82
,觀音里,1460,1125944,25778,15459,912068,46224,17988,5152,1592,83799,1543,15369,0,972,727265,940122,333
,神農里,1255,942693,25096,9083,736509,42524,18276,2320,976,87047,59,20147,0,655,583722,789909,345
,中里里,823,594575,8978,3619,496510,17868,5306,837,640,53885,0,6441,0,492,391219,489563,113
,保安里,920,683445,12834,6739,579087,27872,5513,407,692,40982,84,8423,262,550,460385,564739,713
,其　他,0,0,0,0,0,0,0,0,0,0,0,0,0,0,0,0,0
,合　計,8080,6051561,127235,98133,4867981,242918,104855,16295,6379,495207,4635,83177,262,4484,3863860,5044563,2531
大樹區,大樹里,541,371854,9764,5097,305382,12711,2360,94,160,31582,1224,3385,0,95,237687,304158,90
,九曲里,1179,780791,14663,6994,669111,30158,4657,1297,522,43676,199,8927,0,589,519498,631178,113
,久堂里,1065,767640,23705,10706,633267,36044,8827,1516,535,39039,1834,10545,0,1621,503080,637468,332
,水安里,618,431053,2089,26579,351092,18132,2186,1830,270,24867,70,3443,168,327,274685,354647,902
,水寮里,556,400314,6615,2219,339244,13611,4143,548,392,24631,1019,7534,0,356,267218,328288,207
,井腳里,314,227289,2853,3688,194891,9857,912,135,102,11054,120,3677,0,0,154175,186573,77
,小坪里,326,235046,8049,533,197523,9611,928,324,46,15687,0,1671,624,50,157292,194815,1362
,龍目里,343,236627,3707,2985,193271,8331,818,125,322,25319,24,1701,0,25,151057,194412,9
,竹寮里,746,530633,17006,3858,394859,25301,3441,869,407,77896,63,6529,39,363,302644,438417,351
,檨腳里,844,587285,10731,13478,500726,23861,3596,661,613,27800,334,5169,0,317,397187,483746,183
,興山里,203,127873,14450,1363,97921,4547,160,118,33,8457,0,824,0,0,72768,102719,3
,和山里,186,109156,1342,1231,97587,3808,175,35,44,3852,0,1060,0,21,75011,86580,5
,姑山里,215,149564,2421,610,131979,5375,330,89,128,5552,0,2703,0,379,103266,120851,19
,大坑里,297,205287,4544,2942,171544,8735,1140,531,66,14125,0,1524,0,137,134579,168323,40
,三和里,205,237523,5403,8000,171300,8575,5983,1446,289,33852,189,2205,0,280,145207,211437,415
,溪埔里,395,303492,7608,2125,261534,12721,1219,339,137,15036,0,2714,0,59,210854,253085,103
,興田里,395,242071,4738,1835,190702,12971,1899,34,93,21575,0,8150,0,74,148310,200069,534
,統嶺里,145,91112,7270,977,59635,5389,2432,259,68,13706,0,1348,0,28,45548,77025,66
,其　他,0,0,0,0,0,0,0,0,0,0,0,0,0,0,0,0,0
,合　計,8573,6034610,146957,95219,4961569,249739,45204,10249,4227,437708,5077,73110,831,4720,3900066,4973792,4812
大寮區,大寮里,1688,1168421,41836,12560,913096,36553,17030,2363,942,129383,706,11158,264,2529,701855,957181,875
,義仁里,439,307490,8451,2062,261861,9426,2069,418,166,20017,397,2559,0,63,205692,251320,92
,新厝里,364,258297,12887,6188,201224,8696,3258,611,136,20683,1166,3427,0,20,156761,213833,183
,會結里,338,247279,5518,1056,197111,5284,1090,156,143,33923,0,2980,0,17,155380,205547,38
,潮寮里,644,442198,6452,3719,380867,12644,9166,428,557,22557,0,5703,0,105,297334,358660,206
,拷潭里,370,241750,3942,4954,198112,7724,5511,383,142,18651,0,2141,0,191,153667,197305,37
,山頂里,1884,1367794,24470,24197,1145381,55944,13112,2759,907,82535,429,16841,0,1218,908820,1131233,590
,三隆里,1123,817427,23634,6899,651098,29693,10588,1962,675,84659,1151,5901,227,940,511029,677359,615
,永芳里,1848,1370092,28678,22632,1096517,50886,35745,2612,944,114138,1037,15189,0,1713,866103,1139690,583
,昭明里,916,606448,11282,5624,516267,18913,6122,459,300,40671,373,6044,39,355,399860,489558,355
"表166-E(103年度)各類所得金額各縣市鄉鎮村里統計表-縣市別：高 雄 市,單位：金額(千元)",,,,,,,,,,,,,,,,,,
鄉鎮市區,村里,納稅單位,合　　計,營利所得,執行業務所得,薪資所得,利息所得,租賃及權利金,財產交易所得,機會中獎所得,股利所得,退職所得,其他所得,稿費所得,申報大於歸戶,薪資淨所得,按薪資淨所得計算之綜合所得,稿費收入
,內坑里,1317,1060266,39122,20911,731485,27157,13509,1845,566,216034,536,8504,0,598,564344,893158,386
,上寮里,582,474577,9342,5247,358677,12042,5572,550,287,77977,0,4800,0,82,284612,400902,161
,會社里,1390,1046470,21842,14834,845744,48202,11344,2338,760,87796,1287,10636,0,1686,678142,878868,580
,後庄里,1955,1703080,58155,27210,1163258,53425,22513,2929,1095,354738,491,17615,949,703,917820,1457643,2306
,翁園里,998,738975,28002,4644,619334,22506,5865,986,522,50552,358,5906,0,299,488361,608003,54
,琉球里,1072,793908,38818,10919,622206,24625,9923,6748,418,70069,306,7893,146,1838,486640,655557,570
,江山里,462,336800,9738,3482,260667,13114,9268,800,193,37408,72,1976,0,82,201798,277930,48
,溪寮里,367,276728,17895,3468,199206,8577,4066,341,148,40135,858,1904,0,132,155119,232641,37
,義和里,498,344884,15306,8788,265281,18469,3209,1021,356,29241,214,2637,0,363,207454,287180,205
,前庄里,616,455562,6227,3604,381212,22172,2534,570,389,32969,393,5289,0,203,303367,377717,161
,中庄里,2873,2003885,52510,28282,1624507,87044,18199,4952,1247,162447,1536,21549,0,1611,1273864,1653672,670
,過溪里,671,829261,49880,5442,334881,16290,10759,772,243,405890,404,4630,0,70,253260,747640,9
,忠義里,100,62810,1492,1336,51540,2056,297,104,91,5260,0,623,0,10,40209,51478,0
,光武里,17,8731,343,5,7344,209,3,0,0,739,0,87,0,0,5549,6936,0
,中興里,1676,1219105,19666,21549,998766,63754,8612,5198,1020,87179,1332,11533,0,494,794138,1014476,593
,其　他,1,8237,0,0,8228,2,0,0,0,0,0,7,0,0,8120,8129,0
,合　計,24209,18190475,535489,249613,14033873,655407,229364,41304,12248,2225650,13046,177532,1626,15323,11019298,15173617,9353
林園區,林園里,960,736648,10962,7610,605241,34774,10586,982,832,50026,693,13723,0,1219,488432,619839,273
,溪州里,1053,730323,15894,4727,632581,18860,2292,1207,900,43056,349,10247,0,209,495233,592975,35
,潭頭里,681,511824,9688,5722,432177,15601,3025,2903,431,33278,1335,7662,0,2,345106,424753,272
,中厝里,700,482725,7869,4727,421159,14130,1728,231,176,27550,34,5103,0,17,331104,392670,132
,林內里,411,290011,5218,1483,253771,7866,1328,151,292,15496,0,3643,0,764,200573,236813,73
,王公里,1196,947169,17286,9762,811489,27087,7843,377,715,53776,591,17939,24,279,656911,792781,318
,林家里,344,264938,2537,629,237390,6976,990,385,251,11560,754,3286,0,182,192339,219888,218
,龔厝里,539,383529,2926,4619,339118,8753,941,228,355,19752,459,6284,0,95,268834,313245,30
,中門里,633,465280,17601,1214,388723,13711,1314,1004,257,35142,157,5055,1,1101,307336,383894,261
,頂厝里,1230,896983,19395,5144,790895,22996,4814,1673,596,36899,1420,12483,0,668,632131,738219,66
,港嘴里,441,292333,4639,1630,255104,7237,662,236,180,18414,294,3900,0,37,198685,235914,8
,西溪里,831,535008,8711,4551,470311,11911,1133,390,605,29123,362,7053,0,858,364533,429230,29
,中芸里,467,312968,3394,3549,275624,9487,1175,91,243,13830,385,4930,0,260,216842,254186,21
,鳳芸里,448,316266,3416,3324,276032,9089,754,35,417,17564,0,5475,0,160,218150,258384,12
,東汕里,200,129300,1638,655,115520,2465,794,279,139,4980,59,2769,0,1,91083,104863,112
,西汕里,138,86820,1822,42,79079,2177,29,0,89,2722,0,861,0,0,61869,69610,11
,北汕里,364,250768,6420,1021,218434,6904,111,300,159,13577,0,3477,360,4,173395,205729,695
,東林里,764,584420,15056,9601,470422,26447,11034,1720,344,35687,380,13339,0,391,377148,491147,119
,港埔里,443,321490,3114,4994,276516,10433,607,81,134,19075,0,6495,0,42,220928,265901,4
,仁愛里,883,734619,12779,9523,613296,33007,7514,679,367,44708,2039,10429,279,2,503213,624536,650
,文賢里,589,441614,5157,4053,363910,13707,5554,533,386,39792,466,7287,176,593,292167,369871,538
,廣應里,981,733427,11484,12524,635502,21870,2824,615,562,36340,529,10839,0,337,506806,604731,155
"表166-E(103年度)各類所得金額各縣市鄉鎮村里統計表-縣市別：高 雄 市,單位：金額(千元)",,,,,,,,,,,,,,,,,,
鄉鎮市區,村里,納稅單位,合　　計,營利所得,執行業務所得,薪資所得,利息所得,租賃及權利金,財產交易所得,機會中獎所得,股利所得,退職所得,其他所得,稿費所得,申報大於歸戶,薪資淨所得,按薪資淨所得計算之綜合所得,稿費收入
,五福里,612,399004,16905,2499,331207,7625,2039,467,246,32590,0,4982,0,444,256804,324601,19
,中汕里,504,332379,5062,1772,302293,6852,708,252,222,9337,0,5814,0,68,238157,268243,69
,其　他,0,0,0,0,0,0,0,0,0,0,0,0,0,0,0,0,0
,合　計,15412,11179846,208974,105375,9595794,339962,69797,14820,8896,644275,10307,173075,840,7731,7637779,9222023,4119
岡山區,岡山里,1393,1209627,25476,39530,800799,57350,28858,3743,838,238308,966,11557,157,2043,640896,1049720,1290
,維仁里,309,236059,6228,4655,152195,14615,20982,1183,398,30743,0,3224,45,1792,123522,207387,336
,壽天里,1098,2862141,22649,16652,712552,76405,20976,2248,1562,1982499,2826,14254,143,9376,582305,2731884,710
,後紅里,1286,1065532,20912,18073,807031,58780,14232,5909,637,128215,808,10104,86,745,637826,896327,610
,程香里,1393,1127161,25310,16092,902384,60189,11402,2073,795,90982,321,16068,0,1543,721077,945854,317
,嘉興里,1092,795862,34563,5004,599860,36780,26753,691,551,79832,0,11042,0,785,463687,659689,220
,華崗里,434,319693,20185,3609,214820,10995,7761,111,247,60487,0,1307,0,172,159240,264113,13
,潭底里,211,128931,6832,2067,99129,5628,4318,393,58,9598,0,764,0,145,71924,101726,6
,石潭里,534,472111,9192,6642,321462,23870,5396,765,301,98710,489,4966,0,317,253361,404009,312
,福興里,296,201542,4603,1265,156439,12478,2066,159,115,22077,209,2125,0,7,121078,166181,1
,忠孝里,792,621908,9864,18261,454739,65377,6865,2321,902,56210,98,6416,0,855,365940,533108,206
,平安里,409,330776,7700,15071,220223,24860,16985,398,297,41730,0,1904,0,1608,181245,291799,144
,前峰里,844,666039,15882,12539,470229,33559,9319,2388,522,110325,133,8837,0,2306,368744,564554,212
,後協里,1702,1255956,17961,15819,1015076,78786,7520,2548,1246,100995,954,14040,0,1011,806195,1047075,390
,竹圍里,2262,1863646,39356,28119,1444170,85625,29473,1594,1335,209271,2646,20117,0,1940,1144725,1564578,453
,協和里,1132,886773,20884,9549,661013,54498,6921,565,793,124420,584,7313,0,231,521223,746983,120
,劉厝里,394,310820,8267,4884,245617,17439,6186,175,268,17660,6158,3473,0,692,198536,263738,17
,灣裡里,608,485908,11647,1889,368974,20773,10392,1946,324,64843,108,4428,0,584,289382,406316,159
,白米里,551,389648,7830,3791,327996,15003,3632,238,405,25442,17,5139,0,155,255216,316869,33
,大遼里,395,274369,10248,2077,222154,10093,3466,122,393,22876,42,2308,0,590,174786,227007,13
,臺上里,1761,1827064,37373,13136,1100452,55449,14558,1570,894,585988,1667,13036,7,2934,860980,1587589,556
,信義里,583,473604,5316,1301,404257,34197,3261,303,356,21676,0,2514,0,422,331407,400760,266
,大莊里,237,261239,2423,1976,111697,6261,2974,368,175,133490,0,1566,0,309,83371,232913,1
,嘉峰里,512,372448,9089,3802,296208,14832,3645,569,413,39941,0,3150,0,798,227013,303252,34
,和平里,117,92239,1777,4435,71573,5247,1123,651,59,6447,0,928,0,0,57009,77675,7
,三和里,227,143720,4344,1561,106170,6770,1271,245,74,22008,0,1115,0,162,78534,116084,45
,本洲里,517,419680,8069,2927,295492,11810,3943,2708,242,89093,0,4290,0,1105,228830,353018,158
,仁壽里,1111,1126033,24574,22165,649239,82348,26304,4014,1606,297259,1003,13440,149,3932,522052,998847,1121
,協榮里,669,508753,7008,4665,414215,39053,4319,624,289,31993,898,5226,0,464,332875,427457,265
,碧紅里,1253,1007526,25955,13521,740244,59484,16330,2414,512,134253,1433,11010,0,2369,587636,854918,359
,爲隨里,181,123614,4314,555,86216,4846,2089,889,80,21803,0,2728,0,93,63062,100461,25
,壽峰里,777,646184,10181,12387,481183,37153,6299,555,392,88360,327,7991,92,1266,384118,549119,611
,仁義里,563,416615,2331,3823,303682,62606,1720,860,343,33688,663,5957,47,897,244647,357535,589
,其　他,7,2605,0,0,1817,726,0,0,2,35,0,24,0,0,1217,2005,0
,合　計,25650,22925828,468343,311845,15259309,1183888,331337,45341,17422,5021256,22349,222364,726,41648,12083658,19750548,9597
"表166-E(103年度)各類所得金額各縣市鄉鎮村里統計表-縣市別：高 雄 市,單位：金額(千元)",,,,,,,,,,,,,,,,,,
鄉鎮市區,村里,納稅單位,合　　計,營利所得,執行業務所得,薪資所得,利息所得,租賃及權利金,財產交易所得,機會中獎所得,股利所得,退職所得,其他所得,稿費所得,申報大於歸戶,薪資淨所得,按薪資淨所得計算之綜合所得,稿費收入
茄萣區,嘉定里,244,153170,11432,693,123761,7971,99,1279,110,5336,0,2269,0,219,95012,124421,40
,嘉安里,429,242611,5793,2531,210032,6631,680,457,299,12218,0,3153,0,817,159894,192474,68
,保定里,737,443925,10722,5429,375879,15396,1793,1681,677,28092,141,3438,0,680,288362,356409,46
,嘉福里,204,104924,1102,2187,92021,3312,963,0,102,4418,0,631,0,188,68272,81175,0
,福德里,218,141044,4005,484,111379,4134,360,114,128,19193,0,1215,0,32,85245,114911,3
,和協里,250,150818,3384,1594,133459,6448,278,287,148,4240,0,971,0,7,103123,120482,6
,萬福里,190,120823,4939,1453,97185,4341,1771,7,129,9998,0,950,0,49,74608,98246,9
,吉定里,239,158594,1542,1088,140542,4412,403,299,199,7045,976,1543,0,545,111137,129190,14
,白雲里,390,239664,5955,1310,209056,6443,1452,36,527,13101,0,1569,0,213,161710,192317,31
,光定里,210,118445,2750,2668,97148,4950,1428,79,115,8518,0,788,0,0,73379,94675,0
,嘉賜里,952,615909,16496,5184,509316,24145,3169,709,951,48773,0,6371,42,753,394168,500761,393
,崎漏里,960,620483,20139,9999,517493,18737,2271,817,986,41330,0,8370,73,270,400001,502919,565
,大定里,253,159515,4433,2059,130827,5015,2660,380,477,12383,0,1219,0,61,102879,131567,20
,嘉泰里,267,154953,3585,1827,130370,7277,286,126,357,9726,0,1177,0,221,101503,126085,14
,嘉樂里,483,280253,2628,2343,243459,11451,598,817,375,16684,96,1688,0,113,185480,222274,29
,其　他,17,8799,0,1212,6859,497,0,0,10,205,0,17,0,0,5119,7059,0
,合　計,6043,3713929,98907,42059,3128784,131161,18212,7088,5590,241262,1213,35371,115,4167,2409892,2994964,1239
永安區,永安里,386,266244,6111,5624,216014,15478,3434,289,345,16571,0,2190,0,190,170302,220532,26
,新港里,516,310988,9185,4898,263354,9878,1494,528,278,19018,0,2208,0,148,200000,247634,12
,永華里,455,324221,3186,6619,264262,16315,2637,360,276,26949,0,2874,0,742,205636,265594,161
,鹽田里,92,60057,852,167,46491,1420,930,0,26,9628,0,526,0,16,35047,48613,0
,保寧里,681,492525,17959,3737,401974,14945,3855,259,457,43251,70,5048,0,973,309726,400278,138
,維新里,1010,684919,17380,9274,561324,21657,4663,1097,587,61957,129,6123,0,728,425775,549370,112
,其　他,0,0,0,0,0,0,0,0,0,0,0,0,0,0,0,0,0
,合　計,3140,2138953,54673,30318,1753418,79693,17013,2533,1967,177374,199,18969,0,2796,1346487,1732021,449
橋頭區,橋頭里,715,684584,10276,12218,535740,38977,7388,1801,598,63076,378,10389,0,3743,444512,593356,726
,橋南里,378,323980,5920,2199,244648,20477,4985,554,238,40881,774,3028,134,141,202613,281945,577
,仕豐里,735,577066,12157,9360,464493,25312,2077,720,372,52800,29,8849,174,723,370254,482827,539
,仕隆里,740,657906,5290,7622,511100,50672,12474,1903,430,53864,2806,10917,577,251,422447,569266,1883
,新莊里,686,729454,7884,12992,521095,26164,9371,2307,1158,136035,949,10433,0,1068,434749,643109,1011
,甲南里,740,523817,9007,4547,423584,24484,13471,1479,407,41104,295,5217,0,221,331593,431907,232
,甲北里,583,416578,6767,3561,347828,18275,4132,554,239,29653,0,5182,0,387,275830,344580,29
,頂鹽里,353,274424,7981,904,220066,10893,4970,187,173,24582,10,3949,0,709,174937,229295,188
,中崎里,184,130251,3946,617,99269,5712,2385,96,103,15323,82,2122,261,334,78436,109417,555
,筆秀里,454,373804,6902,5887,270764,15121,1526,93,226,68834,189,3835,0,426,213013,316053,28
,白樹里,907,715459,10751,3960,602956,26498,3281,939,481,48150,870,14798,0,2773,482499,595002,68
,德松里,413,340369,2365,6622,286010,14649,3177,292,223,22330,105,4416,0,180,229066,283425,225
,東林里,739,558050,8739,3038,470883,23327,2695,1243,807,36908,304,9899,0,206,373769,460936,104
,西林里,431,314176,2560,4846,265657,16150,2439,367,286,17375,305,3982,0,209,211171,259689,201
"表166-E(103年度)各類所得金額各縣市鄉鎮村里統計表-縣市別：高 雄 市,單位：金額(千元)",,,,,,,,,,,,,,,,,,
鄉鎮市區,村里,納稅單位,合　　計,營利所得,執行業務所得,薪資所得,利息所得,租賃及權利金,財產交易所得,機會中獎所得,股利所得,退職所得,其他所得,稿費所得,申報大於歸戶,薪資淨所得,按薪資淨所得計算之綜合所得,稿費收入
,芋寮里,383,303708,3082,3703,253247,12869,1880,686,242,23561,180,4108,0,152,202767,253229,35
,仕和里,1206,987190,10603,14353,781484,40793,6470,1402,869,112615,870,13805,1389,2538,628390,834096,2623
,三德里,230,147733,1581,404,129801,4535,709,68,114,7566,0,2849,0,106,100748,118680,1
,其　他,1,311,0,1,307,0,0,0,0,0,0,3,0,0,199,203,0
,合　計,9878,8058859,115811,96835,6428932,374909,83430,14691,6965,794656,8145,117782,2535,14169,5176992,6807013,9023
梓官區,梓義里,572,409193,10972,8133,324415,20246,6175,1883,231,31748,571,4297,0,521,256821,341600,151
,茄苳里,592,370728,7024,3639,324483,11852,1124,1387,361,17164,0,3674,0,19,248128,294373,102
,禮蚵里,501,321563,13190,2401,266878,10348,2008,132,285,21563,46,4613,0,99,206123,260808,66
,大舍里,960,618353,12614,3005,532549,21840,2974,946,897,33468,75,8889,0,1096,409370,495173,54
,梓信里,637,449731,13218,6750,363069,18299,2740,266,289,37576,1305,5543,0,677,284062,370724,93
,智蚵里,679,445463,12322,5296,373353,15918,1225,1478,305,28727,547,5829,44,421,290639,362746,390
,赤崁里,483,321787,8413,3409,264107,7978,2645,395,374,28492,304,5431,0,239,204745,262425,4
,信蚵里,512,351911,30835,7545,260518,9763,2274,612,1085,30233,36,4711,0,4301,201195,292588,27
,梓平里,413,297936,6293,315,254185,10154,1091,216,199,20115,0,5336,0,32,198966,242717,7
,赤東里,570,340885,8970,2318,293571,11220,2303,1641,251,15988,119,4226,26,254,224183,271497,272
,赤西里,183,113754,1050,1722,101316,2603,193,145,167,4429,0,1780,0,349,78512,90950,46
,同安里,266,182963,5350,947,154017,6839,566,409,81,11947,11,2306,0,491,118986,147932,48
,中崙里,321,235703,12075,675,187363,8431,1047,822,140,21100,784,3243,0,24,144476,192816,101
,梓和里,701,490065,8936,5516,401737,19791,3925,942,820,39962,741,7572,0,123,315309,403637,97
,典寶里,794,633381,14906,4090,496035,30149,5672,1047,519,70332,601,9233,331,467,396482,533828,1160
,茄典里,6,3619,72,0,3311,173,0,0,9,12,0,43,0,0,2455,2763,0
,其　他,14,3769,13,31,3165,18,39,0,20,449,0,34,0,0,1981,2585,0
,合　計,8204,5590805,166252,55792,4604071,205621,36002,12320,6032,413306,5138,76758,400,9113,3582433,4569164,2619
田寮區,南安里,190,109835,6435,2827,85781,5817,2761,162,47,5331,0,668,0,6,63903,88414,34
,田寮里,65,46824,2525,125,34860,2209,452,0,14,6171,22,297,0,149,26998,38962,2
,三和里,57,42067,1534,75,29906,1626,2048,55,34,5527,0,535,0,727,22821,35224,0
,古亭里,80,41853,1987,411,35224,1302,103,12,72,2245,0,497,0,0,25543,32835,9
,大同里,55,29620,1864,37,22066,805,159,0,57,4496,0,136,0,0,15453,23007,0
,七星里,104,72637,841,1069,49277,4298,1286,54,27,15253,0,484,0,50,38275,61635,5
,西德里,124,74433,6141,174,57787,3248,222,114,23,6294,115,314,0,0,42892,59853,9
,崇德里,174,113966,4300,972,85607,6349,1607,70,30,14395,0,612,0,24,62950,93273,13
,新興里,313,235582,4572,1393,184269,12976,1370,70,60,27858,393,2400,0,222,142523,193835,18
,鹿埔里,70,32467,1579,658,25460,2052,157,83,11,2130,0,336,0,0,16477,24523,0
,其　他,0,0,0,0,0,0,0,0,0,0,0,0,0,0,0,0,0
,合　計,1232,799283,31778,7740,610237,40682,10164,619,375,89699,529,6280,0,1179,457835,651562,90
阿蓮區,阿蓮里,1405,1069971,25524,12440,817295,44432,6192,2157,725,152013,0,8447,18,729,630945,890424,565
,崗山里,178,117866,4754,307,96269,4207,1537,57,51,9992,0,643,0,47,74612,96208,22
,復安里,427,279649,14185,429,209047,8937,3600,224,158,41246,144,1399,0,281,155889,227133,109
,清蓮里,699,515483,18653,9697,401026,20322,4541,76,340,54458,0,5739,146,484,313222,428911,442
"表166-E(103年度)各類所得金額各縣市鄉鎮村里統計表-縣市別：高 雄 市,單位：金額(千元)",,,,,,,,,,,,,,,,,,
鄉鎮市區,村里,納稅單位,合　　計,營利所得,執行業務所得,薪資所得,利息所得,租賃及權利金,財產交易所得,機會中獎所得,股利所得,退職所得,其他所得,稿費所得,申報大於歸戶,薪資淨所得,按薪資淨所得計算之綜合所得,稿費收入
,港後里,566,400323,24819,3179,292006,16873,3046,1373,232,55265,21,3396,0,113,222658,331604,12
,石安里,316,203288,6342,1691,161024,9039,1631,0,95,22250,0,1092,0,123,123173,166179,47
,峰山里,253,159513,5495,879,133096,5632,1439,90,70,11335,0,744,0,734,100577,127448,27
,青旗里,372,274692,11015,538,202814,8009,4198,1047,104,44944,130,1781,0,114,155387,228153,262
,和蓮里,566,430497,13224,5819,356891,16598,4007,972,324,27899,0,4753,0,9,283858,358330,12
,玉庫里,258,177664,10215,874,148554,5435,1580,0,284,6879,0,3526,0,318,114575,143963,4
,中路里,498,363114,19025,1968,256248,14279,3848,457,227,65032,0,1871,0,159,195003,302188,79
,南蓮里,825,567568,17141,5315,435497,27480,3888,525,498,69008,167,7587,0,461,335016,470056,145
,其　他,2,263,0,0,263,0,0,0,0,0,0,0,0,0,155,155,0
,合　計,6365,4559890,170391,43136,3510030,181243,39508,6979,3107,560319,461,40979,164,3572,2705069,3770753,1726
路竹區,竹東里,1160,988773,29361,23084,691681,53744,11782,371,722,162626,420,12364,932,1687,548054,845146,1734
,竹西里,692,513979,14812,4964,393377,24350,7923,683,335,59906,0,7474,0,153,312634,433236,94
,竹滬里,848,630079,11876,4365,509878,26924,4236,3427,391,62707,0,5296,0,980,401284,521492,105
,竹園里,481,307683,14727,1262,260133,9978,1661,18,99,17226,0,2368,0,211,198491,246041,11
,文南里,755,640811,23700,6647,476056,32259,7827,587,804,85506,137,4703,0,2585,376441,541197,89
,文北里,948,699593,14917,6023,564631,29395,5626,336,655,67856,2028,7519,0,606,440957,575918,55
,甲南里,938,648156,14804,5800,543929,32912,3928,446,605,39398,205,5315,0,815,425988,530215,84
,甲北里,620,451745,9093,2376,373673,19300,2328,533,202,38513,63,3858,0,1805,292272,370344,125
,下坑里,692,492993,11853,7024,377986,17082,10919,183,243,61771,251,5061,0,620,290624,406134,77
,頂寮里,291,188886,4880,2084,154706,11083,811,224,149,13685,0,959,0,306,120106,154286,46
,鴨寮里,628,495432,12466,6134,365406,19959,3788,406,849,79009,1416,5703,0,299,284972,414999,431
,社東里,492,360935,8418,1449,280614,18339,3026,113,426,45547,0,2797,0,206,217923,298245,36
,社西里,647,466649,12900,11338,368390,22990,6670,425,303,37281,59,5096,0,1197,287122,385384,74
,社中里,250,164761,4840,323,134270,10381,748,65,318,10962,2,2261,0,591,103920,134412,4
,北嶺里,397,287728,9833,2956,232712,8923,1938,368,532,27214,0,3154,0,97,178965,233980,14
,三爺里,295,507362,13409,969,141195,9213,5214,324,68,335694,0,1242,0,33,106079,472245,1
,後鄉里,360,285131,5726,548,219720,10641,1924,104,278,42253,785,3130,0,22,171131,236541,21
,新達里,291,196996,4823,1203,162371,8745,694,194,182,16913,0,1868,0,3,125782,160407,53
,竹南里,914,1009376,35701,18282,573174,52453,23885,1258,373,293073,545,9614,7,1010,466202,902404,649
,社南里,1535,1272344,25882,17494,1011018,46882,16121,3107,1876,134607,931,13122,327,978,808295,1069638,1310
,其　他,1,884,0,0,838,0,47,0,0,0,0,0,0,0,622,668,0
,合　計,13235,10610297,284021,124327,7835758,465552,121093,13173,9409,1631745,6842,102906,1266,14205,6157865,8932933,5013
燕巢區,東燕里,545,368280,18849,1758,290525,11955,1881,259,332,36529,949,4376,0,867,223758,301855,84
,西燕里,891,637829,17331,8306,526080,31801,6455,1028,1085,38586,331,6338,0,488,418085,529834,131
,南燕里,932,727890,17032,18778,559419,32838,10434,1933,760,78756,5,6680,0,1256,441591,610074,257
,尖山里,228,178949,3424,4612,136798,6505,1316,92,58,20856,0,2255,0,3034,106739,148890,51
,金山里,101,64356,8987,1868,44657,2220,41,0,44,6206,0,245,0,88,33808,53506,5
,鳳雄里,574,462802,11985,4281,347176,20962,10043,752,297,60094,0,6732,0,480,276881,392507,27
,深水里,573,372018,8410,2975,298314,14453,7526,159,235,37019,279,2079,0,570,225121,300809,30
"表166-E(103年度)各類所得金額各縣市鄉鎮村里統計表-縣市別：高 雄 市,單位：金額(千元)",,,,,,,,,,,,,,,,,,
鄉鎮市區,村里,納稅單位,合　　計,營利所得,執行業務所得,薪資所得,利息所得,租賃及權利金,財產交易所得,機會中獎所得,股利所得,退職所得,其他所得,稿費所得,申報大於歸戶,薪資淨所得,按薪資淨所得計算之綜合所得,稿費收入
,角宿里,667,491704,14090,3207,386238,18262,4299,1822,329,56152,308,5772,157,1069,301413,406879,795
,橫山里,405,278858,3026,2127,226111,14117,3662,2194,180,23615,0,3524,0,302,176389,230089,33
,瓊林里,575,386434,8383,3810,311106,16442,4973,266,226,35427,0,5067,0,734,237915,313243,37
,安招里,873,657605,21429,10060,453082,24029,16881,1338,428,110995,502,8365,0,10497,347013,551536,153
,其　他,0,0,0,0,0,0,0,0,0,0,0,0,0,0,0,0,0
,合　計,6364,4626725,132945,61783,3579505,193584,67511,9842,3975,504235,2373,51432,157,19384,2788712,3839222,1602
彌陀區,彌陀里,450,319501,7450,8850,257330,15473,2141,146,454,19628,328,6087,0,1614,202052,264223,30
,彌仁里,131,79158,2530,1746,65431,2567,247,0,78,5810,0,733,0,15,49813,63541,5
,彌壽里,185,146401,1549,972,113899,7849,597,29,156,17302,1457,2303,0,287,90196,122698,51
,舊港里,346,218856,7311,2263,183132,8266,1649,525,197,11084,0,4346,0,83,139324,175047,12
,過港里,219,135395,1818,2879,113251,2741,558,132,89,12117,0,1570,0,241,85002,107146,66
,漯底里,273,165396,2357,1372,139667,7313,968,255,101,10868,0,2373,0,122,108400,134105,1
,鹽埕里,485,307699,5900,4168,264448,9237,1759,157,407,17352,0,3490,0,780,201753,245003,121
,南寮里,427,263595,7305,2494,219406,9881,1886,78,286,17958,0,2819,0,1484,167698,211887,64
,文安里,396,234866,4783,2672,201116,10016,753,451,295,11915,124,2327,0,414,151456,185206,6
,光和里,308,192694,9640,858,164114,5679,587,129,160,7278,0,2906,0,1343,123637,152216,2
,海尾里,180,107903,3170,429,94870,2739,642,77,45,3729,0,1487,0,713,71909,84942,12
,彌靖里,483,350951,8522,4540,274390,15696,1805,155,542,37995,0,4035,0,3272,214600,291162,115
,其　他,2,333,19,0,282,32,0,0,0,0,0,0,0,0,172,223,0
,合　計,3885,2522748,62355,33243,2091336,97489,13592,2135,2809,173036,1909,34476,0,10368,1606010,2037398,486
湖內區,湖內里,1049,746880,14682,6597,639807,26171,3057,696,619,47955,53,5981,124,1138,498034,604984,524
,逸賢里,280,158950,3531,4447,133031,4471,985,350,335,10342,0,1359,0,99,99995,125914,104
,中賢里,524,321336,9720,1081,258542,11104,3126,158,320,34735,0,2515,0,36,194060,256854,4
,文賢里,289,220965,5388,388,155745,8819,906,112,469,45625,0,3369,0,143,118751,183970,194
,太爺里,258,184981,11748,1435,122575,8211,4489,142,165,33765,0,2289,13,149,95401,157794,324
,大湖里,1141,1359066,26009,7104,691781,35795,4473,1352,674,584784,288,5917,25,864,543691,1210976,560
,葉厝里,766,535259,13833,2660,426787,20357,3407,1663,502,59538,91,5367,0,1054,328968,437439,76
,田尾里,329,287823,13135,4441,179872,12006,2364,145,217,73523,0,2029,0,90,139753,247704,42
,海埔里,433,267979,9119,2060,214577,13959,1749,556,278,22425,98,2944,0,215,162679,216081,30
,劉家里,202,121294,4914,2288,97737,5789,2484,5,99,6745,0,902,0,331,73916,97473,36
,公舘里,680,496505,14641,8739,394015,24020,3702,92,582,44352,27,4545,92,1699,304279,406769,387
,海山里,279,192768,5305,6300,149928,8960,1729,672,353,17790,77,1613,0,41,115247,158087,11
,忠興里,149,91274,3225,1499,76540,2563,891,26,86,4893,0,1483,0,68,57355,72089,132
,湖東里,746,562477,13702,4924,425370,16543,3315,3799,661,87323,39,3348,0,3453,331837,468943,283
,其　他,6,2123,0,174,1857,37,0,0,2,51,0,2,0,0,1374,1640,0
,合　計,7131,5549680,148952,54139,3968163,198804,36677,9768,5360,1073848,675,43661,254,9378,3065338,4646719,2708
旗山區,大林里,240,149802,3461,1323,126495,6268,2011,242,66,8203,0,1621,0,112,95895,119752,28
,中正里,273,181707,10689,4686,153577,4220,1708,92,90,4593,70,977,0,1006,118744,147462,11
,圓富里,356,212811,7714,5064,178236,7051,1277,520,264,10742,76,1824,0,44,137893,172922,39
"表166-E(103年度)各類所得金額各縣市鄉鎮村里統計表-縣市別：高 雄 市,單位：金額(千元)",,,,,,,,,,,,,,,,,,
鄉鎮市區,村里,納稅單位,合　　計,營利所得,執行業務所得,薪資所得,利息所得,租賃及權利金,財產交易所得,機會中獎所得,股利所得,退職所得,其他所得,稿費所得,申報大於歸戶,薪資淨所得,按薪資淨所得計算之綜合所得,稿費收入
,永和里,803,566758,15152,9204,459020,31627,3577,4177,528,32062,5072,5735,0,604,363311,471050,335
,瑞吉里,461,290033,8533,4089,240875,20666,2938,679,351,9392,118,2144,16,232,190229,239387,221
,竹峰里,363,309324,9799,5539,247206,23169,1835,70,86,15165,910,5475,0,69,204103,266221,227
,湄洲里,451,325607,11940,9320,233327,23964,10705,400,140,31015,133,4521,0,143,188761,281086,572
,大德里,712,507567,10126,28244,366857,42456,16605,1384,347,34240,469,6556,0,282,293406,434117,366
,太平里,549,385105,8102,11319,299350,22256,4323,631,292,32210,431,4946,828,418,239048,324803,1514
,東昌里,253,168576,1277,3365,150904,6249,678,36,60,4526,56,1425,0,0,122050,139722,145
,東平里,428,321859,11966,5746,260930,21157,3109,409,218,15050,302,2642,0,331,210912,272023,173
,廣福里,137,106985,5997,755,73615,5766,1202,62,41,18364,128,1055,0,0,58956,92326,67
,三協里,466,336188,8700,8151,273956,13588,4937,1089,161,19766,107,5710,0,23,221050,283283,555
,上洲里,188,142535,8726,874,100083,8416,2521,578,18,19399,0,1919,0,1,78654,121106,71
,鯤洲里,144,184129,1599,9379,77163,3924,583,10,65,89986,0,1388,0,33,59196,166162,8
,大山里,271,195907,8300,1301,158594,8071,915,168,194,15144,0,3212,0,9,125372,162684,59
,中洲里,129,94092,1536,538,80079,3928,297,57,145,5300,0,1557,0,656,64879,78892,20
,南洲里,265,184277,1726,3455,156041,12674,513,0,104,6937,575,2251,0,1,125711,153947,68
,新光里,166,116782,706,4876,97697,5444,797,130,57,5773,0,1212,87,1,77379,96787,318
,中寮里,22,11877,481,257,10041,121,332,133,32,113,0,366,0,0,7798,9634,0
,南勝里,423,283055,14927,3710,220565,10040,961,587,165,26566,1246,3921,0,367,167399,232216,24
,其　他,0,0,0,0,0,0,0,0,0,0,0,0,0,0,0,0,0
,合　計,7100,5074977,151459,121193,3964609,281057,61823,11455,3423,404546,9693,60456,931,4333,3150746,4265582,4819
六龜區,六龜里,135,82553,1563,863,71688,4731,102,3,217,1607,2,1777,0,0,55866,67129,0
,義寶里,198,132617,8849,2049,103517,7881,1118,0,141,7364,0,1683,0,14,81494,110593,45
,中興里,240,158336,3204,1690,126998,5583,350,402,28,18020,0,1871,0,191,99788,131127,159
,興龍里,93,44566,1494,118,38203,1714,650,96,42,1577,0,488,0,185,27340,33704,48
,新發里,127,87080,5562,157,68188,3229,1952,0,27,6906,0,344,0,716,52645,71537,68
,荖濃里,121,61937,3393,191,49840,2947,782,218,170,3739,0,657,0,0,35969,48066,3
,寶來里,123,74938,2762,188,58915,4055,1481,329,35,6736,0,436,0,0,45363,61386,10
,新興里,78,52228,281,339,43991,2200,189,96,7,4594,0,530,0,0,35402,43639,0
,新威里,111,72808,918,902,62841,3266,805,0,64,2428,0,1584,0,0,49672,59639,67
,新寮里,87,60869,1458,793,50762,3681,2291,35,39,970,157,469,0,215,40618,50725,0
,文武里,199,120920,3529,1790,101269,4420,246,296,80,7998,0,1288,0,4,78160,97811,1
,大津里,48,28591,628,314,24872,845,350,0,478,832,67,204,0,0,19087,22806,0
,其　他,0,0,0,0,0,0,0,0,0,0,0,0,0,0,0,0,0
,合　計,1560,977443,33641,9393,801085,44552,10316,1476,1329,62771,225,11332,0,1325,621405,798161,403
內門區,內門里,184,112087,4071,1047,92400,6659,735,60,31,5249,70,1765,0,0,70928,90615,7
,永富里,177,101076,4373,2410,86869,1522,259,505,110,3490,15,1441,0,82,65190,80033,0
,永吉里,66,43955,1364,234,39032,1171,119,0,9,1766,0,192,0,67,30692,35740,26
,內南里,68,39828,461,311,35353,1676,714,13,26,876,0,397,0,0,27851,32326,0
,永興里,72,37130,2143,766,28767,2736,108,0,2,2284,0,325,0,0,21289,29653,42
"表166-E(103年度)各類所得金額各縣市鄉鎮村里統計表-縣市別：高 雄 市,單位：金額(千元)",,,,,,,,,,,,,,,,,,
鄉鎮市區,村里,納稅單位,合　　計,營利所得,執行業務所得,薪資所得,利息所得,租賃及權利金,財產交易所得,機會中獎所得,股利所得,退職所得,其他所得,稿費所得,申報大於歸戶,薪資淨所得,按薪資淨所得計算之綜合所得,稿費收入
,中埔里,95,62671,1325,1172,53109,3001,386,65,49,2502,0,1062,0,0,41876,51438,29
,東埔里,85,57190,1093,568,45380,1452,104,52,32,6540,0,1963,0,6,35030,46840,5
,內豐里,225,122599,2816,497,106860,5587,1010,973,71,3845,44,506,0,392,81158,96897,7
,觀亭里,318,203203,11289,5749,158188,12550,924,335,141,9849,0,3021,0,1155,123373,168388,1
,內東里,134,78887,6184,732,62026,2208,439,1196,71,4399,0,1541,0,93,46365,63226,4
,內興里,91,45420,3886,724,38908,731,483,0,70,429,0,189,0,0,27724,34236,0
,木柵里,82,46472,2653,25,40157,1240,796,292,33,878,0,398,0,0,29607,35922,8
,溝坪里,142,77597,3159,707,64966,4634,371,0,142,3177,91,280,0,70,48482,61114,60
,石坑里,68,41772,665,61,38352,746,1175,0,17,607,0,149,0,0,29630,33050,0
,瑞山里,40,27422,2469,0,21662,1368,14,19,19,1157,0,714,0,0,17029,22789,0
,光興里,93,57148,2453,1780,43074,3020,1195,0,17,5048,0,408,0,153,32742,46816,7
,金竹里,86,44860,4675,180,34672,1339,358,0,34,3145,41,416,0,0,25600,35788,0
,三平里,90,52687,2668,197,45084,2389,836,73,21,1122,0,292,0,4,33169,40772,29
,其　他,0,0,0,0,0,0,0,0,0,0,0,0,0,0,0,0,0
,合　計,2116,1252004,57746,17161,1034859,54028,10027,3584,894,56363,261,15059,0,2021,787735,1005641,226
美濃區,泰安里,390,307332,4862,13805,238981,26749,5352,311,166,13265,1166,2563,0,112,196204,264555,88
,瀰濃里,514,414701,7720,7208,336380,28415,1456,585,556,27864,53,2029,1377,1058,276102,354298,2422
,東門里,286,218104,1511,2863,178589,15502,266,673,189,15557,347,2363,0,243,145441,185305,104
,合和里,541,392712,5402,17184,315676,23972,4644,264,209,20284,36,4052,0,987,254525,331561,333
,中圳里,437,357637,5582,2759,298701,21991,2712,2412,117,16757,3066,2830,49,660,245769,304932,542
,福安里,579,475878,9494,15212,355804,32832,4628,867,928,48282,3063,4558,0,210,287609,407683,601
,中壇里,454,359752,2756,6636,283753,26002,1806,487,340,32307,929,4735,0,1,230229,306228,253
,祿興里,542,410130,11117,4875,331742,29470,3738,1157,471,20631,885,5957,0,86,270395,348942,592
,德興里,312,237634,3944,3905,205877,11904,1732,214,211,7581,48,1937,189,91,166980,198548,1116
,清水里,379,272876,2239,1187,233961,12560,1570,329,125,18861,189,1607,0,248,186451,225366,20
,吉和里,288,203738,2834,849,174278,10832,447,111,126,10006,688,3419,0,148,138900,168360,48
,吉洋里,333,231877,6529,1857,199591,11041,1117,368,125,8687,16,2471,0,75,159248,191535,359
,吉東里,338,228723,3765,2184,190598,12906,580,547,183,15887,61,1946,0,66,151291,189416,138
,龍肚里,302,226047,2947,2732,195101,13639,718,249,146,8757,0,1637,0,121,158985,190411,62
,龍山里,415,311557,5157,1957,261611,17493,2345,742,348,17167,766,3973,0,0,212516,262463,76
,獅山里,477,330698,3579,1822,291088,12459,1080,416,132,12712,85,7305,0,21,232608,272450,261
,廣林里,261,180482,1949,972,153737,7431,1052,720,179,11172,106,3062,50,52,121919,148613,476
,廣德里,249,176933,1869,2339,151076,11288,1134,216,94,7820,15,1083,0,0,121082,146939,92
,興隆里,234,158086,1260,3003,138039,7869,556,748,142,4475,0,1927,59,7,110153,130140,284
,其　他,0,0,0,0,0,0,0,0,0,0,0,0,0,0,0,0,0
,合　計,7331,5494897,84515,93349,4534583,334356,36932,11416,4789,318072,11517,59457,1724,4186,3666407,4627744,7866
杉林區,上平里,289,177536,1848,2958,151923,12511,761,305,182,5784,39,1203,0,20,116910,142956,193
,杉林里,86,41772,879,304,32808,1707,0,0,19,4975,0,1053,0,27,23197,32161,0
,月眉里,306,217858,7068,1751,184116,13063,1450,252,121,6925,937,1985,0,191,146702,180819,53
"表166-E(103年度)各類所得金額各縣市鄉鎮村里統計表-縣市別：高 雄 市,單位：金額(千元)",,,,,,,,,,,,,,,,,,
鄉鎮市區,村里,納稅單位,合　　計,營利所得,執行業務所得,薪資所得,利息所得,租賃及權利金,財產交易所得,機會中獎所得,股利所得,退職所得,其他所得,稿費所得,申報大於歸戶,薪資淨所得,按薪資淨所得計算之綜合所得,稿費收入
,月美里,193,136734,2960,535,116222,7274,1064,608,35,5894,321,1590,0,232,92016,112528,98
,新庄里,250,169469,4197,2680,144374,9753,302,55,70,6442,0,1529,0,67,113842,139197,76
,集來里,157,91970,5541,2048,74540,3844,646,0,72,3791,0,1484,0,4,58356,75785,14
,木梓里,81,45134,1780,2301,38194,1031,158,60,8,922,0,214,0,468,29056,35996,0
,大愛里,250,131393,4257,1968,116066,2974,581,199,160,4502,0,685,0,0,85279,100745,50
,其　他,0,0,0,0,0,0,0,0,0,0,0,0,0,0,0,0,0
,合　計,1612,1011866,28529,14545,858244,52156,4963,1479,666,39235,1297,9743,0,1009,665357,820188,485
甲仙區,東安里,88,57393,2046,372,47489,3645,1364,110,25,1926,0,416,0,0,37541,47445,50
,西安里,177,123332,5270,4227,94738,11435,1532,61,102,4785,95,1084,0,3,75076,103670,80
,和安里,116,77395,5894,2040,53284,4378,971,55,69,10468,0,234,0,1,42010,66121,1
,關山里,61,31121,1902,14,26745,1187,107,0,32,799,0,308,0,27,20271,24647,4
,小林里,64,33351,192,603,28964,784,815,0,40,1606,0,346,0,0,22164,26551,0
,大田里,258,131417,8851,512,107912,3403,1314,294,57,7979,0,661,0,436,79792,103297,4
,寶隆里,109,48386,473,237,45010,1361,250,437,39,219,0,361,0,0,32135,35512,0
,其　他,0,0,0,0,0,0,0,0,0,0,0,0,0,0,0,0,0
,合　計,873,502395,24628,8004,404142,26192,6354,957,364,27782,95,3411,0,467,308989,407242,139
茂林區,茂林里,163,117196,2319,74,107645,3521,184,114,42,3106,25,167,0,0,86712,96263,26
,多納里,91,59336,1308,149,56346,475,194,0,14,470,69,308,0,3,44637,47627,31
,萬山里,79,60548,9097,1303,47277,1832,684,55,16,226,0,33,0,27,37095,50366,59
,其　他,0,0,0,0,0,0,0,0,0,0,0,0,0,0,0,0,0
,合　計,333,237080,12723,1525,211268,5828,1061,168,73,3801,95,508,0,30,168444,194256,116
桃源區,桃源里,128,82072,3343,700,72390,3479,1014,258,21,228,0,629,0,10,55132,64814,13
,寶山里,80,65185,1625,625,50509,6826,1558,2,11,3716,0,311,0,0,39713,54389,14
,建山里,113,69300,2999,147,59918,1885,62,23,21,3714,0,308,0,224,46471,55853,170
,高中里,92,67691,3094,170,59800,1879,298,0,20,1696,278,456,0,0,48854,56745,70
,勤和里,30,18362,461,119,16606,259,1,0,5,805,0,106,0,0,12591,14347,2
,復興里,44,30453,64,165,27367,1764,555,0,32,24,0,454,0,28,21371,24457,23
,拉芙蘭里,45,31960,228,18,30305,197,369,0,25,663,0,155,0,0,24020,25675,20
,梅山里,41,26587,695,0,24169,1064,37,0,7,541,0,75,0,0,18899,21318,1
,其　他,0,0,0,0,0,0,0,0,0,0,0,0,0,0,0,0,0
,合　計,573,391610,12509,1945,341063,17353,3895,283,142,11387,278,2495,0,261,267051,317598,312
那瑪夏區,南沙魯里,84,47969,338,231,45205,866,0,0,11,1136,0,181,0,0,35086,37850,64
,瑪雅里,109,87315,1143,482,81846,3211,393,0,17,28,25,131,0,39,66289,71758,16
,達卡努瓦,194,131113,4038,1716,117421,2972,165,57,59,3729,0,744,0,212,92349,106041,19
,其　他,0,0,0,0,0,0,0,0,0,0,0,0,0,0,0,0,0
,合　計,387,266396,5519,2429,244472,7049,558,57,86,4894,25,1057,0,251,193724,215649,98
其　他,其　他,98,129870,4243,3381,96615,5023,1097,2978,34,14813,0,1602,0,84,83977,117336,29
,合　計,98,129870,4243,3381,96615,5023,1097,2978,34,14813,0,1602,0,84,83977,117336,29
